Script started on 2026-08-05 19:31:56+00:00 [COMMAND="scripts/build-debs.sh" <not executed on terminal>]
+ ./scripts/print-and-verify-git-tag.py
$ git log -1 --oneline --show-signature
5903639 (grafted, HEAD -> main, origin/main) gpg: directory '/home/runner/.gnupg' created
gpg: keybox '/home/runner/.gnupg/pubring.kbx' created
gpg: Signature made Wed Aug  5 19:24:39 2026 UTC
gpg:                using RSA key B5690EEEBB952194
gpg: Can't check signature: No public key
Merge pull request #3671 from freedomofpress/dependabot/pip/zizmor-1.28.0
$ git status --short
?? securedrop-builder/
++ pwd
+ OCI_RUN_ARGUMENTS='--user=root -v /home/runner/work/securedrop-client/securedrop-client:/src:Z'
+ [[ true == \t\r\u\e ]]
+ OCI_BIN=docker
+ test -t 0
+ OCI_RUN_ARGUMENTS='--user=root -v /home/runner/work/securedrop-client/securedrop-client:/src:Z -it'
++ realpath securedrop-builder
+ BUILDER=/home/runner/work/securedrop-client/securedrop-client/securedrop-builder
+ [[ ! -d /home/runner/work/securedrop-client/securedrop-client/securedrop-builder ]]
+ export BUILDER
+ export DEBIAN_VERSION=trixie
+ DEBIAN_VERSION=trixie
+ export OCI_RUN_ARGUMENTS
+ export OCI_BIN
+ export CONTAINER=fpf.local/sd-client-builder-trixie
+ CONTAINER=fpf.local/sd-client-builder-trixie
+ . ./scripts/image_prep.sh
++ set -euxo pipefail
+++ git rev-parse --show-toplevel
++ cd /home/runner/work/securedrop-client/securedrop-client
++ missing=false
++ docker inspect fpf.local/sd-client-builder-trixie
++ missing=true
++ true
++ docker build -t fpf.local/sd-client-builder-trixie scripts/ --no-cache --build-arg DISTRO=trixie
[1A[1B[0G[?25l[+] Building 0.0s (0/1)                                          docker:default
[?25h[1A[0G[?25l[+] Building 0.2s (1/3)                                          docker:default
[34m => [internal] load build definition from Dockerfile                       0.0s
[0m[34m => => transferring dockerfile: 1.54kB                                     0.0s
[0m => [internal] load metadata for docker.io/library/debian:trixie           0.1s
 => [auth] library/debian:pull token for registry-1.docker.io              0.0s
[?25h[1A[1A[1A[1A[1A[0G[?25l[+] Building 0.3s (2/3)                                          docker:default
[34m => [internal] load build definition from Dockerfile                       0.0s
[0m[34m => => transferring dockerfile: 1.54kB                                     0.0s
[0m => [internal] load metadata for docker.io/library/debian:trixie           0.3s
[34m => [auth] library/debian:pull token for registry-1.docker.io              0.0s
[0m[?25h[1A[1A[1A[1A[1A[0G[?25l[+] Building 0.5s (2/3)                                          docker:default
[34m => [internal] load build definition from Dockerfile                       0.0s
[0m[34m => => transferring dockerfile: 1.54kB                                     0.0s
[0m => [internal] load metadata for docker.io/library/debian:trixie           0.4s
[34m => [auth] library/debian:pull token for registry-1.docker.io              0.0s
[0m[?25h[1A[1A[1A[1A[1A[0G[?25l[+] Building 0.6s (3/3)                                          docker:default
[34m => [internal] load build definition from Dockerfile                       0.0s
[0m[34m => => transferring dockerfile: 1.54kB                                     0.0s
[0m[34m => [internal] load metadata for docker.io/library/debian:trixie           0.6s
[0m[34m => [auth] library/debian:pull token for registry-1.docker.io              0.0s
[0m[?25h[1A[1A[1A[1A[1A[0G[?25l[+] Building 0.8s (5/11)                                         docker:default
 => [1/6] FROM docker.io/library/debian:trixie@sha256:34cd9e9fd437c0a095e  0.1s
[34m => => resolve docker.io/library/debian:trixie@sha256:34cd9e9fd437c0a095e  0.0s
[0m[34m => => sha256:34cd9e9fd437c0a095ec39cb2e73422c9f30821b0d0 8.93kB / 8.93kB  0.0s
[0m[34m => => sha256:d8f17b92dc7ff10f9c1fdecab0ad21103d1d24aed82 1.02kB / 1.02kB  0.0s
[0m[34m => => sha256:826a5616954ee645ca5c165d4c8c960d4d8d444347838cf 451B / 451B  0.0s
[0m => => sha256:1da3cb2f93f2ca3c5bdaf4c024a7f1ebd717938d20c858 0B / 49.31MB  0.1s
[34m => [internal] load build context                                          0.0s
[0m[34m => => transferring context: 3.75kB                                        0.0s
[0m[?25h[1A[1A[1A[1A[1A[1A[1A[1A[1A[0G[?25l[+] Building 1.0s (5/11)                                         docker:default
 => [1/6] FROM docker.io/library/debian:trixie@sha256:34cd9e9fd437c0a095e  0.3s
[34m => => resolve docker.io/library/debian:trixie@sha256:34cd9e9fd437c0a095e  0.0s
[0m[34m => => sha256:34cd9e9fd437c0a095ec39cb2e73422c9f30821b0d0 8.93kB / 8.93kB  0.0s
[0m[34m => => sha256:d8f17b92dc7ff10f9c1fdecab0ad21103d1d24aed82 1.02kB / 1.02kB  0.0s
[0m[34m => => sha256:826a5616954ee645ca5c165d4c8c960d4d8d444347838cf 451B / 451B  0.0s
[0m => => sha256:1da3cb2f93f2ca3c5bdaf4c024a7f1ebd717938d2 33.55MB / 49.31MB  0.3s
[34m => [internal] load build context                                          0.0s
[0m[34m => => transferring context: 3.75kB                                        0.0s
[0m[?25h[1A[1A[1A[1A[1A[1A[1A[1A[1A[0G[?25l[+] Building 1.1s (5/11)                                         docker:default
 => [1/6] FROM docker.io/library/debian:trixie@sha256:34cd9e9fd437c0a095e  0.4s
[34m => => sha256:34cd9e9fd437c0a095ec39cb2e73422c9f30821b0d0 8.93kB / 8.93kB  0.0s
[0m[34m => => sha256:d8f17b92dc7ff10f9c1fdecab0ad21103d1d24aed82 1.02kB / 1.02kB  0.0s
[0m[34m => => sha256:826a5616954ee645ca5c165d4c8c960d4d8d444347838cf 451B / 451B  0.0s
[0m[34m => => sha256:1da3cb2f93f2ca3c5bdaf4c024a7f1ebd717938d2 49.31MB / 49.31MB  0.4s
[0m => => extracting sha256:1da3cb2f93f2ca3c5bdaf4c024a7f1ebd717938d20c858e4  0.0s
[34m => [internal] load build context                                          0.0s
[0m[34m => => transferring context: 3.75kB                                        0.0s
[0m[?25h[1A[1A[1A[1A[1A[1A[1A[1A[1A[0G[?25l[+] Building 1.2s (5/11)                                         docker:default
 => [1/6] FROM docker.io/library/debian:trixie@sha256:34cd9e9fd437c0a095e  0.5s
[34m => => sha256:34cd9e9fd437c0a095ec39cb2e73422c9f30821b0d0 8.93kB / 8.93kB  0.0s
[0m[34m => => sha256:d8f17b92dc7ff10f9c1fdecab0ad21103d1d24aed82 1.02kB / 1.02kB  0.0s
[0m[34m => => sha256:826a5616954ee645ca5c165d4c8c960d4d8d444347838cf 451B / 451B  0.0s
[0m[34m => => sha256:1da3cb2f93f2ca3c5bdaf4c024a7f1ebd717938d2 49.31MB / 49.31MB  0.4s
[0m => => extracting sha256:1da3cb2f93f2ca3c5bdaf4c024a7f1ebd717938d20c858e4  0.1s
[34m => [internal] load build context                                          0.0s
[0m[34m => => transferring context: 3.75kB                                        0.0s
[0m[?25h[1A[1A[1A[1A[1A[1A[1A[1A[1A[0G[?25l[+] Building 1.3s (5/11)                                         docker:default
 => [1/6] FROM docker.io/library/debian:trixie@sha256:34cd9e9fd437c0a095e  0.6s
[34m => => sha256:34cd9e9fd437c0a095ec39cb2e73422c9f30821b0d0 8.93kB / 8.93kB  0.0s
[0m[34m => => sha256:d8f17b92dc7ff10f9c1fdecab0ad21103d1d24aed82 1.02kB / 1.02kB  0.0s
[0m[34m => => sha256:826a5616954ee645ca5c165d4c8c960d4d8d444347838cf 451B / 451B  0.0s
[0m[34m => => sha256:1da3cb2f93f2ca3c5bdaf4c024a7f1ebd717938d2 49.31MB / 49.31MB  0.4s
[0m => => extracting sha256:1da3cb2f93f2ca3c5bdaf4c024a7f1ebd717938d20c858e4  0.2s
[34m => [internal] load build context                                          0.0s
[0m[34m => => transferring context: 3.75kB                                        0.0s
[0m[?25h[1A[1A[1A[1A[1A[1A[1A[1A[1A[0G[?25l[+] Building 1.4s (5/11)                                         docker:default
 => [1/6] FROM docker.io/library/debian:trixie@sha256:34cd9e9fd437c0a095e  0.7s
[34m => => sha256:34cd9e9fd437c0a095ec39cb2e73422c9f30821b0d0 8.93kB / 8.93kB  0.0s
[0m[34m => => sha256:d8f17b92dc7ff10f9c1fdecab0ad21103d1d24aed82 1.02kB / 1.02kB  0.0s
[0m[34m => => sha256:826a5616954ee645ca5c165d4c8c960d4d8d444347838cf 451B / 451B  0.0s
[0m[34m => => sha256:1da3cb2f93f2ca3c5bdaf4c024a7f1ebd717938d2 49.31MB / 49.31MB  0.4s
[0m => => extracting sha256:1da3cb2f93f2ca3c5bdaf4c024a7f1ebd717938d20c858e4  0.3s
[34m => [internal] load build context                                          0.0s
[0m[34m => => transferring context: 3.75kB                                        0.0s
[0m[?25h[1A[1A[1A[1A[1A[1A[1A[1A[1A[0G[?25l[+] Building 1.5s (5/11)                                         docker:default
 => [1/6] FROM docker.io/library/debian:trixie@sha256:34cd9e9fd437c0a095e  0.9s
[34m => => sha256:34cd9e9fd437c0a095ec39cb2e73422c9f30821b0d0 8.93kB / 8.93kB  0.0s
[0m[34m => => sha256:d8f17b92dc7ff10f9c1fdecab0ad21103d1d24aed82 1.02kB / 1.02kB  0.0s
[0m[34m => => sha256:826a5616954ee645ca5c165d4c8c960d4d8d444347838cf 451B / 451B  0.0s
[0m[34m => => sha256:1da3cb2f93f2ca3c5bdaf4c024a7f1ebd717938d2 49.31MB / 49.31MB  0.4s
[0m => => extracting sha256:1da3cb2f93f2ca3c5bdaf4c024a7f1ebd717938d20c858e4  0.4s
[34m => [internal] load build context                                          0.0s
[0m[34m => => transferring context: 3.75kB                                        0.0s
[0m[?25h[1A[1A[1A[1A[1A[1A[1A[1A[1A[0G[?25l[+] Building 1.6s (5/11)                                         docker:default
 => [1/6] FROM docker.io/library/debian:trixie@sha256:34cd9e9fd437c0a095e  1.0s
[34m => => sha256:34cd9e9fd437c0a095ec39cb2e73422c9f30821b0d0 8.93kB / 8.93kB  0.0s
[0m[34m => => sha256:d8f17b92dc7ff10f9c1fdecab0ad21103d1d24aed82 1.02kB / 1.02kB  0.0s
[0m[34m => => sha256:826a5616954ee645ca5c165d4c8c960d4d8d444347838cf 451B / 451B  0.0s
[0m[34m => => sha256:1da3cb2f93f2ca3c5bdaf4c024a7f1ebd717938d2 49.31MB / 49.31MB  0.4s
[0m => => extracting sha256:1da3cb2f93f2ca3c5bdaf4c024a7f1ebd717938d20c858e4  0.6s
[34m => [internal] load build context                                          0.0s
[0m[34m => => transferring context: 3.75kB                                        0.0s
[0m[?25h[1A[1A[1A[1A[1A[1A[1A[1A[1A[0G[?25l[+] Building 1.8s (5/11)                                         docker:default
 => [1/6] FROM docker.io/library/debian:trixie@sha256:34cd9e9fd437c0a095e  1.1s
[34m => => sha256:34cd9e9fd437c0a095ec39cb2e73422c9f30821b0d0 8.93kB / 8.93kB  0.0s
[0m[34m => => sha256:d8f17b92dc7ff10f9c1fdecab0ad21103d1d24aed82 1.02kB / 1.02kB  0.0s
[0m[34m => => sha256:826a5616954ee645ca5c165d4c8c960d4d8d444347838cf 451B / 451B  0.0s
[0m[34m => => sha256:1da3cb2f93f2ca3c5bdaf4c024a7f1ebd717938d2 49.31MB / 49.31MB  0.4s
[0m => => extracting sha256:1da3cb2f93f2ca3c5bdaf4c024a7f1ebd717938d20c858e4  0.7s
[34m => [internal] load build context                                          0.0s
[0m[34m => => transferring context: 3.75kB                                        0.0s
[0m[?25h[1A[1A[1A[1A[1A[1A[1A[1A[1A[0G[?25l[+] Building 1.9s (5/11)                                         docker:default
 => [1/6] FROM docker.io/library/debian:trixie@sha256:34cd9e9fd437c0a095e  1.2s
[34m => => sha256:34cd9e9fd437c0a095ec39cb2e73422c9f30821b0d0 8.93kB / 8.93kB  0.0s
[0m[34m => => sha256:d8f17b92dc7ff10f9c1fdecab0ad21103d1d24aed82 1.02kB / 1.02kB  0.0s
[0m[34m => => sha256:826a5616954ee645ca5c165d4c8c960d4d8d444347838cf 451B / 451B  0.0s
[0m[34m => => sha256:1da3cb2f93f2ca3c5bdaf4c024a7f1ebd717938d2 49.31MB / 49.31MB  0.4s
[0m => => extracting sha256:1da3cb2f93f2ca3c5bdaf4c024a7f1ebd717938d20c858e4  0.8s
[34m => [internal] load build context                                          0.0s
[0m[34m => => transferring context: 3.75kB                                        0.0s
[0m[?25h[1A[1A[1A[1A[1A[1A[1A[1A[1A[0G[?25l[+] Building 2.0s (5/11)                                         docker:default
 => [1/6] FROM docker.io/library/debian:trixie@sha256:34cd9e9fd437c0a095e  1.3s
[34m => => sha256:34cd9e9fd437c0a095ec39cb2e73422c9f30821b0d0 8.93kB / 8.93kB  0.0s
[0m[34m => => sha256:d8f17b92dc7ff10f9c1fdecab0ad21103d1d24aed82 1.02kB / 1.02kB  0.0s
[0m[34m => => sha256:826a5616954ee645ca5c165d4c8c960d4d8d444347838cf 451B / 451B  0.0s
[0m[34m => => sha256:1da3cb2f93f2ca3c5bdaf4c024a7f1ebd717938d2 49.31MB / 49.31MB  0.4s
[0m => => extracting sha256:1da3cb2f93f2ca3c5bdaf4c024a7f1ebd717938d20c858e4  0.9s
[34m => [internal] load build context                                          0.0s
[0m[34m => => transferring context: 3.75kB                                        0.0s
[0m[?25h[1A[1A[1A[1A[1A[1A[1A[1A[1A[0G[?25l[+] Building 2.1s (5/11)                                         docker:default
 => [1/6] FROM docker.io/library/debian:trixie@sha256:34cd9e9fd437c0a095e  1.4s
[34m => => sha256:34cd9e9fd437c0a095ec39cb2e73422c9f30821b0d0 8.93kB / 8.93kB  0.0s
[0m[34m => => sha256:d8f17b92dc7ff10f9c1fdecab0ad21103d1d24aed82 1.02kB / 1.02kB  0.0s
[0m[34m => => sha256:826a5616954ee645ca5c165d4c8c960d4d8d444347838cf 451B / 451B  0.0s
[0m[34m => => sha256:1da3cb2f93f2ca3c5bdaf4c024a7f1ebd717938d2 49.31MB / 49.31MB  0.4s
[0m => => extracting sha256:1da3cb2f93f2ca3c5bdaf4c024a7f1ebd717938d20c858e4  1.0s
[34m => [internal] load build context                                          0.0s
[0m[34m => => transferring context: 3.75kB                                        0.0s
[0m[?25h[1A[1A[1A[1A[1A[1A[1A[1A[1A[0G[?25l[+] Building 2.2s (5/11)                                         docker:default
 => [1/6] FROM docker.io/library/debian:trixie@sha256:34cd9e9fd437c0a095e  1.6s
[34m => => sha256:34cd9e9fd437c0a095ec39cb2e73422c9f30821b0d0 8.93kB / 8.93kB  0.0s
[0m[34m => => sha256:d8f17b92dc7ff10f9c1fdecab0ad21103d1d24aed82 1.02kB / 1.02kB  0.0s
[0m[34m => => sha256:826a5616954ee645ca5c165d4c8c960d4d8d444347838cf 451B / 451B  0.0s
[0m[34m => => sha256:1da3cb2f93f2ca3c5bdaf4c024a7f1ebd717938d2 49.31MB / 49.31MB  0.4s
[0m => => extracting sha256:1da3cb2f93f2ca3c5bdaf4c024a7f1ebd717938d20c858e4  1.1s
[34m => [internal] load build context                                          0.0s
[0m[34m => => transferring context: 3.75kB                                        0.0s
[0m[?25h[1A[1A[1A[1A[1A[1A[1A[1A[1A[0G[?25l[+] Building 2.4s (5/11)                                         docker:default
 => [1/6] FROM docker.io/library/debian:trixie@sha256:34cd9e9fd437c0a095e  1.7s
[34m => => sha256:34cd9e9fd437c0a095ec39cb2e73422c9f30821b0d0 8.93kB / 8.93kB  0.0s
[0m[34m => => sha256:d8f17b92dc7ff10f9c1fdecab0ad21103d1d24aed82 1.02kB / 1.02kB  0.0s
[0m[34m => => sha256:826a5616954ee645ca5c165d4c8c960d4d8d444347838cf 451B / 451B  0.0s
[0m[34m => => sha256:1da3cb2f93f2ca3c5bdaf4c024a7f1ebd717938d2 49.31MB / 49.31MB  0.4s
[0m => => extracting sha256:1da3cb2f93f2ca3c5bdaf4c024a7f1ebd717938d20c858e4  1.3s
[34m => [internal] load build context                                          0.0s
[0m[34m => => transferring context: 3.75kB                                        0.0s
[0m[?25h[1A[1A[1A[1A[1A[1A[1A[1A[1A[0G[?25l[+] Building 2.4s (5/11)                                         docker:default
 => [1/6] FROM docker.io/library/debian:trixie@sha256:34cd9e9fd437c0a095e  1.8s
[34m => => sha256:34cd9e9fd437c0a095ec39cb2e73422c9f30821b0d0 8.93kB / 8.93kB  0.0s
[0m[34m => => sha256:d8f17b92dc7ff10f9c1fdecab0ad21103d1d24aed82 1.02kB / 1.02kB  0.0s
[0m[34m => => sha256:826a5616954ee645ca5c165d4c8c960d4d8d444347838cf 451B / 451B  0.0s
[0m[34m => => sha256:1da3cb2f93f2ca3c5bdaf4c024a7f1ebd717938d2 49.31MB / 49.31MB  0.4s
[0m => => extracting sha256:1da3cb2f93f2ca3c5bdaf4c024a7f1ebd717938d20c858e4  1.4s
[34m => [internal] load build context                                          0.0s
[0m[34m => => transferring context: 3.75kB                                        0.0s
[0m[?25h[1A[1A[1A[1A[1A[1A[1A[1A[1A[0G[?25l[+] Building 2.6s (6/11)                                         docker:default
[34m => => resolve docker.io/library/debian:trixie@sha256:34cd9e9fd437c0a095e  0.0s
[0m[34m => => sha256:34cd9e9fd437c0a095ec39cb2e73422c9f30821b0d0 8.93kB / 8.93kB  0.0s
[0m[34m => => sha256:d8f17b92dc7ff10f9c1fdecab0ad21103d1d24aed82 1.02kB / 1.02kB  0.0s
[0m[34m => => sha256:826a5616954ee645ca5c165d4c8c960d4d8d444347838cf 451B / 451B  0.0s
[0m[34m => => sha256:1da3cb2f93f2ca3c5bdaf4c024a7f1ebd717938d2 49.31MB / 49.31MB  0.4s
[0m[34m => => extracting sha256:1da3cb2f93f2ca3c5bdaf4c024a7f1ebd717938d20c858e4  1.4s
[0m[34m => [internal] load build context                                          0.0s
[0m[34m => => transferring context: 3.75kB                                        0.0s
[0m[?25h[1A[1A[1A[1A[1A[1A[1A[1A[1A[0G[?25l[+] Building 2.7s (6/11)                                         docker:default
[34m => => sha256:34cd9e9fd437c0a095ec39cb2e73422c9f30821b0d0 8.93kB / 8.93kB  0.0s
[0m[34m => => sha256:d8f17b92dc7ff10f9c1fdecab0ad21103d1d24aed82 1.02kB / 1.02kB  0.0s
[0m[34m => => sha256:826a5616954ee645ca5c165d4c8c960d4d8d444347838cf 451B / 451B  0.0s
[0m[34m => => sha256:1da3cb2f93f2ca3c5bdaf4c024a7f1ebd717938d2 49.31MB / 49.31MB  0.4s
[0m[34m => => extracting sha256:1da3cb2f93f2ca3c5bdaf4c024a7f1ebd717938d20c858e4  1.4s
[0m[34m => [internal] load build context                                          0.0s
[0m[34m => => transferring context: 3.75kB                                        0.0s
[0m => [2/6] RUN apt-get update && apt-get --yes upgrade && apt-get install   0.2s
[?25h[1A[1A[1A[1A[1A[1A[1A[1A[1A[0G[?25l[+] Building 2.8s (6/11)                                         docker:default
[34m => => sha256:34cd9e9fd437c0a095ec39cb2e73422c9f30821b0d0 8.93kB / 8.93kB  0.0s
[0m[34m => => sha256:d8f17b92dc7ff10f9c1fdecab0ad21103d1d24aed82 1.02kB / 1.02kB  0.0s
[0m[34m => => sha256:826a5616954ee645ca5c165d4c8c960d4d8d444347838cf 451B / 451B  0.0s
[0m[34m => => sha256:1da3cb2f93f2ca3c5bdaf4c024a7f1ebd717938d2 49.31MB / 49.31MB  0.4s
[0m[34m => => extracting sha256:1da3cb2f93f2ca3c5bdaf4c024a7f1ebd717938d20c858e4  1.4s
[0m[34m => [internal] load build context                                          0.0s
[0m[34m => => transferring context: 3.75kB                                        0.0s
[0m => [2/6] RUN apt-get update && apt-get --yes upgrade && apt-get install   0.3s
[?25h[1A[1A[1A[1A[1A[1A[1A[1A[1A[0G[?25l[+] Building 2.9s (6/11)                                         docker:default
[34m => => sha256:34cd9e9fd437c0a095ec39cb2e73422c9f30821b0d0 8.93kB / 8.93kB  0.0s
[0m[34m => => sha256:d8f17b92dc7ff10f9c1fdecab0ad21103d1d24aed82 1.02kB / 1.02kB  0.0s
[0m[34m => => sha256:826a5616954ee645ca5c165d4c8c960d4d8d444347838cf 451B / 451B  0.0s
[0m[34m => => sha256:1da3cb2f93f2ca3c5bdaf4c024a7f1ebd717938d2 49.31MB / 49.31MB  0.4s
[0m[34m => => extracting sha256:1da3cb2f93f2ca3c5bdaf4c024a7f1ebd717938d20c858e4  1.4s
[0m[34m => [internal] load build context                                          0.0s
[0m[34m => => transferring context: 3.75kB                                        0.0s
[0m => [2/6] RUN apt-get update && apt-get --yes upgrade && apt-get install   0.4s
[?25h[1A[1A[1A[1A[1A[1A[1A[1A[1A[0G[?25l[+] Building 3.0s (6/11)                                         docker:default
[34m => => sha256:34cd9e9fd437c0a095ec39cb2e73422c9f30821b0d0 8.93kB / 8.93kB  0.0s
[0m[34m => => sha256:d8f17b92dc7ff10f9c1fdecab0ad21103d1d24aed82 1.02kB / 1.02kB  0.0s
[0m[34m => => sha256:826a5616954ee645ca5c165d4c8c960d4d8d444347838cf 451B / 451B  0.0s
[0m[34m => => sha256:1da3cb2f93f2ca3c5bdaf4c024a7f1ebd717938d2 49.31MB / 49.31MB  0.4s
[0m[34m => => extracting sha256:1da3cb2f93f2ca3c5bdaf4c024a7f1ebd717938d20c858e4  1.4s
[0m[34m => [internal] load build context                                          0.0s
[0m[34m => => transferring context: 3.75kB                                        0.0s
[0m => [2/6] RUN apt-get update && apt-get --yes upgrade && apt-get install   0.5s
[?25h[1A[1A[1A[1A[1A[1A[1A[1A[1A[0G[?25l[+] Building 3.2s (6/11)                                         docker:default
[34m => => sha256:34cd9e9fd437c0a095ec39cb2e73422c9f30821b0d0 8.93kB / 8.93kB  0.0s
[0m[34m => => sha256:d8f17b92dc7ff10f9c1fdecab0ad21103d1d24aed82 1.02kB / 1.02kB  0.0s
[0m[34m => => sha256:826a5616954ee645ca5c165d4c8c960d4d8d444347838cf 451B / 451B  0.0s
[0m[34m => => sha256:1da3cb2f93f2ca3c5bdaf4c024a7f1ebd717938d2 49.31MB / 49.31MB  0.4s
[0m[34m => => extracting sha256:1da3cb2f93f2ca3c5bdaf4c024a7f1ebd717938d20c858e4  1.4s
[0m[34m => [internal] load build context                                          0.0s
[0m[34m => => transferring context: 3.75kB                                        0.0s
[0m => [2/6] RUN apt-get update && apt-get --yes upgrade && apt-get install   0.7s
[?25h[1A[1A[1A[1A[1A[1A[1A[1A[1A[0G[?25l[+] Building 3.4s (6/11)                                         docker:default
[34m => => sha256:34cd9e9fd437c0a095ec39cb2e73422c9f30821b0d0 8.93kB / 8.93kB  0.0s
[0m[34m => => sha256:d8f17b92dc7ff10f9c1fdecab0ad21103d1d24aed82 1.02kB / 1.02kB  0.0s
[0m[34m => => sha256:826a5616954ee645ca5c165d4c8c960d4d8d444347838cf 451B / 451B  0.0s
[0m[34m => => sha256:1da3cb2f93f2ca3c5bdaf4c024a7f1ebd717938d2 49.31MB / 49.31MB  0.4s
[0m[34m => => extracting sha256:1da3cb2f93f2ca3c5bdaf4c024a7f1ebd717938d20c858e4  1.4s
[0m[34m => [internal] load build context                                          0.0s
[0m[34m => => transferring context: 3.75kB                                        0.0s
[0m => [2/6] RUN apt-get update && apt-get --yes upgrade && apt-get install   0.8s
[?25h[1A[1A[1A[1A[1A[1A[1A[1A[1A[0G[?25l[+] Building 3.5s (6/11)                                         docker:default
[34m => => sha256:34cd9e9fd437c0a095ec39cb2e73422c9f30821b0d0 8.93kB / 8.93kB  0.0s
[0m[34m => => sha256:d8f17b92dc7ff10f9c1fdecab0ad21103d1d24aed82 1.02kB / 1.02kB  0.0s
[0m[34m => => sha256:826a5616954ee645ca5c165d4c8c960d4d8d444347838cf 451B / 451B  0.0s
[0m[34m => => sha256:1da3cb2f93f2ca3c5bdaf4c024a7f1ebd717938d2 49.31MB / 49.31MB  0.4s
[0m[34m => => extracting sha256:1da3cb2f93f2ca3c5bdaf4c024a7f1ebd717938d20c858e4  1.4s
[0m[34m => [internal] load build context                                          0.0s
[0m[34m => => transferring context: 3.75kB                                        0.0s
[0m => [2/6] RUN apt-get update && apt-get --yes upgrade && apt-get install   1.0s
[?25h[1A[1A[1A[1A[1A[1A[1A[1A[1A[0G[?25l[+] Building 3.7s (6/11)                                         docker:default
[34m => => sha256:34cd9e9fd437c0a095ec39cb2e73422c9f30821b0d0 8.93kB / 8.93kB  0.0s
[0m[34m => => sha256:d8f17b92dc7ff10f9c1fdecab0ad21103d1d24aed82 1.02kB / 1.02kB  0.0s
[0m[34m => => sha256:826a5616954ee645ca5c165d4c8c960d4d8d444347838cf 451B / 451B  0.0s
[0m[34m => => sha256:1da3cb2f93f2ca3c5bdaf4c024a7f1ebd717938d2 49.31MB / 49.31MB  0.4s
[0m[34m => => extracting sha256:1da3cb2f93f2ca3c5bdaf4c024a7f1ebd717938d20c858e4  1.4s
[0m[34m => [internal] load build context                                          0.0s
[0m[34m => => transferring context: 3.75kB                                        0.0s
[0m => [2/6] RUN apt-get update && apt-get --yes upgrade && apt-get install   1.1s
[?25h[1A[1A[1A[1A[1A[1A[1A[1A[1A[0G[?25l[+] Building 3.8s (6/11)                                         docker:default
[34m => => sha256:34cd9e9fd437c0a095ec39cb2e73422c9f30821b0d0 8.93kB / 8.93kB  0.0s
[0m[34m => => sha256:d8f17b92dc7ff10f9c1fdecab0ad21103d1d24aed82 1.02kB / 1.02kB  0.0s
[0m[34m => => sha256:826a5616954ee645ca5c165d4c8c960d4d8d444347838cf 451B / 451B  0.0s
[0m[34m => => sha256:1da3cb2f93f2ca3c5bdaf4c024a7f1ebd717938d2 49.31MB / 49.31MB  0.4s
[0m[34m => => extracting sha256:1da3cb2f93f2ca3c5bdaf4c024a7f1ebd717938d20c858e4  1.4s
[0m[34m => [internal] load build context                                          0.0s
[0m[34m => => transferring context: 3.75kB                                        0.0s
[0m => [2/6] RUN apt-get update && apt-get --yes upgrade && apt-get install   1.2s
[?25h[1A[1A[1A[1A[1A[1A[1A[1A[1A[0G[?25l[+] Building 3.9s (6/11)                                         docker:default
[34m => => sha256:34cd9e9fd437c0a095ec39cb2e73422c9f30821b0d0 8.93kB / 8.93kB  0.0s
[0m[34m => => sha256:d8f17b92dc7ff10f9c1fdecab0ad21103d1d24aed82 1.02kB / 1.02kB  0.0s
[0m[34m => => sha256:826a5616954ee645ca5c165d4c8c960d4d8d444347838cf 451B / 451B  0.0s
[0m[34m => => sha256:1da3cb2f93f2ca3c5bdaf4c024a7f1ebd717938d2 49.31MB / 49.31MB  0.4s
[0m[34m => => extracting sha256:1da3cb2f93f2ca3c5bdaf4c024a7f1ebd717938d20c858e4  1.4s
[0m[34m => [internal] load build context                                          0.0s
[0m[34m => => transferring context: 3.75kB                                        0.0s
[0m => [2/6] RUN apt-get update && apt-get --yes upgrade && apt-get install   1.3s
[?25h[1A[1A[1A[1A[1A[1A[1A[1A[1A[0G[?25l[+] Building 4.1s (6/11)                                         docker:default
[34m => => sha256:34cd9e9fd437c0a095ec39cb2e73422c9f30821b0d0 8.93kB / 8.93kB  0.0s
[0m[34m => => sha256:d8f17b92dc7ff10f9c1fdecab0ad21103d1d24aed82 1.02kB / 1.02kB  0.0s
[0m[34m => => sha256:826a5616954ee645ca5c165d4c8c960d4d8d444347838cf 451B / 451B  0.0s
[0m[34m => => sha256:1da3cb2f93f2ca3c5bdaf4c024a7f1ebd717938d2 49.31MB / 49.31MB  0.4s
[0m[34m => => extracting sha256:1da3cb2f93f2ca3c5bdaf4c024a7f1ebd717938d20c858e4  1.4s
[0m[34m => [internal] load build context                                          0.0s
[0m[34m => => transferring context: 3.75kB                                        0.0s
[0m => [2/6] RUN apt-get update && apt-get --yes upgrade && apt-get install   1.5s
[?25h[1A[1A[1A[1A[1A[1A[1A[1A[1A[0G[?25l[+] Building 4.2s (6/11)                                         docker:default
[34m => => sha256:34cd9e9fd437c0a095ec39cb2e73422c9f30821b0d0 8.93kB / 8.93kB  0.0s
[0m[34m => => sha256:d8f17b92dc7ff10f9c1fdecab0ad21103d1d24aed82 1.02kB / 1.02kB  0.0s
[0m[34m => => sha256:826a5616954ee645ca5c165d4c8c960d4d8d444347838cf 451B / 451B  0.0s
[0m[34m => => sha256:1da3cb2f93f2ca3c5bdaf4c024a7f1ebd717938d2 49.31MB / 49.31MB  0.4s
[0m[34m => => extracting sha256:1da3cb2f93f2ca3c5bdaf4c024a7f1ebd717938d20c858e4  1.4s
[0m[34m => [internal] load build context                                          0.0s
[0m[34m => => transferring context: 3.75kB                                        0.0s
[0m => [2/6] RUN apt-get update && apt-get --yes upgrade && apt-get install   1.6s
[?25h[1A[1A[1A[1A[1A[1A[1A[1A[1A[0G[?25l[+] Building 4.2s (6/11)                                         docker:default
[34m => => sha256:34cd9e9fd437c0a095ec39cb2e73422c9f30821b0d0 8.93kB / 8.93kB  0.0s
[0m[34m => => sha256:d8f17b92dc7ff10f9c1fdecab0ad21103d1d24aed82 1.02kB / 1.02kB  0.0s
[0m[34m => => sha256:826a5616954ee645ca5c165d4c8c960d4d8d444347838cf 451B / 451B  0.0s
[0m[34m => => sha256:1da3cb2f93f2ca3c5bdaf4c024a7f1ebd717938d2 49.31MB / 49.31MB  0.4s
[0m[34m => => extracting sha256:1da3cb2f93f2ca3c5bdaf4c024a7f1ebd717938d20c858e4  1.4s
[0m[34m => [internal] load build context                                          0.0s
[0m[34m => => transferring context: 3.75kB                                        0.0s
[0m => [2/6] RUN apt-get update && apt-get --yes upgrade && apt-get install   1.7s
[?25h[1A[1A[1A[1A[1A[1A[1A[1A[1A[0G[?25l[+] Building 4.4s (6/11)                                         docker:default
[34m => => sha256:34cd9e9fd437c0a095ec39cb2e73422c9f30821b0d0 8.93kB / 8.93kB  0.0s
[0m[34m => => sha256:d8f17b92dc7ff10f9c1fdecab0ad21103d1d24aed82 1.02kB / 1.02kB  0.0s
[0m[34m => => sha256:826a5616954ee645ca5c165d4c8c960d4d8d444347838cf 451B / 451B  0.0s
[0m[34m => => sha256:1da3cb2f93f2ca3c5bdaf4c024a7f1ebd717938d2 49.31MB / 49.31MB  0.4s
[0m[34m => => extracting sha256:1da3cb2f93f2ca3c5bdaf4c024a7f1ebd717938d20c858e4  1.4s
[0m[34m => [internal] load build context                                          0.0s
[0m[34m => => transferring context: 3.75kB                                        0.0s
[0m => [2/6] RUN apt-get update && apt-get --yes upgrade && apt-get install   1.9s
[?25h[1A[1A[1A[1A[1A[1A[1A[1A[1A[0G[?25l[+] Building 4.6s (6/11)                                         docker:default
[34m => => sha256:34cd9e9fd437c0a095ec39cb2e73422c9f30821b0d0 8.93kB / 8.93kB  0.0s
[0m[34m => => sha256:d8f17b92dc7ff10f9c1fdecab0ad21103d1d24aed82 1.02kB / 1.02kB  0.0s
[0m[34m => => sha256:826a5616954ee645ca5c165d4c8c960d4d8d444347838cf 451B / 451B  0.0s
[0m[34m => => sha256:1da3cb2f93f2ca3c5bdaf4c024a7f1ebd717938d2 49.31MB / 49.31MB  0.4s
[0m[34m => => extracting sha256:1da3cb2f93f2ca3c5bdaf4c024a7f1ebd717938d20c858e4  1.4s
[0m[34m => [internal] load build context                                          0.0s
[0m[34m => => transferring context: 3.75kB                                        0.0s
[0m => [2/6] RUN apt-get update && apt-get --yes upgrade && apt-get install   2.0s
[?25h[1A[1A[1A[1A[1A[1A[1A[1A[1A[0G[?25l[+] Building 4.7s (6/11)                                         docker:default
[34m => => sha256:34cd9e9fd437c0a095ec39cb2e73422c9f30821b0d0 8.93kB / 8.93kB  0.0s
[0m[34m => => sha256:d8f17b92dc7ff10f9c1fdecab0ad21103d1d24aed82 1.02kB / 1.02kB  0.0s
[0m[34m => => sha256:826a5616954ee645ca5c165d4c8c960d4d8d444347838cf 451B / 451B  0.0s
[0m[34m => => sha256:1da3cb2f93f2ca3c5bdaf4c024a7f1ebd717938d2 49.31MB / 49.31MB  0.4s
[0m[34m => => extracting sha256:1da3cb2f93f2ca3c5bdaf4c024a7f1ebd717938d20c858e4  1.4s
[0m[34m => [internal] load build context                                          0.0s
[0m[34m => => transferring context: 3.75kB                                        0.0s
[0m => [2/6] RUN apt-get update && apt-get --yes upgrade && apt-get install   2.2s
[?25h[1A[1A[1A[1A[1A[1A[1A[1A[1A[0G[?25l[+] Building 4.7s (6/11)                                         docker:default
[34m => => sha256:34cd9e9fd437c0a095ec39cb2e73422c9f30821b0d0 8.93kB / 8.93kB  0.0s
[0m[34m => => sha256:d8f17b92dc7ff10f9c1fdecab0ad21103d1d24aed82 1.02kB / 1.02kB  0.0s
[0m[34m => => sha256:826a5616954ee645ca5c165d4c8c960d4d8d444347838cf 451B / 451B  0.0s
[0m[34m => => sha256:1da3cb2f93f2ca3c5bdaf4c024a7f1ebd717938d2 49.31MB / 49.31MB  0.4s
[0m[34m => => extracting sha256:1da3cb2f93f2ca3c5bdaf4c024a7f1ebd717938d20c858e4  1.4s
[0m[34m => [internal] load build context                                          0.0s
[0m[34m => => transferring context: 3.75kB                                        0.0s
[0m => [2/6] RUN apt-get update && apt-get --yes upgrade && apt-get install   2.2s
[?25h[1A[1A[1A[1A[1A[1A[1A[1A[1A[0G[?25l[+] Building 4.9s (6/11)                                         docker:default
[34m => => sha256:34cd9e9fd437c0a095ec39cb2e73422c9f30821b0d0 8.93kB / 8.93kB  0.0s
[0m[34m => => sha256:d8f17b92dc7ff10f9c1fdecab0ad21103d1d24aed82 1.02kB / 1.02kB  0.0s
[0m[34m => => sha256:826a5616954ee645ca5c165d4c8c960d4d8d444347838cf 451B / 451B  0.0s
[0m[34m => => sha256:1da3cb2f93f2ca3c5bdaf4c024a7f1ebd717938d2 49.31MB / 49.31MB  0.4s
[0m[34m => => extracting sha256:1da3cb2f93f2ca3c5bdaf4c024a7f1ebd717938d20c858e4  1.4s
[0m[34m => [internal] load build context                                          0.0s
[0m[34m => => transferring context: 3.75kB                                        0.0s
[0m => [2/6] RUN apt-get update && apt-get --yes upgrade && apt-get install   2.3s
[?25h[1A[1A[1A[1A[1A[1A[1A[1A[1A[0G[?25l[+] Building 5.1s (6/11)                                         docker:default
[34m => => sha256:34cd9e9fd437c0a095ec39cb2e73422c9f30821b0d0 8.93kB / 8.93kB  0.0s
[0m[34m => => sha256:d8f17b92dc7ff10f9c1fdecab0ad21103d1d24aed82 1.02kB / 1.02kB  0.0s
[0m[34m => => sha256:826a5616954ee645ca5c165d4c8c960d4d8d444347838cf 451B / 451B  0.0s
[0m[34m => => sha256:1da3cb2f93f2ca3c5bdaf4c024a7f1ebd717938d2 49.31MB / 49.31MB  0.4s
[0m[34m => => extracting sha256:1da3cb2f93f2ca3c5bdaf4c024a7f1ebd717938d20c858e4  1.4s
[0m[34m => [internal] load build context                                          0.0s
[0m[34m => => transferring context: 3.75kB                                        0.0s
[0m => [2/6] RUN apt-get update && apt-get --yes upgrade && apt-get install   2.5s
[?25h[1A[1A[1A[1A[1A[1A[1A[1A[1A[0G[?25l[+] Building 5.2s (6/11)                                         docker:default
[34m => => sha256:34cd9e9fd437c0a095ec39cb2e73422c9f30821b0d0 8.93kB / 8.93kB  0.0s
[0m[34m => => sha256:d8f17b92dc7ff10f9c1fdecab0ad21103d1d24aed82 1.02kB / 1.02kB  0.0s
[0m[34m => => sha256:826a5616954ee645ca5c165d4c8c960d4d8d444347838cf 451B / 451B  0.0s
[0m[34m => => sha256:1da3cb2f93f2ca3c5bdaf4c024a7f1ebd717938d2 49.31MB / 49.31MB  0.4s
[0m[34m => => extracting sha256:1da3cb2f93f2ca3c5bdaf4c024a7f1ebd717938d20c858e4  1.4s
[0m[34m => [internal] load build context                                          0.0s
[0m[34m => => transferring context: 3.75kB                                        0.0s
[0m => [2/6] RUN apt-get update && apt-get --yes upgrade && apt-get install   2.7s
[?25h[1A[1A[1A[1A[1A[1A[1A[1A[1A[0G[?25l[+] Building 5.4s (6/11)                                         docker:default
[34m => => sha256:34cd9e9fd437c0a095ec39cb2e73422c9f30821b0d0 8.93kB / 8.93kB  0.0s
[0m[34m => => sha256:d8f17b92dc7ff10f9c1fdecab0ad21103d1d24aed82 1.02kB / 1.02kB  0.0s
[0m[34m => => sha256:826a5616954ee645ca5c165d4c8c960d4d8d444347838cf 451B / 451B  0.0s
[0m[34m => => sha256:1da3cb2f93f2ca3c5bdaf4c024a7f1ebd717938d2 49.31MB / 49.31MB  0.4s
[0m[34m => => extracting sha256:1da3cb2f93f2ca3c5bdaf4c024a7f1ebd717938d20c858e4  1.4s
[0m[34m => [internal] load build context                                          0.0s
[0m[34m => => transferring context: 3.75kB                                        0.0s
[0m => [2/6] RUN apt-get update && apt-get --yes upgrade && apt-get install   2.8s
[?25h[1A[1A[1A[1A[1A[1A[1A[1A[1A[0G[?25l[+] Building 5.5s (6/11)                                         docker:default
[34m => => sha256:34cd9e9fd437c0a095ec39cb2e73422c9f30821b0d0 8.93kB / 8.93kB  0.0s
[0m[34m => => sha256:d8f17b92dc7ff10f9c1fdecab0ad21103d1d24aed82 1.02kB / 1.02kB  0.0s
[0m[34m => => sha256:826a5616954ee645ca5c165d4c8c960d4d8d444347838cf 451B / 451B  0.0s
[0m[34m => => sha256:1da3cb2f93f2ca3c5bdaf4c024a7f1ebd717938d2 49.31MB / 49.31MB  0.4s
[0m[34m => => extracting sha256:1da3cb2f93f2ca3c5bdaf4c024a7f1ebd717938d20c858e4  1.4s
[0m[34m => [internal] load build context                                          0.0s
[0m[34m => => transferring context: 3.75kB                                        0.0s
[0m => [2/6] RUN apt-get update && apt-get --yes upgrade && apt-get install   3.0s
[?25h[1A[1A[1A[1A[1A[1A[1A[1A[1A[0G[?25l[+] Building 5.6s (6/11)                                         docker:default
[34m => => sha256:34cd9e9fd437c0a095ec39cb2e73422c9f30821b0d0 8.93kB / 8.93kB  0.0s
[0m[34m => => sha256:d8f17b92dc7ff10f9c1fdecab0ad21103d1d24aed82 1.02kB / 1.02kB  0.0s
[0m[34m => => sha256:826a5616954ee645ca5c165d4c8c960d4d8d444347838cf 451B / 451B  0.0s
[0m[34m => => sha256:1da3cb2f93f2ca3c5bdaf4c024a7f1ebd717938d2 49.31MB / 49.31MB  0.4s
[0m[34m => => extracting sha256:1da3cb2f93f2ca3c5bdaf4c024a7f1ebd717938d20c858e4  1.4s
[0m[34m => [internal] load build context                                          0.0s
[0m[34m => => transferring context: 3.75kB                                        0.0s
[0m => [2/6] RUN apt-get update && apt-get --yes upgrade && apt-get install   3.0s
[?25h[1A[1A[1A[1A[1A[1A[1A[1A[1A[0G[?25l[+] Building 5.7s (6/11)                                         docker:default
[34m => => sha256:34cd9e9fd437c0a095ec39cb2e73422c9f30821b0d0 8.93kB / 8.93kB  0.0s
[0m[34m => => sha256:d8f17b92dc7ff10f9c1fdecab0ad21103d1d24aed82 1.02kB / 1.02kB  0.0s
[0m[34m => => sha256:826a5616954ee645ca5c165d4c8c960d4d8d444347838cf 451B / 451B  0.0s
[0m[34m => => sha256:1da3cb2f93f2ca3c5bdaf4c024a7f1ebd717938d2 49.31MB / 49.31MB  0.4s
[0m[34m => => extracting sha256:1da3cb2f93f2ca3c5bdaf4c024a7f1ebd717938d20c858e4  1.4s
[0m[34m => [internal] load build context                                          0.0s
[0m[34m => => transferring context: 3.75kB                                        0.0s
[0m => [2/6] RUN apt-get update && apt-get --yes upgrade && apt-get install   3.1s
[?25h[1A[1A[1A[1A[1A[1A[1A[1A[1A[0G[?25l[+] Building 5.8s (6/11)                                         docker:default
[34m => => sha256:34cd9e9fd437c0a095ec39cb2e73422c9f30821b0d0 8.93kB / 8.93kB  0.0s
[0m[34m => => sha256:d8f17b92dc7ff10f9c1fdecab0ad21103d1d24aed82 1.02kB / 1.02kB  0.0s
[0m[34m => => sha256:826a5616954ee645ca5c165d4c8c960d4d8d444347838cf 451B / 451B  0.0s
[0m[34m => => sha256:1da3cb2f93f2ca3c5bdaf4c024a7f1ebd717938d2 49.31MB / 49.31MB  0.4s
[0m[34m => => extracting sha256:1da3cb2f93f2ca3c5bdaf4c024a7f1ebd717938d20c858e4  1.4s
[0m[34m => [internal] load build context                                          0.0s
[0m[34m => => transferring context: 3.75kB                                        0.0s
[0m => [2/6] RUN apt-get update && apt-get --yes upgrade && apt-get install   3.3s
[?25h[1A[1A[1A[1A[1A[1A[1A[1A[1A[0G[?25l[+] Building 6.0s (6/11)                                         docker:default
[34m => => sha256:34cd9e9fd437c0a095ec39cb2e73422c9f30821b0d0 8.93kB / 8.93kB  0.0s
[0m[34m => => sha256:d8f17b92dc7ff10f9c1fdecab0ad21103d1d24aed82 1.02kB / 1.02kB  0.0s
[0m[34m => => sha256:826a5616954ee645ca5c165d4c8c960d4d8d444347838cf 451B / 451B  0.0s
[0m[34m => => sha256:1da3cb2f93f2ca3c5bdaf4c024a7f1ebd717938d2 49.31MB / 49.31MB  0.4s
[0m[34m => => extracting sha256:1da3cb2f93f2ca3c5bdaf4c024a7f1ebd717938d20c858e4  1.4s
[0m[34m => [internal] load build context                                          0.0s
[0m[34m => => transferring context: 3.75kB                                        0.0s
[0m => [2/6] RUN apt-get update && apt-get --yes upgrade && apt-get install   3.4s
[?25h[1A[1A[1A[1A[1A[1A[1A[1A[1A[0G[?25l[+] Building 6.1s (6/11)                                         docker:default
[34m => => sha256:34cd9e9fd437c0a095ec39cb2e73422c9f30821b0d0 8.93kB / 8.93kB  0.0s
[0m[34m => => sha256:d8f17b92dc7ff10f9c1fdecab0ad21103d1d24aed82 1.02kB / 1.02kB  0.0s
[0m[34m => => sha256:826a5616954ee645ca5c165d4c8c960d4d8d444347838cf 451B / 451B  0.0s
[0m[34m => => sha256:1da3cb2f93f2ca3c5bdaf4c024a7f1ebd717938d2 49.31MB / 49.31MB  0.4s
[0m[34m => => extracting sha256:1da3cb2f93f2ca3c5bdaf4c024a7f1ebd717938d20c858e4  1.4s
[0m[34m => [internal] load build context                                          0.0s
[0m[34m => => transferring context: 3.75kB                                        0.0s
[0m => [2/6] RUN apt-get update && apt-get --yes upgrade && apt-get install   3.6s
[?25h[1A[1A[1A[1A[1A[1A[1A[1A[1A[0G[?25l[+] Building 6.2s (6/11)                                         docker:default
[34m => => sha256:34cd9e9fd437c0a095ec39cb2e73422c9f30821b0d0 8.93kB / 8.93kB  0.0s
[0m[34m => => sha256:d8f17b92dc7ff10f9c1fdecab0ad21103d1d24aed82 1.02kB / 1.02kB  0.0s
[0m[34m => => sha256:826a5616954ee645ca5c165d4c8c960d4d8d444347838cf 451B / 451B  0.0s
[0m[34m => => sha256:1da3cb2f93f2ca3c5bdaf4c024a7f1ebd717938d2 49.31MB / 49.31MB  0.4s
[0m[34m => => extracting sha256:1da3cb2f93f2ca3c5bdaf4c024a7f1ebd717938d20c858e4  1.4s
[0m[34m => [internal] load build context                                          0.0s
[0m[34m => => transferring context: 3.75kB                                        0.0s
[0m => [2/6] RUN apt-get update && apt-get --yes upgrade && apt-get install   3.7s
[?25h[1A[1A[1A[1A[1A[1A[1A[1A[1A[0G[?25l[+] Building 6.4s (6/11)                                         docker:default
[34m => => sha256:34cd9e9fd437c0a095ec39cb2e73422c9f30821b0d0 8.93kB / 8.93kB  0.0s
[0m[34m => => sha256:d8f17b92dc7ff10f9c1fdecab0ad21103d1d24aed82 1.02kB / 1.02kB  0.0s
[0m[34m => => sha256:826a5616954ee645ca5c165d4c8c960d4d8d444347838cf 451B / 451B  0.0s
[0m[34m => => sha256:1da3cb2f93f2ca3c5bdaf4c024a7f1ebd717938d2 49.31MB / 49.31MB  0.4s
[0m[34m => => extracting sha256:1da3cb2f93f2ca3c5bdaf4c024a7f1ebd717938d20c858e4  1.4s
[0m[34m => [internal] load build context                                          0.0s
[0m[34m => => transferring context: 3.75kB                                        0.0s
[0m => [2/6] RUN apt-get update && apt-get --yes upgrade && apt-get install   3.9s
[?25h[1A[1A[1A[1A[1A[1A[1A[1A[1A[0G[?25l[+] Building 6.4s (6/11)                                         docker:default
[34m => => sha256:34cd9e9fd437c0a095ec39cb2e73422c9f30821b0d0 8.93kB / 8.93kB  0.0s
[0m[34m => => sha256:d8f17b92dc7ff10f9c1fdecab0ad21103d1d24aed82 1.02kB / 1.02kB  0.0s
[0m[34m => => sha256:826a5616954ee645ca5c165d4c8c960d4d8d444347838cf 451B / 451B  0.0s
[0m[34m => => sha256:1da3cb2f93f2ca3c5bdaf4c024a7f1ebd717938d2 49.31MB / 49.31MB  0.4s
[0m[34m => => extracting sha256:1da3cb2f93f2ca3c5bdaf4c024a7f1ebd717938d20c858e4  1.4s
[0m[34m => [internal] load build context                                          0.0s
[0m[34m => => transferring context: 3.75kB                                        0.0s
[0m => [2/6] RUN apt-get update && apt-get --yes upgrade && apt-get install   3.9s
[?25h[1A[1A[1A[1A[1A[1A[1A[1A[1A[0G[?25l[+] Building 6.6s (6/11)                                         docker:default
[34m => => sha256:34cd9e9fd437c0a095ec39cb2e73422c9f30821b0d0 8.93kB / 8.93kB  0.0s
[0m[34m => => sha256:d8f17b92dc7ff10f9c1fdecab0ad21103d1d24aed82 1.02kB / 1.02kB  0.0s
[0m[34m => => sha256:826a5616954ee645ca5c165d4c8c960d4d8d444347838cf 451B / 451B  0.0s
[0m[34m => => sha256:1da3cb2f93f2ca3c5bdaf4c024a7f1ebd717938d2 49.31MB / 49.31MB  0.4s
[0m[34m => => extracting sha256:1da3cb2f93f2ca3c5bdaf4c024a7f1ebd717938d20c858e4  1.4s
[0m[34m => [internal] load build context                                          0.0s
[0m[34m => => transferring context: 3.75kB                                        0.0s
[0m => [2/6] RUN apt-get update && apt-get --yes upgrade && apt-get install   4.1s
[?25h[1A[1A[1A[1A[1A[1A[1A[1A[1A[0G[?25l[+] Building 6.8s (6/11)                                         docker:default
[34m => => sha256:34cd9e9fd437c0a095ec39cb2e73422c9f30821b0d0 8.93kB / 8.93kB  0.0s
[0m[34m => => sha256:d8f17b92dc7ff10f9c1fdecab0ad21103d1d24aed82 1.02kB / 1.02kB  0.0s
[0m[34m => => sha256:826a5616954ee645ca5c165d4c8c960d4d8d444347838cf 451B / 451B  0.0s
[0m[34m => => sha256:1da3cb2f93f2ca3c5bdaf4c024a7f1ebd717938d2 49.31MB / 49.31MB  0.4s
[0m[34m => => extracting sha256:1da3cb2f93f2ca3c5bdaf4c024a7f1ebd717938d20c858e4  1.4s
[0m[34m => [internal] load build context                                          0.0s
[0m[34m => => transferring context: 3.75kB                                        0.0s
[0m => [2/6] RUN apt-get update && apt-get --yes upgrade && apt-get install   4.2s
[?25h[1A[1A[1A[1A[1A[1A[1A[1A[1A[0G[?25l[+] Building 6.9s (6/11)                                         docker:default
[34m => => sha256:34cd9e9fd437c0a095ec39cb2e73422c9f30821b0d0 8.93kB / 8.93kB  0.0s
[0m[34m => => sha256:d8f17b92dc7ff10f9c1fdecab0ad21103d1d24aed82 1.02kB / 1.02kB  0.0s
[0m[34m => => sha256:826a5616954ee645ca5c165d4c8c960d4d8d444347838cf 451B / 451B  0.0s
[0m[34m => => sha256:1da3cb2f93f2ca3c5bdaf4c024a7f1ebd717938d2 49.31MB / 49.31MB  0.4s
[0m[34m => => extracting sha256:1da3cb2f93f2ca3c5bdaf4c024a7f1ebd717938d20c858e4  1.4s
[0m[34m => [internal] load build context                                          0.0s
[0m[34m => => transferring context: 3.75kB                                        0.0s
[0m => [2/6] RUN apt-get update && apt-get --yes upgrade && apt-get install   4.3s
[?25h[1A[1A[1A[1A[1A[1A[1A[1A[1A[0G[?25l[+] Building 7.1s (6/11)                                         docker:default
[34m => => sha256:34cd9e9fd437c0a095ec39cb2e73422c9f30821b0d0 8.93kB / 8.93kB  0.0s
[0m[34m => => sha256:d8f17b92dc7ff10f9c1fdecab0ad21103d1d24aed82 1.02kB / 1.02kB  0.0s
[0m[34m => => sha256:826a5616954ee645ca5c165d4c8c960d4d8d444347838cf 451B / 451B  0.0s
[0m[34m => => sha256:1da3cb2f93f2ca3c5bdaf4c024a7f1ebd717938d2 49.31MB / 49.31MB  0.4s
[0m[34m => => extracting sha256:1da3cb2f93f2ca3c5bdaf4c024a7f1ebd717938d20c858e4  1.4s
[0m[34m => [internal] load build context                                          0.0s
[0m[34m => => transferring context: 3.75kB                                        0.0s
[0m => [2/6] RUN apt-get update && apt-get --yes upgrade && apt-get install   4.5s
[?25h[1A[1A[1A[1A[1A[1A[1A[1A[1A[0G[?25l[+] Building 7.2s (6/11)                                         docker:default
[34m => => sha256:34cd9e9fd437c0a095ec39cb2e73422c9f30821b0d0 8.93kB / 8.93kB  0.0s
[0m[34m => => sha256:d8f17b92dc7ff10f9c1fdecab0ad21103d1d24aed82 1.02kB / 1.02kB  0.0s
[0m[34m => => sha256:826a5616954ee645ca5c165d4c8c960d4d8d444347838cf 451B / 451B  0.0s
[0m[34m => => sha256:1da3cb2f93f2ca3c5bdaf4c024a7f1ebd717938d2 49.31MB / 49.31MB  0.4s
[0m[34m => => extracting sha256:1da3cb2f93f2ca3c5bdaf4c024a7f1ebd717938d20c858e4  1.4s
[0m[34m => [internal] load build context                                          0.0s
[0m[34m => => transferring context: 3.75kB                                        0.0s
[0m => [2/6] RUN apt-get update && apt-get --yes upgrade && apt-get install   4.7s
[?25h[1A[1A[1A[1A[1A[1A[1A[1A[1A[0G[?25l[+] Building 7.3s (6/11)                                         docker:default
[34m => => sha256:34cd9e9fd437c0a095ec39cb2e73422c9f30821b0d0 8.93kB / 8.93kB  0.0s
[0m[34m => => sha256:d8f17b92dc7ff10f9c1fdecab0ad21103d1d24aed82 1.02kB / 1.02kB  0.0s
[0m[34m => => sha256:826a5616954ee645ca5c165d4c8c960d4d8d444347838cf 451B / 451B  0.0s
[0m[34m => => sha256:1da3cb2f93f2ca3c5bdaf4c024a7f1ebd717938d2 49.31MB / 49.31MB  0.4s
[0m[34m => => extracting sha256:1da3cb2f93f2ca3c5bdaf4c024a7f1ebd717938d20c858e4  1.4s
[0m[34m => [internal] load build context                                          0.0s
[0m[34m => => transferring context: 3.75kB                                        0.0s
[0m => [2/6] RUN apt-get update && apt-get --yes upgrade && apt-get install   4.8s
[?25h[1A[1A[1A[1A[1A[1A[1A[1A[1A[0G[?25l[+] Building 7.6s (6/11)                                         docker:default
[34m => => sha256:34cd9e9fd437c0a095ec39cb2e73422c9f30821b0d0 8.93kB / 8.93kB  0.0s
[0m[34m => => sha256:d8f17b92dc7ff10f9c1fdecab0ad21103d1d24aed82 1.02kB / 1.02kB  0.0s
[0m[34m => => sha256:826a5616954ee645ca5c165d4c8c960d4d8d444347838cf 451B / 451B  0.0s
[0m[34m => => sha256:1da3cb2f93f2ca3c5bdaf4c024a7f1ebd717938d2 49.31MB / 49.31MB  0.4s
[0m[34m => => extracting sha256:1da3cb2f93f2ca3c5bdaf4c024a7f1ebd717938d20c858e4  1.4s
[0m[34m => [internal] load build context                                          0.0s
[0m[34m => => transferring context: 3.75kB                                        0.0s
[0m => [2/6] RUN apt-get update && apt-get --yes upgrade && apt-get install   5.0s
[?25h[1A[1A[1A[1A[1A[1A[1A[1A[1A[0G[?25l[+] Building 7.7s (6/11)                                         docker:default
[34m => => sha256:34cd9e9fd437c0a095ec39cb2e73422c9f30821b0d0 8.93kB / 8.93kB  0.0s
[0m[34m => => sha256:d8f17b92dc7ff10f9c1fdecab0ad21103d1d24aed82 1.02kB / 1.02kB  0.0s
[0m[34m => => sha256:826a5616954ee645ca5c165d4c8c960d4d8d444347838cf 451B / 451B  0.0s
[0m[34m => => sha256:1da3cb2f93f2ca3c5bdaf4c024a7f1ebd717938d2 49.31MB / 49.31MB  0.4s
[0m[34m => => extracting sha256:1da3cb2f93f2ca3c5bdaf4c024a7f1ebd717938d20c858e4  1.4s
[0m[34m => [internal] load build context                                          0.0s
[0m[34m => => transferring context: 3.75kB                                        0.0s
[0m => [2/6] RUN apt-get update && apt-get --yes upgrade && apt-get install   5.2s
[?25h[1A[1A[1A[1A[1A[1A[1A[1A[1A[0G[?25l[+] Building 7.9s (6/11)                                         docker:default
[34m => => sha256:34cd9e9fd437c0a095ec39cb2e73422c9f30821b0d0 8.93kB / 8.93kB  0.0s
[0m[34m => => sha256:d8f17b92dc7ff10f9c1fdecab0ad21103d1d24aed82 1.02kB / 1.02kB  0.0s
[0m[34m => => sha256:826a5616954ee645ca5c165d4c8c960d4d8d444347838cf 451B / 451B  0.0s
[0m[34m => => sha256:1da3cb2f93f2ca3c5bdaf4c024a7f1ebd717938d2 49.31MB / 49.31MB  0.4s
[0m[34m => => extracting sha256:1da3cb2f93f2ca3c5bdaf4c024a7f1ebd717938d20c858e4  1.4s
[0m[34m => [internal] load build context                                          0.0s
[0m[34m => => transferring context: 3.75kB                                        0.0s
[0m => [2/6] RUN apt-get update && apt-get --yes upgrade && apt-get install   5.3s
[?25h[1A[1A[1A[1A[1A[1A[1A[1A[1A[0G[?25l[+] Building 7.9s (6/11)                                         docker:default
[34m => => sha256:34cd9e9fd437c0a095ec39cb2e73422c9f30821b0d0 8.93kB / 8.93kB  0.0s
[0m[34m => => sha256:d8f17b92dc7ff10f9c1fdecab0ad21103d1d24aed82 1.02kB / 1.02kB  0.0s
[0m[34m => => sha256:826a5616954ee645ca5c165d4c8c960d4d8d444347838cf 451B / 451B  0.0s
[0m[34m => => sha256:1da3cb2f93f2ca3c5bdaf4c024a7f1ebd717938d2 49.31MB / 49.31MB  0.4s
[0m[34m => => extracting sha256:1da3cb2f93f2ca3c5bdaf4c024a7f1ebd717938d20c858e4  1.4s
[0m[34m => [internal] load build context                                          0.0s
[0m[34m => => transferring context: 3.75kB                                        0.0s
[0m => [2/6] RUN apt-get update && apt-get --yes upgrade && apt-get install   5.4s
[?25h[1A[1A[1A[1A[1A[1A[1A[1A[1A[0G[?25l[+] Building 8.1s (6/11)                                         docker:default
[34m => => sha256:34cd9e9fd437c0a095ec39cb2e73422c9f30821b0d0 8.93kB / 8.93kB  0.0s
[0m[34m => => sha256:d8f17b92dc7ff10f9c1fdecab0ad21103d1d24aed82 1.02kB / 1.02kB  0.0s
[0m[34m => => sha256:826a5616954ee645ca5c165d4c8c960d4d8d444347838cf 451B / 451B  0.0s
[0m[34m => => sha256:1da3cb2f93f2ca3c5bdaf4c024a7f1ebd717938d2 49.31MB / 49.31MB  0.4s
[0m[34m => => extracting sha256:1da3cb2f93f2ca3c5bdaf4c024a7f1ebd717938d20c858e4  1.4s
[0m[34m => [internal] load build context                                          0.0s
[0m[34m => => transferring context: 3.75kB                                        0.0s
[0m => [2/6] RUN apt-get update && apt-get --yes upgrade && apt-get install   5.5s
[?25h[1A[1A[1A[1A[1A[1A[1A[1A[1A[0G[?25l[+] Building 8.2s (6/11)                                         docker:default
[34m => => sha256:34cd9e9fd437c0a095ec39cb2e73422c9f30821b0d0 8.93kB / 8.93kB  0.0s
[0m[34m => => sha256:d8f17b92dc7ff10f9c1fdecab0ad21103d1d24aed82 1.02kB / 1.02kB  0.0s
[0m[34m => => sha256:826a5616954ee645ca5c165d4c8c960d4d8d444347838cf 451B / 451B  0.0s
[0m[34m => => sha256:1da3cb2f93f2ca3c5bdaf4c024a7f1ebd717938d2 49.31MB / 49.31MB  0.4s
[0m[34m => => extracting sha256:1da3cb2f93f2ca3c5bdaf4c024a7f1ebd717938d20c858e4  1.4s
[0m[34m => [internal] load build context                                          0.0s
[0m[34m => => transferring context: 3.75kB                                        0.0s
[0m => [2/6] RUN apt-get update && apt-get --yes upgrade && apt-get install   5.7s
[?25h[1A[1A[1A[1A[1A[1A[1A[1A[1A[0G[?25l[+] Building 8.4s (6/11)                                         docker:default
[34m => => sha256:34cd9e9fd437c0a095ec39cb2e73422c9f30821b0d0 8.93kB / 8.93kB  0.0s
[0m[34m => => sha256:d8f17b92dc7ff10f9c1fdecab0ad21103d1d24aed82 1.02kB / 1.02kB  0.0s
[0m[34m => => sha256:826a5616954ee645ca5c165d4c8c960d4d8d444347838cf 451B / 451B  0.0s
[0m[34m => => sha256:1da3cb2f93f2ca3c5bdaf4c024a7f1ebd717938d2 49.31MB / 49.31MB  0.4s
[0m[34m => => extracting sha256:1da3cb2f93f2ca3c5bdaf4c024a7f1ebd717938d20c858e4  1.4s
[0m[34m => [internal] load build context                                          0.0s
[0m[34m => => transferring context: 3.75kB                                        0.0s
[0m => [2/6] RUN apt-get update && apt-get --yes upgrade && apt-get install   5.8s
[?25h[1A[1A[1A[1A[1A[1A[1A[1A[1A[0G[?25l[+] Building 8.5s (6/11)                                         docker:default
[34m => => sha256:34cd9e9fd437c0a095ec39cb2e73422c9f30821b0d0 8.93kB / 8.93kB  0.0s
[0m[34m => => sha256:d8f17b92dc7ff10f9c1fdecab0ad21103d1d24aed82 1.02kB / 1.02kB  0.0s
[0m[34m => => sha256:826a5616954ee645ca5c165d4c8c960d4d8d444347838cf 451B / 451B  0.0s
[0m[34m => => sha256:1da3cb2f93f2ca3c5bdaf4c024a7f1ebd717938d2 49.31MB / 49.31MB  0.4s
[0m[34m => => extracting sha256:1da3cb2f93f2ca3c5bdaf4c024a7f1ebd717938d20c858e4  1.4s
[0m[34m => [internal] load build context                                          0.0s
[0m[34m => => transferring context: 3.75kB                                        0.0s
[0m => [2/6] RUN apt-get update && apt-get --yes upgrade && apt-get install   6.0s
[?25h[1A[1A[1A[1A[1A[1A[1A[1A[1A[0G[?25l[+] Building 8.7s (6/11)                                         docker:default
[34m => => sha256:34cd9e9fd437c0a095ec39cb2e73422c9f30821b0d0 8.93kB / 8.93kB  0.0s
[0m[34m => => sha256:d8f17b92dc7ff10f9c1fdecab0ad21103d1d24aed82 1.02kB / 1.02kB  0.0s
[0m[34m => => sha256:826a5616954ee645ca5c165d4c8c960d4d8d444347838cf 451B / 451B  0.0s
[0m[34m => => sha256:1da3cb2f93f2ca3c5bdaf4c024a7f1ebd717938d2 49.31MB / 49.31MB  0.4s
[0m[34m => => extracting sha256:1da3cb2f93f2ca3c5bdaf4c024a7f1ebd717938d20c858e4  1.4s
[0m[34m => [internal] load build context                                          0.0s
[0m[34m => => transferring context: 3.75kB                                        0.0s
[0m => [2/6] RUN apt-get update && apt-get --yes upgrade && apt-get install   6.1s
[?25h[1A[1A[1A[1A[1A[1A[1A[1A[1A[0G[?25l[+] Building 8.8s (6/11)                                         docker:default
[34m => => sha256:34cd9e9fd437c0a095ec39cb2e73422c9f30821b0d0 8.93kB / 8.93kB  0.0s
[0m[34m => => sha256:d8f17b92dc7ff10f9c1fdecab0ad21103d1d24aed82 1.02kB / 1.02kB  0.0s
[0m[34m => => sha256:826a5616954ee645ca5c165d4c8c960d4d8d444347838cf 451B / 451B  0.0s
[0m[34m => => sha256:1da3cb2f93f2ca3c5bdaf4c024a7f1ebd717938d2 49.31MB / 49.31MB  0.4s
[0m[34m => => extracting sha256:1da3cb2f93f2ca3c5bdaf4c024a7f1ebd717938d20c858e4  1.4s
[0m[34m => [internal] load build context                                          0.0s
[0m[34m => => transferring context: 3.75kB                                        0.0s
[0m => [2/6] RUN apt-get update && apt-get --yes upgrade && apt-get install   6.3s
[?25h[1A[1A[1A[1A[1A[1A[1A[1A[1A[0G[?25l[+] Building 9.0s (6/11)                                         docker:default
[34m => => sha256:34cd9e9fd437c0a095ec39cb2e73422c9f30821b0d0 8.93kB / 8.93kB  0.0s
[0m[34m => => sha256:d8f17b92dc7ff10f9c1fdecab0ad21103d1d24aed82 1.02kB / 1.02kB  0.0s
[0m[34m => => sha256:826a5616954ee645ca5c165d4c8c960d4d8d444347838cf 451B / 451B  0.0s
[0m[34m => => sha256:1da3cb2f93f2ca3c5bdaf4c024a7f1ebd717938d2 49.31MB / 49.31MB  0.4s
[0m[34m => => extracting sha256:1da3cb2f93f2ca3c5bdaf4c024a7f1ebd717938d20c858e4  1.4s
[0m[34m => [internal] load build context                                          0.0s
[0m[34m => => transferring context: 3.75kB                                        0.0s
[0m => [2/6] RUN apt-get update && apt-get --yes upgrade && apt-get install   6.4s
[?25h[1A[1A[1A[1A[1A[1A[1A[1A[1A[0G[?25l[+] Building 9.1s (6/11)                                         docker:default
[34m => => sha256:34cd9e9fd437c0a095ec39cb2e73422c9f30821b0d0 8.93kB / 8.93kB  0.0s
[0m[34m => => sha256:d8f17b92dc7ff10f9c1fdecab0ad21103d1d24aed82 1.02kB / 1.02kB  0.0s
[0m[34m => => sha256:826a5616954ee645ca5c165d4c8c960d4d8d444347838cf 451B / 451B  0.0s
[0m[34m => => sha256:1da3cb2f93f2ca3c5bdaf4c024a7f1ebd717938d2 49.31MB / 49.31MB  0.4s
[0m[34m => => extracting sha256:1da3cb2f93f2ca3c5bdaf4c024a7f1ebd717938d20c858e4  1.4s
[0m[34m => [internal] load build context                                          0.0s
[0m[34m => => transferring context: 3.75kB                                        0.0s
[0m => [2/6] RUN apt-get update && apt-get --yes upgrade && apt-get install   6.6s
[?25h[1A[1A[1A[1A[1A[1A[1A[1A[1A[0G[?25l[+] Building 9.3s (6/11)                                         docker:default
[34m => => sha256:34cd9e9fd437c0a095ec39cb2e73422c9f30821b0d0 8.93kB / 8.93kB  0.0s
[0m[34m => => sha256:d8f17b92dc7ff10f9c1fdecab0ad21103d1d24aed82 1.02kB / 1.02kB  0.0s
[0m[34m => => sha256:826a5616954ee645ca5c165d4c8c960d4d8d444347838cf 451B / 451B  0.0s
[0m[34m => => sha256:1da3cb2f93f2ca3c5bdaf4c024a7f1ebd717938d2 49.31MB / 49.31MB  0.4s
[0m[34m => => extracting sha256:1da3cb2f93f2ca3c5bdaf4c024a7f1ebd717938d20c858e4  1.4s
[0m[34m => [internal] load build context                                          0.0s
[0m[34m => => transferring context: 3.75kB                                        0.0s
[0m => [2/6] RUN apt-get update && apt-get --yes upgrade && apt-get install   6.7s
[?25h[1A[1A[1A[1A[1A[1A[1A[1A[1A[0G[?25l[+] Building 9.4s (6/11)                                         docker:default
[34m => => sha256:34cd9e9fd437c0a095ec39cb2e73422c9f30821b0d0 8.93kB / 8.93kB  0.0s
[0m[34m => => sha256:d8f17b92dc7ff10f9c1fdecab0ad21103d1d24aed82 1.02kB / 1.02kB  0.0s
[0m[34m => => sha256:826a5616954ee645ca5c165d4c8c960d4d8d444347838cf 451B / 451B  0.0s
[0m[34m => => sha256:1da3cb2f93f2ca3c5bdaf4c024a7f1ebd717938d2 49.31MB / 49.31MB  0.4s
[0m[34m => => extracting sha256:1da3cb2f93f2ca3c5bdaf4c024a7f1ebd717938d20c858e4  1.4s
[0m[34m => [internal] load build context                                          0.0s
[0m[34m => => transferring context: 3.75kB                                        0.0s
[0m => [2/6] RUN apt-get update && apt-get --yes upgrade && apt-get install   6.9s
[?25h[1A[1A[1A[1A[1A[1A[1A[1A[1A[0G[?25l[+] Building 9.6s (6/11)                                         docker:default
[34m => => sha256:34cd9e9fd437c0a095ec39cb2e73422c9f30821b0d0 8.93kB / 8.93kB  0.0s
[0m[34m => => sha256:d8f17b92dc7ff10f9c1fdecab0ad21103d1d24aed82 1.02kB / 1.02kB  0.0s
[0m[34m => => sha256:826a5616954ee645ca5c165d4c8c960d4d8d444347838cf 451B / 451B  0.0s
[0m[34m => => sha256:1da3cb2f93f2ca3c5bdaf4c024a7f1ebd717938d2 49.31MB / 49.31MB  0.4s
[0m[34m => => extracting sha256:1da3cb2f93f2ca3c5bdaf4c024a7f1ebd717938d20c858e4  1.4s
[0m[34m => [internal] load build context                                          0.0s
[0m[34m => => transferring context: 3.75kB                                        0.0s
[0m => [2/6] RUN apt-get update && apt-get --yes upgrade && apt-get install   7.0s
[?25h[1A[1A[1A[1A[1A[1A[1A[1A[1A[0G[?25l[+] Building 9.7s (6/11)                                         docker:default
[34m => => sha256:34cd9e9fd437c0a095ec39cb2e73422c9f30821b0d0 8.93kB / 8.93kB  0.0s
[0m[34m => => sha256:d8f17b92dc7ff10f9c1fdecab0ad21103d1d24aed82 1.02kB / 1.02kB  0.0s
[0m[34m => => sha256:826a5616954ee645ca5c165d4c8c960d4d8d444347838cf 451B / 451B  0.0s
[0m[34m => => sha256:1da3cb2f93f2ca3c5bdaf4c024a7f1ebd717938d2 49.31MB / 49.31MB  0.4s
[0m[34m => => extracting sha256:1da3cb2f93f2ca3c5bdaf4c024a7f1ebd717938d20c858e4  1.4s
[0m[34m => [internal] load build context                                          0.0s
[0m[34m => => transferring context: 3.75kB                                        0.0s
[0m => [2/6] RUN apt-get update && apt-get --yes upgrade && apt-get install   7.2s
[?25h[1A[1A[1A[1A[1A[1A[1A[1A[1A[0G[?25l[+] Building 9.8s (6/11)                                         docker:default
[34m => => sha256:34cd9e9fd437c0a095ec39cb2e73422c9f30821b0d0 8.93kB / 8.93kB  0.0s
[0m[34m => => sha256:d8f17b92dc7ff10f9c1fdecab0ad21103d1d24aed82 1.02kB / 1.02kB  0.0s
[0m[34m => => sha256:826a5616954ee645ca5c165d4c8c960d4d8d444347838cf 451B / 451B  0.0s
[0m[34m => => sha256:1da3cb2f93f2ca3c5bdaf4c024a7f1ebd717938d2 49.31MB / 49.31MB  0.4s
[0m[34m => => extracting sha256:1da3cb2f93f2ca3c5bdaf4c024a7f1ebd717938d20c858e4  1.4s
[0m[34m => [internal] load build context                                          0.0s
[0m[34m => => transferring context: 3.75kB                                        0.0s
[0m => [2/6] RUN apt-get update && apt-get --yes upgrade && apt-get install   7.3s
[?25h[1A[1A[1A[1A[1A[1A[1A[1A[1A[0G[?25l[+] Building 9.9s (6/11)                                         docker:default
[34m => => sha256:34cd9e9fd437c0a095ec39cb2e73422c9f30821b0d0 8.93kB / 8.93kB  0.0s
[0m[34m => => sha256:d8f17b92dc7ff10f9c1fdecab0ad21103d1d24aed82 1.02kB / 1.02kB  0.0s
[0m[34m => => sha256:826a5616954ee645ca5c165d4c8c960d4d8d444347838cf 451B / 451B  0.0s
[0m[34m => => sha256:1da3cb2f93f2ca3c5bdaf4c024a7f1ebd717938d2 49.31MB / 49.31MB  0.4s
[0m[34m => => extracting sha256:1da3cb2f93f2ca3c5bdaf4c024a7f1ebd717938d20c858e4  1.4s
[0m[34m => [internal] load build context                                          0.0s
[0m[34m => => transferring context: 3.75kB                                        0.0s
[0m => [2/6] RUN apt-get update && apt-get --yes upgrade && apt-get install   7.4s
[?25h[1A[1A[1A[1A[1A[1A[1A[1A[1A[0G[?25l[+] Building 10.2s (6/11)                                        docker:default
[34m => => sha256:34cd9e9fd437c0a095ec39cb2e73422c9f30821b0d0 8.93kB / 8.93kB  0.0s
[0m[34m => => sha256:d8f17b92dc7ff10f9c1fdecab0ad21103d1d24aed82 1.02kB / 1.02kB  0.0s
[0m[34m => => sha256:826a5616954ee645ca5c165d4c8c960d4d8d444347838cf 451B / 451B  0.0s
[0m[34m => => sha256:1da3cb2f93f2ca3c5bdaf4c024a7f1ebd717938d2 49.31MB / 49.31MB  0.4s
[0m[34m => => extracting sha256:1da3cb2f93f2ca3c5bdaf4c024a7f1ebd717938d20c858e4  1.4s
[0m[34m => [internal] load build context                                          0.0s
[0m[34m => => transferring context: 3.75kB                                        0.0s
[0m => [2/6] RUN apt-get update && apt-get --yes upgrade && apt-get install   7.6s
[?25h[1A[1A[1A[1A[1A[1A[1A[1A[1A[0G[?25l[+] Building 10.2s (6/11)                                        docker:default
[34m => => sha256:34cd9e9fd437c0a095ec39cb2e73422c9f30821b0d0 8.93kB / 8.93kB  0.0s
[0m[34m => => sha256:d8f17b92dc7ff10f9c1fdecab0ad21103d1d24aed82 1.02kB / 1.02kB  0.0s
[0m[34m => => sha256:826a5616954ee645ca5c165d4c8c960d4d8d444347838cf 451B / 451B  0.0s
[0m[34m => => sha256:1da3cb2f93f2ca3c5bdaf4c024a7f1ebd717938d2 49.31MB / 49.31MB  0.4s
[0m[34m => => extracting sha256:1da3cb2f93f2ca3c5bdaf4c024a7f1ebd717938d20c858e4  1.4s
[0m[34m => [internal] load build context                                          0.0s
[0m[34m => => transferring context: 3.75kB                                        0.0s
[0m => [2/6] RUN apt-get update && apt-get --yes upgrade && apt-get install   7.6s
[?25h[1A[1A[1A[1A[1A[1A[1A[1A[1A[0G[?25l[+] Building 10.3s (6/11)                                        docker:default
[34m => => sha256:34cd9e9fd437c0a095ec39cb2e73422c9f30821b0d0 8.93kB / 8.93kB  0.0s
[0m[34m => => sha256:d8f17b92dc7ff10f9c1fdecab0ad21103d1d24aed82 1.02kB / 1.02kB  0.0s
[0m[34m => => sha256:826a5616954ee645ca5c165d4c8c960d4d8d444347838cf 451B / 451B  0.0s
[0m[34m => => sha256:1da3cb2f93f2ca3c5bdaf4c024a7f1ebd717938d2 49.31MB / 49.31MB  0.4s
[0m[34m => => extracting sha256:1da3cb2f93f2ca3c5bdaf4c024a7f1ebd717938d20c858e4  1.4s
[0m[34m => [internal] load build context                                          0.0s
[0m[34m => => transferring context: 3.75kB                                        0.0s
[0m => [2/6] RUN apt-get update && apt-get --yes upgrade && apt-get install   7.7s
[?25h[1A[1A[1A[1A[1A[1A[1A[1A[1A[0G[?25l[+] Building 10.5s (6/11)                                        docker:default
[34m => => sha256:34cd9e9fd437c0a095ec39cb2e73422c9f30821b0d0 8.93kB / 8.93kB  0.0s
[0m[34m => => sha256:d8f17b92dc7ff10f9c1fdecab0ad21103d1d24aed82 1.02kB / 1.02kB  0.0s
[0m[34m => => sha256:826a5616954ee645ca5c165d4c8c960d4d8d444347838cf 451B / 451B  0.0s
[0m[34m => => sha256:1da3cb2f93f2ca3c5bdaf4c024a7f1ebd717938d2 49.31MB / 49.31MB  0.4s
[0m[34m => => extracting sha256:1da3cb2f93f2ca3c5bdaf4c024a7f1ebd717938d20c858e4  1.4s
[0m[34m => [internal] load build context                                          0.0s
[0m[34m => => transferring context: 3.75kB                                        0.0s
[0m => [2/6] RUN apt-get update && apt-get --yes upgrade && apt-get install   8.0s
[?25h[1A[1A[1A[1A[1A[1A[1A[1A[1A[0G[?25l[+] Building 10.6s (6/11)                                        docker:default
[34m => => sha256:34cd9e9fd437c0a095ec39cb2e73422c9f30821b0d0 8.93kB / 8.93kB  0.0s
[0m[34m => => sha256:d8f17b92dc7ff10f9c1fdecab0ad21103d1d24aed82 1.02kB / 1.02kB  0.0s
[0m[34m => => sha256:826a5616954ee645ca5c165d4c8c960d4d8d444347838cf 451B / 451B  0.0s
[0m[34m => => sha256:1da3cb2f93f2ca3c5bdaf4c024a7f1ebd717938d2 49.31MB / 49.31MB  0.4s
[0m[34m => => extracting sha256:1da3cb2f93f2ca3c5bdaf4c024a7f1ebd717938d20c858e4  1.4s
[0m[34m => [internal] load build context                                          0.0s
[0m[34m => => transferring context: 3.75kB                                        0.0s
[0m => [2/6] RUN apt-get update && apt-get --yes upgrade && apt-get install   8.1s
[?25h[1A[1A[1A[1A[1A[1A[1A[1A[1A[0G[?25l[+] Building 10.8s (6/11)                                        docker:default
[34m => => sha256:34cd9e9fd437c0a095ec39cb2e73422c9f30821b0d0 8.93kB / 8.93kB  0.0s
[0m[34m => => sha256:d8f17b92dc7ff10f9c1fdecab0ad21103d1d24aed82 1.02kB / 1.02kB  0.0s
[0m[34m => => sha256:826a5616954ee645ca5c165d4c8c960d4d8d444347838cf 451B / 451B  0.0s
[0m[34m => => sha256:1da3cb2f93f2ca3c5bdaf4c024a7f1ebd717938d2 49.31MB / 49.31MB  0.4s
[0m[34m => => extracting sha256:1da3cb2f93f2ca3c5bdaf4c024a7f1ebd717938d20c858e4  1.4s
[0m[34m => [internal] load build context                                          0.0s
[0m[34m => => transferring context: 3.75kB                                        0.0s
[0m => [2/6] RUN apt-get update && apt-get --yes upgrade && apt-get install   8.3s
[?25h[1A[1A[1A[1A[1A[1A[1A[1A[1A[0G[?25l[+] Building 10.9s (6/11)                                        docker:default
[34m => => sha256:34cd9e9fd437c0a095ec39cb2e73422c9f30821b0d0 8.93kB / 8.93kB  0.0s
[0m[34m => => sha256:d8f17b92dc7ff10f9c1fdecab0ad21103d1d24aed82 1.02kB / 1.02kB  0.0s
[0m[34m => => sha256:826a5616954ee645ca5c165d4c8c960d4d8d444347838cf 451B / 451B  0.0s
[0m[34m => => sha256:1da3cb2f93f2ca3c5bdaf4c024a7f1ebd717938d2 49.31MB / 49.31MB  0.4s
[0m[34m => => extracting sha256:1da3cb2f93f2ca3c5bdaf4c024a7f1ebd717938d20c858e4  1.4s
[0m[34m => [internal] load build context                                          0.0s
[0m[34m => => transferring context: 3.75kB                                        0.0s
[0m => [2/6] RUN apt-get update && apt-get --yes upgrade && apt-get install   8.3s
[?25h[1A[1A[1A[1A[1A[1A[1A[1A[1A[0G[?25l[+] Building 11.1s (6/11)                                        docker:default
[34m => => sha256:34cd9e9fd437c0a095ec39cb2e73422c9f30821b0d0 8.93kB / 8.93kB  0.0s
[0m[34m => => sha256:d8f17b92dc7ff10f9c1fdecab0ad21103d1d24aed82 1.02kB / 1.02kB  0.0s
[0m[34m => => sha256:826a5616954ee645ca5c165d4c8c960d4d8d444347838cf 451B / 451B  0.0s
[0m[34m => => sha256:1da3cb2f93f2ca3c5bdaf4c024a7f1ebd717938d2 49.31MB / 49.31MB  0.4s
[0m[34m => => extracting sha256:1da3cb2f93f2ca3c5bdaf4c024a7f1ebd717938d20c858e4  1.4s
[0m[34m => [internal] load build context                                          0.0s
[0m[34m => => transferring context: 3.75kB                                        0.0s
[0m => [2/6] RUN apt-get update && apt-get --yes upgrade && apt-get install   8.5s
[?25h[1A[1A[1A[1A[1A[1A[1A[1A[1A[0G[?25l[+] Building 11.2s (6/11)                                        docker:default
[34m => => sha256:34cd9e9fd437c0a095ec39cb2e73422c9f30821b0d0 8.93kB / 8.93kB  0.0s
[0m[34m => => sha256:d8f17b92dc7ff10f9c1fdecab0ad21103d1d24aed82 1.02kB / 1.02kB  0.0s
[0m[34m => => sha256:826a5616954ee645ca5c165d4c8c960d4d8d444347838cf 451B / 451B  0.0s
[0m[34m => => sha256:1da3cb2f93f2ca3c5bdaf4c024a7f1ebd717938d2 49.31MB / 49.31MB  0.4s
[0m[34m => => extracting sha256:1da3cb2f93f2ca3c5bdaf4c024a7f1ebd717938d20c858e4  1.4s
[0m[34m => [internal] load build context                                          0.0s
[0m[34m => => transferring context: 3.75kB                                        0.0s
[0m => [2/6] RUN apt-get update && apt-get --yes upgrade && apt-get install   8.7s
[?25h[1A[1A[1A[1A[1A[1A[1A[1A[1A[0G[?25l[+] Building 11.3s (6/11)                                        docker:default
[34m => => sha256:34cd9e9fd437c0a095ec39cb2e73422c9f30821b0d0 8.93kB / 8.93kB  0.0s
[0m[34m => => sha256:d8f17b92dc7ff10f9c1fdecab0ad21103d1d24aed82 1.02kB / 1.02kB  0.0s
[0m[34m => => sha256:826a5616954ee645ca5c165d4c8c960d4d8d444347838cf 451B / 451B  0.0s
[0m[34m => => sha256:1da3cb2f93f2ca3c5bdaf4c024a7f1ebd717938d2 49.31MB / 49.31MB  0.4s
[0m[34m => => extracting sha256:1da3cb2f93f2ca3c5bdaf4c024a7f1ebd717938d20c858e4  1.4s
[0m[34m => [internal] load build context                                          0.0s
[0m[34m => => transferring context: 3.75kB                                        0.0s
[0m => [2/6] RUN apt-get update && apt-get --yes upgrade && apt-get install   8.8s
[?25h[1A[1A[1A[1A[1A[1A[1A[1A[1A[0G[?25l[+] Building 11.5s (6/11)                                        docker:default
[34m => => sha256:34cd9e9fd437c0a095ec39cb2e73422c9f30821b0d0 8.93kB / 8.93kB  0.0s
[0m[34m => => sha256:d8f17b92dc7ff10f9c1fdecab0ad21103d1d24aed82 1.02kB / 1.02kB  0.0s
[0m[34m => => sha256:826a5616954ee645ca5c165d4c8c960d4d8d444347838cf 451B / 451B  0.0s
[0m[34m => => sha256:1da3cb2f93f2ca3c5bdaf4c024a7f1ebd717938d2 49.31MB / 49.31MB  0.4s
[0m[34m => => extracting sha256:1da3cb2f93f2ca3c5bdaf4c024a7f1ebd717938d20c858e4  1.4s
[0m[34m => [internal] load build context                                          0.0s
[0m[34m => => transferring context: 3.75kB                                        0.0s
[0m => [2/6] RUN apt-get update && apt-get --yes upgrade && apt-get install   9.0s
[?25h[1A[1A[1A[1A[1A[1A[1A[1A[1A[0G[?25l[+] Building 11.7s (6/11)                                        docker:default
[34m => => sha256:34cd9e9fd437c0a095ec39cb2e73422c9f30821b0d0 8.93kB / 8.93kB  0.0s
[0m[34m => => sha256:d8f17b92dc7ff10f9c1fdecab0ad21103d1d24aed82 1.02kB / 1.02kB  0.0s
[0m[34m => => sha256:826a5616954ee645ca5c165d4c8c960d4d8d444347838cf 451B / 451B  0.0s
[0m[34m => => sha256:1da3cb2f93f2ca3c5bdaf4c024a7f1ebd717938d2 49.31MB / 49.31MB  0.4s
[0m[34m => => extracting sha256:1da3cb2f93f2ca3c5bdaf4c024a7f1ebd717938d20c858e4  1.4s
[0m[34m => [internal] load build context                                          0.0s
[0m[34m => => transferring context: 3.75kB                                        0.0s
[0m => [2/6] RUN apt-get update && apt-get --yes upgrade && apt-get install   9.1s
[?25h[1A[1A[1A[1A[1A[1A[1A[1A[1A[0G[?25l[+] Building 11.7s (6/11)                                        docker:default
[34m => => sha256:34cd9e9fd437c0a095ec39cb2e73422c9f30821b0d0 8.93kB / 8.93kB  0.0s
[0m[34m => => sha256:d8f17b92dc7ff10f9c1fdecab0ad21103d1d24aed82 1.02kB / 1.02kB  0.0s
[0m[34m => => sha256:826a5616954ee645ca5c165d4c8c960d4d8d444347838cf 451B / 451B  0.0s
[0m[34m => => sha256:1da3cb2f93f2ca3c5bdaf4c024a7f1ebd717938d2 49.31MB / 49.31MB  0.4s
[0m[34m => => extracting sha256:1da3cb2f93f2ca3c5bdaf4c024a7f1ebd717938d20c858e4  1.4s
[0m[34m => [internal] load build context                                          0.0s
[0m[34m => => transferring context: 3.75kB                                        0.0s
[0m => [2/6] RUN apt-get update && apt-get --yes upgrade && apt-get install   9.1s
[?25h[1A[1A[1A[1A[1A[1A[1A[1A[1A[0G[?25l[+] Building 11.8s (6/11)                                        docker:default
[34m => => sha256:34cd9e9fd437c0a095ec39cb2e73422c9f30821b0d0 8.93kB / 8.93kB  0.0s
[0m[34m => => sha256:d8f17b92dc7ff10f9c1fdecab0ad21103d1d24aed82 1.02kB / 1.02kB  0.0s
[0m[34m => => sha256:826a5616954ee645ca5c165d4c8c960d4d8d444347838cf 451B / 451B  0.0s
[0m[34m => => sha256:1da3cb2f93f2ca3c5bdaf4c024a7f1ebd717938d2 49.31MB / 49.31MB  0.4s
[0m[34m => => extracting sha256:1da3cb2f93f2ca3c5bdaf4c024a7f1ebd717938d20c858e4  1.4s
[0m[34m => [internal] load build context                                          0.0s
[0m[34m => => transferring context: 3.75kB                                        0.0s
[0m => [2/6] RUN apt-get update && apt-get --yes upgrade && apt-get install   9.3s
[?25h[1A[1A[1A[1A[1A[1A[1A[1A[1A[0G[?25l[+] Building 12.1s (6/11)                                        docker:default
[34m => => sha256:34cd9e9fd437c0a095ec39cb2e73422c9f30821b0d0 8.93kB / 8.93kB  0.0s
[0m[34m => => sha256:d8f17b92dc7ff10f9c1fdecab0ad21103d1d24aed82 1.02kB / 1.02kB  0.0s
[0m[34m => => sha256:826a5616954ee645ca5c165d4c8c960d4d8d444347838cf 451B / 451B  0.0s
[0m[34m => => sha256:1da3cb2f93f2ca3c5bdaf4c024a7f1ebd717938d2 49.31MB / 49.31MB  0.4s
[0m[34m => => extracting sha256:1da3cb2f93f2ca3c5bdaf4c024a7f1ebd717938d20c858e4  1.4s
[0m[34m => [internal] load build context                                          0.0s
[0m[34m => => transferring context: 3.75kB                                        0.0s
[0m => [2/6] RUN apt-get update && apt-get --yes upgrade && apt-get install   9.5s
[?25h[1A[1A[1A[1A[1A[1A[1A[1A[1A[0G[?25l[+] Building 12.2s (6/11)                                        docker:default
[34m => => sha256:34cd9e9fd437c0a095ec39cb2e73422c9f30821b0d0 8.93kB / 8.93kB  0.0s
[0m[34m => => sha256:d8f17b92dc7ff10f9c1fdecab0ad21103d1d24aed82 1.02kB / 1.02kB  0.0s
[0m[34m => => sha256:826a5616954ee645ca5c165d4c8c960d4d8d444347838cf 451B / 451B  0.0s
[0m[34m => => sha256:1da3cb2f93f2ca3c5bdaf4c024a7f1ebd717938d2 49.31MB / 49.31MB  0.4s
[0m[34m => => extracting sha256:1da3cb2f93f2ca3c5bdaf4c024a7f1ebd717938d20c858e4  1.4s
[0m[34m => [internal] load build context                                          0.0s
[0m[34m => => transferring context: 3.75kB                                        0.0s
[0m => [2/6] RUN apt-get update && apt-get --yes upgrade && apt-get install   9.7s
[?25h[1A[1A[1A[1A[1A[1A[1A[1A[1A[0G[?25l[+] Building 12.3s (6/11)                                        docker:default
[34m => => sha256:34cd9e9fd437c0a095ec39cb2e73422c9f30821b0d0 8.93kB / 8.93kB  0.0s
[0m[34m => => sha256:d8f17b92dc7ff10f9c1fdecab0ad21103d1d24aed82 1.02kB / 1.02kB  0.0s
[0m[34m => => sha256:826a5616954ee645ca5c165d4c8c960d4d8d444347838cf 451B / 451B  0.0s
[0m[34m => => sha256:1da3cb2f93f2ca3c5bdaf4c024a7f1ebd717938d2 49.31MB / 49.31MB  0.4s
[0m[34m => => extracting sha256:1da3cb2f93f2ca3c5bdaf4c024a7f1ebd717938d20c858e4  1.4s
[0m[34m => [internal] load build context                                          0.0s
[0m[34m => => transferring context: 3.75kB                                        0.0s
[0m => [2/6] RUN apt-get update && apt-get --yes upgrade && apt-get install   9.8s
[?25h[1A[1A[1A[1A[1A[1A[1A[1A[1A[0G[?25l[+] Building 12.4s (6/11)                                        docker:default
[34m => => sha256:34cd9e9fd437c0a095ec39cb2e73422c9f30821b0d0 8.93kB / 8.93kB  0.0s
[0m[34m => => sha256:d8f17b92dc7ff10f9c1fdecab0ad21103d1d24aed82 1.02kB / 1.02kB  0.0s
[0m[34m => => sha256:826a5616954ee645ca5c165d4c8c960d4d8d444347838cf 451B / 451B  0.0s
[0m[34m => => sha256:1da3cb2f93f2ca3c5bdaf4c024a7f1ebd717938d2 49.31MB / 49.31MB  0.4s
[0m[34m => => extracting sha256:1da3cb2f93f2ca3c5bdaf4c024a7f1ebd717938d20c858e4  1.4s
[0m[34m => [internal] load build context                                          0.0s
[0m[34m => => transferring context: 3.75kB                                        0.0s
[0m => [2/6] RUN apt-get update && apt-get --yes upgrade && apt-get install   9.9s
[?25h[1A[1A[1A[1A[1A[1A[1A[1A[1A[0G[?25l[+] Building 12.6s (6/11)                                        docker:default
[34m => => sha256:34cd9e9fd437c0a095ec39cb2e73422c9f30821b0d0 8.93kB / 8.93kB  0.0s
[0m[34m => => sha256:d8f17b92dc7ff10f9c1fdecab0ad21103d1d24aed82 1.02kB / 1.02kB  0.0s
[0m[34m => => sha256:826a5616954ee645ca5c165d4c8c960d4d8d444347838cf 451B / 451B  0.0s
[0m[34m => => sha256:1da3cb2f93f2ca3c5bdaf4c024a7f1ebd717938d2 49.31MB / 49.31MB  0.4s
[0m[34m => => extracting sha256:1da3cb2f93f2ca3c5bdaf4c024a7f1ebd717938d20c858e4  1.4s
[0m[34m => [internal] load build context                                          0.0s
[0m[34m => => transferring context: 3.75kB                                        0.0s
[0m => [2/6] RUN apt-get update && apt-get --yes upgrade && apt-get install  10.0s
[?25h[1A[1A[1A[1A[1A[1A[1A[1A[1A[0G[?25l[+] Building 12.8s (6/11)                                        docker:default
[34m => => sha256:34cd9e9fd437c0a095ec39cb2e73422c9f30821b0d0 8.93kB / 8.93kB  0.0s
[0m[34m => => sha256:d8f17b92dc7ff10f9c1fdecab0ad21103d1d24aed82 1.02kB / 1.02kB  0.0s
[0m[34m => => sha256:826a5616954ee645ca5c165d4c8c960d4d8d444347838cf 451B / 451B  0.0s
[0m[34m => => sha256:1da3cb2f93f2ca3c5bdaf4c024a7f1ebd717938d2 49.31MB / 49.31MB  0.4s
[0m[34m => => extracting sha256:1da3cb2f93f2ca3c5bdaf4c024a7f1ebd717938d20c858e4  1.4s
[0m[34m => [internal] load build context                                          0.0s
[0m[34m => => transferring context: 3.75kB                                        0.0s
[0m => [2/6] RUN apt-get update && apt-get --yes upgrade && apt-get install  10.2s
[?25h[1A[1A[1A[1A[1A[1A[1A[1A[1A[0G[?25l[+] Building 12.9s (6/11)                                        docker:default
[34m => => sha256:34cd9e9fd437c0a095ec39cb2e73422c9f30821b0d0 8.93kB / 8.93kB  0.0s
[0m[34m => => sha256:d8f17b92dc7ff10f9c1fdecab0ad21103d1d24aed82 1.02kB / 1.02kB  0.0s
[0m[34m => => sha256:826a5616954ee645ca5c165d4c8c960d4d8d444347838cf 451B / 451B  0.0s
[0m[34m => => sha256:1da3cb2f93f2ca3c5bdaf4c024a7f1ebd717938d2 49.31MB / 49.31MB  0.4s
[0m[34m => => extracting sha256:1da3cb2f93f2ca3c5bdaf4c024a7f1ebd717938d20c858e4  1.4s
[0m[34m => [internal] load build context                                          0.0s
[0m[34m => => transferring context: 3.75kB                                        0.0s
[0m => [2/6] RUN apt-get update && apt-get --yes upgrade && apt-get install  10.4s
[?25h[1A[1A[1A[1A[1A[1A[1A[1A[1A[0G[?25l[+] Building 13.1s (6/11)                                        docker:default
[34m => => sha256:34cd9e9fd437c0a095ec39cb2e73422c9f30821b0d0 8.93kB / 8.93kB  0.0s
[0m[34m => => sha256:d8f17b92dc7ff10f9c1fdecab0ad21103d1d24aed82 1.02kB / 1.02kB  0.0s
[0m[34m => => sha256:826a5616954ee645ca5c165d4c8c960d4d8d444347838cf 451B / 451B  0.0s
[0m[34m => => sha256:1da3cb2f93f2ca3c5bdaf4c024a7f1ebd717938d2 49.31MB / 49.31MB  0.4s
[0m[34m => => extracting sha256:1da3cb2f93f2ca3c5bdaf4c024a7f1ebd717938d20c858e4  1.4s
[0m[34m => [internal] load build context                                          0.0s
[0m[34m => => transferring context: 3.75kB                                        0.0s
[0m => [2/6] RUN apt-get update && apt-get --yes upgrade && apt-get install  10.5s
[?25h[1A[1A[1A[1A[1A[1A[1A[1A[1A[0G[?25l[+] Building 13.2s (6/11)                                        docker:default
[34m => => sha256:34cd9e9fd437c0a095ec39cb2e73422c9f30821b0d0 8.93kB / 8.93kB  0.0s
[0m[34m => => sha256:d8f17b92dc7ff10f9c1fdecab0ad21103d1d24aed82 1.02kB / 1.02kB  0.0s
[0m[34m => => sha256:826a5616954ee645ca5c165d4c8c960d4d8d444347838cf 451B / 451B  0.0s
[0m[34m => => sha256:1da3cb2f93f2ca3c5bdaf4c024a7f1ebd717938d2 49.31MB / 49.31MB  0.4s
[0m[34m => => extracting sha256:1da3cb2f93f2ca3c5bdaf4c024a7f1ebd717938d20c858e4  1.4s
[0m[34m => [internal] load build context                                          0.0s
[0m[34m => => transferring context: 3.75kB                                        0.0s
[0m => [2/6] RUN apt-get update && apt-get --yes upgrade && apt-get install  10.7s
[?25h[1A[1A[1A[1A[1A[1A[1A[1A[1A[0G[?25l[+] Building 13.4s (6/11)                                        docker:default
[34m => => sha256:34cd9e9fd437c0a095ec39cb2e73422c9f30821b0d0 8.93kB / 8.93kB  0.0s
[0m[34m => => sha256:d8f17b92dc7ff10f9c1fdecab0ad21103d1d24aed82 1.02kB / 1.02kB  0.0s
[0m[34m => => sha256:826a5616954ee645ca5c165d4c8c960d4d8d444347838cf 451B / 451B  0.0s
[0m[34m => => sha256:1da3cb2f93f2ca3c5bdaf4c024a7f1ebd717938d2 49.31MB / 49.31MB  0.4s
[0m[34m => => extracting sha256:1da3cb2f93f2ca3c5bdaf4c024a7f1ebd717938d20c858e4  1.4s
[0m[34m => [internal] load build context                                          0.0s
[0m[34m => => transferring context: 3.75kB                                        0.0s
[0m => [2/6] RUN apt-get update && apt-get --yes upgrade && apt-get install  10.8s
[?25h[1A[1A[1A[1A[1A[1A[1A[1A[1A[0G[?25l[+] Building 13.5s (6/11)                                        docker:default
[34m => => sha256:34cd9e9fd437c0a095ec39cb2e73422c9f30821b0d0 8.93kB / 8.93kB  0.0s
[0m[34m => => sha256:d8f17b92dc7ff10f9c1fdecab0ad21103d1d24aed82 1.02kB / 1.02kB  0.0s
[0m[34m => => sha256:826a5616954ee645ca5c165d4c8c960d4d8d444347838cf 451B / 451B  0.0s
[0m[34m => => sha256:1da3cb2f93f2ca3c5bdaf4c024a7f1ebd717938d2 49.31MB / 49.31MB  0.4s
[0m[34m => => extracting sha256:1da3cb2f93f2ca3c5bdaf4c024a7f1ebd717938d20c858e4  1.4s
[0m[34m => [internal] load build context                                          0.0s
[0m[34m => => transferring context: 3.75kB                                        0.0s
[0m => [2/6] RUN apt-get update && apt-get --yes upgrade && apt-get install  11.0s
[?25h[1A[1A[1A[1A[1A[1A[1A[1A[1A[0G[?25l[+] Building 13.6s (6/11)                                        docker:default
[34m => => sha256:34cd9e9fd437c0a095ec39cb2e73422c9f30821b0d0 8.93kB / 8.93kB  0.0s
[0m[34m => => sha256:d8f17b92dc7ff10f9c1fdecab0ad21103d1d24aed82 1.02kB / 1.02kB  0.0s
[0m[34m => => sha256:826a5616954ee645ca5c165d4c8c960d4d8d444347838cf 451B / 451B  0.0s
[0m[34m => => sha256:1da3cb2f93f2ca3c5bdaf4c024a7f1ebd717938d2 49.31MB / 49.31MB  0.4s
[0m[34m => => extracting sha256:1da3cb2f93f2ca3c5bdaf4c024a7f1ebd717938d20c858e4  1.4s
[0m[34m => [internal] load build context                                          0.0s
[0m[34m => => transferring context: 3.75kB                                        0.0s
[0m => [2/6] RUN apt-get update && apt-get --yes upgrade && apt-get install  11.0s
[?25h[1A[1A[1A[1A[1A[1A[1A[1A[1A[0G[?25l[+] Building 13.8s (6/11)                                        docker:default
[34m => => sha256:34cd9e9fd437c0a095ec39cb2e73422c9f30821b0d0 8.93kB / 8.93kB  0.0s
[0m[34m => => sha256:d8f17b92dc7ff10f9c1fdecab0ad21103d1d24aed82 1.02kB / 1.02kB  0.0s
[0m[34m => => sha256:826a5616954ee645ca5c165d4c8c960d4d8d444347838cf 451B / 451B  0.0s
[0m[34m => => sha256:1da3cb2f93f2ca3c5bdaf4c024a7f1ebd717938d2 49.31MB / 49.31MB  0.4s
[0m[34m => => extracting sha256:1da3cb2f93f2ca3c5bdaf4c024a7f1ebd717938d20c858e4  1.4s
[0m[34m => [internal] load build context                                          0.0s
[0m[34m => => transferring context: 3.75kB                                        0.0s
[0m => [2/6] RUN apt-get update && apt-get --yes upgrade && apt-get install  11.2s
[?25h[1A[1A[1A[1A[1A[1A[1A[1A[1A[0G[?25l[+] Building 13.8s (6/11)                                        docker:default
[34m => => sha256:34cd9e9fd437c0a095ec39cb2e73422c9f30821b0d0 8.93kB / 8.93kB  0.0s
[0m[34m => => sha256:d8f17b92dc7ff10f9c1fdecab0ad21103d1d24aed82 1.02kB / 1.02kB  0.0s
[0m[34m => => sha256:826a5616954ee645ca5c165d4c8c960d4d8d444347838cf 451B / 451B  0.0s
[0m[34m => => sha256:1da3cb2f93f2ca3c5bdaf4c024a7f1ebd717938d2 49.31MB / 49.31MB  0.4s
[0m[34m => => extracting sha256:1da3cb2f93f2ca3c5bdaf4c024a7f1ebd717938d20c858e4  1.4s
[0m[34m => [internal] load build context                                          0.0s
[0m[34m => => transferring context: 3.75kB                                        0.0s
[0m => [2/6] RUN apt-get update && apt-get --yes upgrade && apt-get install  11.3s
[?25h[1A[1A[1A[1A[1A[1A[1A[1A[1A[0G[?25l[+] Building 14.0s (6/11)                                        docker:default
[34m => => sha256:34cd9e9fd437c0a095ec39cb2e73422c9f30821b0d0 8.93kB / 8.93kB  0.0s
[0m[34m => => sha256:d8f17b92dc7ff10f9c1fdecab0ad21103d1d24aed82 1.02kB / 1.02kB  0.0s
[0m[34m => => sha256:826a5616954ee645ca5c165d4c8c960d4d8d444347838cf 451B / 451B  0.0s
[0m[34m => => sha256:1da3cb2f93f2ca3c5bdaf4c024a7f1ebd717938d2 49.31MB / 49.31MB  0.4s
[0m[34m => => extracting sha256:1da3cb2f93f2ca3c5bdaf4c024a7f1ebd717938d20c858e4  1.4s
[0m[34m => [internal] load build context                                          0.0s
[0m[34m => => transferring context: 3.75kB                                        0.0s
[0m => [2/6] RUN apt-get update && apt-get --yes upgrade && apt-get install  11.4s
[?25h[1A[1A[1A[1A[1A[1A[1A[1A[1A[0G[?25l[+] Building 14.1s (6/11)                                        docker:default
[34m => => sha256:34cd9e9fd437c0a095ec39cb2e73422c9f30821b0d0 8.93kB / 8.93kB  0.0s
[0m[34m => => sha256:d8f17b92dc7ff10f9c1fdecab0ad21103d1d24aed82 1.02kB / 1.02kB  0.0s
[0m[34m => => sha256:826a5616954ee645ca5c165d4c8c960d4d8d444347838cf 451B / 451B  0.0s
[0m[34m => => sha256:1da3cb2f93f2ca3c5bdaf4c024a7f1ebd717938d2 49.31MB / 49.31MB  0.4s
[0m[34m => => extracting sha256:1da3cb2f93f2ca3c5bdaf4c024a7f1ebd717938d20c858e4  1.4s
[0m[34m => [internal] load build context                                          0.0s
[0m[34m => => transferring context: 3.75kB                                        0.0s
[0m => [2/6] RUN apt-get update && apt-get --yes upgrade && apt-get install  11.6s
[?25h[1A[1A[1A[1A[1A[1A[1A[1A[1A[0G[?25l[+] Building 14.2s (6/11)                                        docker:default
[34m => => sha256:34cd9e9fd437c0a095ec39cb2e73422c9f30821b0d0 8.93kB / 8.93kB  0.0s
[0m[34m => => sha256:d8f17b92dc7ff10f9c1fdecab0ad21103d1d24aed82 1.02kB / 1.02kB  0.0s
[0m[34m => => sha256:826a5616954ee645ca5c165d4c8c960d4d8d444347838cf 451B / 451B  0.0s
[0m[34m => => sha256:1da3cb2f93f2ca3c5bdaf4c024a7f1ebd717938d2 49.31MB / 49.31MB  0.4s
[0m[34m => => extracting sha256:1da3cb2f93f2ca3c5bdaf4c024a7f1ebd717938d20c858e4  1.4s
[0m[34m => [internal] load build context                                          0.0s
[0m[34m => => transferring context: 3.75kB                                        0.0s
[0m => [2/6] RUN apt-get update && apt-get --yes upgrade && apt-get install  11.7s
[?25h[1A[1A[1A[1A[1A[1A[1A[1A[1A[0G[?25l[+] Building 14.3s (6/11)                                        docker:default
[34m => => sha256:34cd9e9fd437c0a095ec39cb2e73422c9f30821b0d0 8.93kB / 8.93kB  0.0s
[0m[34m => => sha256:d8f17b92dc7ff10f9c1fdecab0ad21103d1d24aed82 1.02kB / 1.02kB  0.0s
[0m[34m => => sha256:826a5616954ee645ca5c165d4c8c960d4d8d444347838cf 451B / 451B  0.0s
[0m[34m => => sha256:1da3cb2f93f2ca3c5bdaf4c024a7f1ebd717938d2 49.31MB / 49.31MB  0.4s
[0m[34m => => extracting sha256:1da3cb2f93f2ca3c5bdaf4c024a7f1ebd717938d20c858e4  1.4s
[0m[34m => [internal] load build context                                          0.0s
[0m[34m => => transferring context: 3.75kB                                        0.0s
[0m => [2/6] RUN apt-get update && apt-get --yes upgrade && apt-get install  11.8s
[?25h[1A[1A[1A[1A[1A[1A[1A[1A[1A[0G[?25l[+] Building 14.4s (6/11)                                        docker:default
[34m => => sha256:34cd9e9fd437c0a095ec39cb2e73422c9f30821b0d0 8.93kB / 8.93kB  0.0s
[0m[34m => => sha256:d8f17b92dc7ff10f9c1fdecab0ad21103d1d24aed82 1.02kB / 1.02kB  0.0s
[0m[34m => => sha256:826a5616954ee645ca5c165d4c8c960d4d8d444347838cf 451B / 451B  0.0s
[0m[34m => => sha256:1da3cb2f93f2ca3c5bdaf4c024a7f1ebd717938d2 49.31MB / 49.31MB  0.4s
[0m[34m => => extracting sha256:1da3cb2f93f2ca3c5bdaf4c024a7f1ebd717938d20c858e4  1.4s
[0m[34m => [internal] load build context                                          0.0s
[0m[34m => => transferring context: 3.75kB                                        0.0s
[0m => [2/6] RUN apt-get update && apt-get --yes upgrade && apt-get install  11.9s
[?25h[1A[1A[1A[1A[1A[1A[1A[1A[1A[0G[?25l[+] Building 14.5s (6/11)                                        docker:default
[34m => => sha256:34cd9e9fd437c0a095ec39cb2e73422c9f30821b0d0 8.93kB / 8.93kB  0.0s
[0m[34m => => sha256:d8f17b92dc7ff10f9c1fdecab0ad21103d1d24aed82 1.02kB / 1.02kB  0.0s
[0m[34m => => sha256:826a5616954ee645ca5c165d4c8c960d4d8d444347838cf 451B / 451B  0.0s
[0m[34m => => sha256:1da3cb2f93f2ca3c5bdaf4c024a7f1ebd717938d2 49.31MB / 49.31MB  0.4s
[0m[34m => => extracting sha256:1da3cb2f93f2ca3c5bdaf4c024a7f1ebd717938d20c858e4  1.4s
[0m[34m => [internal] load build context                                          0.0s
[0m[34m => => transferring context: 3.75kB                                        0.0s
[0m => [2/6] RUN apt-get update && apt-get --yes upgrade && apt-get install  12.0s
[?25h[1A[1A[1A[1A[1A[1A[1A[1A[1A[0G[?25l[+] Building 14.7s (6/11)                                        docker:default
[34m => => sha256:34cd9e9fd437c0a095ec39cb2e73422c9f30821b0d0 8.93kB / 8.93kB  0.0s
[0m[34m => => sha256:d8f17b92dc7ff10f9c1fdecab0ad21103d1d24aed82 1.02kB / 1.02kB  0.0s
[0m[34m => => sha256:826a5616954ee645ca5c165d4c8c960d4d8d444347838cf 451B / 451B  0.0s
[0m[34m => => sha256:1da3cb2f93f2ca3c5bdaf4c024a7f1ebd717938d2 49.31MB / 49.31MB  0.4s
[0m[34m => => extracting sha256:1da3cb2f93f2ca3c5bdaf4c024a7f1ebd717938d20c858e4  1.4s
[0m[34m => [internal] load build context                                          0.0s
[0m[34m => => transferring context: 3.75kB                                        0.0s
[0m => [2/6] RUN apt-get update && apt-get --yes upgrade && apt-get install  12.1s
[?25h[1A[1A[1A[1A[1A[1A[1A[1A[1A[0G[?25l[+] Building 14.8s (6/11)                                        docker:default
[34m => => sha256:34cd9e9fd437c0a095ec39cb2e73422c9f30821b0d0 8.93kB / 8.93kB  0.0s
[0m[34m => => sha256:d8f17b92dc7ff10f9c1fdecab0ad21103d1d24aed82 1.02kB / 1.02kB  0.0s
[0m[34m => => sha256:826a5616954ee645ca5c165d4c8c960d4d8d444347838cf 451B / 451B  0.0s
[0m[34m => => sha256:1da3cb2f93f2ca3c5bdaf4c024a7f1ebd717938d2 49.31MB / 49.31MB  0.4s
[0m[34m => => extracting sha256:1da3cb2f93f2ca3c5bdaf4c024a7f1ebd717938d20c858e4  1.4s
[0m[34m => [internal] load build context                                          0.0s
[0m[34m => => transferring context: 3.75kB                                        0.0s
[0m => [2/6] RUN apt-get update && apt-get --yes upgrade && apt-get install  12.2s
[?25h[1A[1A[1A[1A[1A[1A[1A[1A[1A[0G[?25l[+] Building 14.9s (6/11)                                        docker:default
[34m => => sha256:34cd9e9fd437c0a095ec39cb2e73422c9f30821b0d0 8.93kB / 8.93kB  0.0s
[0m[34m => => sha256:d8f17b92dc7ff10f9c1fdecab0ad21103d1d24aed82 1.02kB / 1.02kB  0.0s
[0m[34m => => sha256:826a5616954ee645ca5c165d4c8c960d4d8d444347838cf 451B / 451B  0.0s
[0m[34m => => sha256:1da3cb2f93f2ca3c5bdaf4c024a7f1ebd717938d2 49.31MB / 49.31MB  0.4s
[0m[34m => => extracting sha256:1da3cb2f93f2ca3c5bdaf4c024a7f1ebd717938d20c858e4  1.4s
[0m[34m => [internal] load build context                                          0.0s
[0m[34m => => transferring context: 3.75kB                                        0.0s
[0m => [2/6] RUN apt-get update && apt-get --yes upgrade && apt-get install  12.3s
[?25h[1A[1A[1A[1A[1A[1A[1A[1A[1A[0G[?25l[+] Building 15.0s (6/11)                                        docker:default
[34m => => sha256:34cd9e9fd437c0a095ec39cb2e73422c9f30821b0d0 8.93kB / 8.93kB  0.0s
[0m[34m => => sha256:d8f17b92dc7ff10f9c1fdecab0ad21103d1d24aed82 1.02kB / 1.02kB  0.0s
[0m[34m => => sha256:826a5616954ee645ca5c165d4c8c960d4d8d444347838cf 451B / 451B  0.0s
[0m[34m => => sha256:1da3cb2f93f2ca3c5bdaf4c024a7f1ebd717938d2 49.31MB / 49.31MB  0.4s
[0m[34m => => extracting sha256:1da3cb2f93f2ca3c5bdaf4c024a7f1ebd717938d20c858e4  1.4s
[0m[34m => [internal] load build context                                          0.0s
[0m[34m => => transferring context: 3.75kB                                        0.0s
[0m => [2/6] RUN apt-get update && apt-get --yes upgrade && apt-get install  12.5s
[?25h[1A[1A[1A[1A[1A[1A[1A[1A[1A[0G[?25l[+] Building 15.1s (6/11)                                        docker:default
[34m => => sha256:34cd9e9fd437c0a095ec39cb2e73422c9f30821b0d0 8.93kB / 8.93kB  0.0s
[0m[34m => => sha256:d8f17b92dc7ff10f9c1fdecab0ad21103d1d24aed82 1.02kB / 1.02kB  0.0s
[0m[34m => => sha256:826a5616954ee645ca5c165d4c8c960d4d8d444347838cf 451B / 451B  0.0s
[0m[34m => => sha256:1da3cb2f93f2ca3c5bdaf4c024a7f1ebd717938d2 49.31MB / 49.31MB  0.4s
[0m[34m => => extracting sha256:1da3cb2f93f2ca3c5bdaf4c024a7f1ebd717938d20c858e4  1.4s
[0m[34m => [internal] load build context                                          0.0s
[0m[34m => => transferring context: 3.75kB                                        0.0s
[0m => [2/6] RUN apt-get update && apt-get --yes upgrade && apt-get install  12.6s
[?25h[1A[1A[1A[1A[1A[1A[1A[1A[1A[0G[?25l[+] Building 15.3s (6/11)                                        docker:default
[34m => => sha256:34cd9e9fd437c0a095ec39cb2e73422c9f30821b0d0 8.93kB / 8.93kB  0.0s
[0m[34m => => sha256:d8f17b92dc7ff10f9c1fdecab0ad21103d1d24aed82 1.02kB / 1.02kB  0.0s
[0m[34m => => sha256:826a5616954ee645ca5c165d4c8c960d4d8d444347838cf 451B / 451B  0.0s
[0m[34m => => sha256:1da3cb2f93f2ca3c5bdaf4c024a7f1ebd717938d2 49.31MB / 49.31MB  0.4s
[0m[34m => => extracting sha256:1da3cb2f93f2ca3c5bdaf4c024a7f1ebd717938d20c858e4  1.4s
[0m[34m => [internal] load build context                                          0.0s
[0m[34m => => transferring context: 3.75kB                                        0.0s
[0m => [2/6] RUN apt-get update && apt-get --yes upgrade && apt-get install  12.7s
[?25h[1A[1A[1A[1A[1A[1A[1A[1A[1A[0G[?25l[+] Building 15.4s (6/11)                                        docker:default
[34m => => sha256:34cd9e9fd437c0a095ec39cb2e73422c9f30821b0d0 8.93kB / 8.93kB  0.0s
[0m[34m => => sha256:d8f17b92dc7ff10f9c1fdecab0ad21103d1d24aed82 1.02kB / 1.02kB  0.0s
[0m[34m => => sha256:826a5616954ee645ca5c165d4c8c960d4d8d444347838cf 451B / 451B  0.0s
[0m[34m => => sha256:1da3cb2f93f2ca3c5bdaf4c024a7f1ebd717938d2 49.31MB / 49.31MB  0.4s
[0m[34m => => extracting sha256:1da3cb2f93f2ca3c5bdaf4c024a7f1ebd717938d20c858e4  1.4s
[0m[34m => [internal] load build context                                          0.0s
[0m[34m => => transferring context: 3.75kB                                        0.0s
[0m => [2/6] RUN apt-get update && apt-get --yes upgrade && apt-get install  12.9s
[?25h[1A[1A[1A[1A[1A[1A[1A[1A[1A[0G[?25l[+] Building 15.6s (6/11)                                        docker:default
[34m => => sha256:34cd9e9fd437c0a095ec39cb2e73422c9f30821b0d0 8.93kB / 8.93kB  0.0s
[0m[34m => => sha256:d8f17b92dc7ff10f9c1fdecab0ad21103d1d24aed82 1.02kB / 1.02kB  0.0s
[0m[34m => => sha256:826a5616954ee645ca5c165d4c8c960d4d8d444347838cf 451B / 451B  0.0s
[0m[34m => => sha256:1da3cb2f93f2ca3c5bdaf4c024a7f1ebd717938d2 49.31MB / 49.31MB  0.4s
[0m[34m => => extracting sha256:1da3cb2f93f2ca3c5bdaf4c024a7f1ebd717938d20c858e4  1.4s
[0m[34m => [internal] load build context                                          0.0s
[0m[34m => => transferring context: 3.75kB                                        0.0s
[0m => [2/6] RUN apt-get update && apt-get --yes upgrade && apt-get install  13.1s
[?25h[1A[1A[1A[1A[1A[1A[1A[1A[1A[0G[?25l[+] Building 15.7s (6/11)                                        docker:default
[34m => => sha256:34cd9e9fd437c0a095ec39cb2e73422c9f30821b0d0 8.93kB / 8.93kB  0.0s
[0m[34m => => sha256:d8f17b92dc7ff10f9c1fdecab0ad21103d1d24aed82 1.02kB / 1.02kB  0.0s
[0m[34m => => sha256:826a5616954ee645ca5c165d4c8c960d4d8d444347838cf 451B / 451B  0.0s
[0m[34m => => sha256:1da3cb2f93f2ca3c5bdaf4c024a7f1ebd717938d2 49.31MB / 49.31MB  0.4s
[0m[34m => => extracting sha256:1da3cb2f93f2ca3c5bdaf4c024a7f1ebd717938d20c858e4  1.4s
[0m[34m => [internal] load build context                                          0.0s
[0m[34m => => transferring context: 3.75kB                                        0.0s
[0m => [2/6] RUN apt-get update && apt-get --yes upgrade && apt-get install  13.2s
[?25h[1A[1A[1A[1A[1A[1A[1A[1A[1A[0G[?25l[+] Building 15.8s (6/11)                                        docker:default
[34m => => sha256:34cd9e9fd437c0a095ec39cb2e73422c9f30821b0d0 8.93kB / 8.93kB  0.0s
[0m[34m => => sha256:d8f17b92dc7ff10f9c1fdecab0ad21103d1d24aed82 1.02kB / 1.02kB  0.0s
[0m[34m => => sha256:826a5616954ee645ca5c165d4c8c960d4d8d444347838cf 451B / 451B  0.0s
[0m[34m => => sha256:1da3cb2f93f2ca3c5bdaf4c024a7f1ebd717938d2 49.31MB / 49.31MB  0.4s
[0m[34m => => extracting sha256:1da3cb2f93f2ca3c5bdaf4c024a7f1ebd717938d20c858e4  1.4s
[0m[34m => [internal] load build context                                          0.0s
[0m[34m => => transferring context: 3.75kB                                        0.0s
[0m => [2/6] RUN apt-get update && apt-get --yes upgrade && apt-get install  13.3s
[?25h[1A[1A[1A[1A[1A[1A[1A[1A[1A[0G[?25l[+] Building 16.0s (6/11)                                        docker:default
[34m => => sha256:34cd9e9fd437c0a095ec39cb2e73422c9f30821b0d0 8.93kB / 8.93kB  0.0s
[0m[34m => => sha256:d8f17b92dc7ff10f9c1fdecab0ad21103d1d24aed82 1.02kB / 1.02kB  0.0s
[0m[34m => => sha256:826a5616954ee645ca5c165d4c8c960d4d8d444347838cf 451B / 451B  0.0s
[0m[34m => => sha256:1da3cb2f93f2ca3c5bdaf4c024a7f1ebd717938d2 49.31MB / 49.31MB  0.4s
[0m[34m => => extracting sha256:1da3cb2f93f2ca3c5bdaf4c024a7f1ebd717938d20c858e4  1.4s
[0m[34m => [internal] load build context                                          0.0s
[0m[34m => => transferring context: 3.75kB                                        0.0s
[0m => [2/6] RUN apt-get update && apt-get --yes upgrade && apt-get install  13.4s
[?25h[1A[1A[1A[1A[1A[1A[1A[1A[1A[0G[?25l[+] Building 16.1s (6/11)                                        docker:default
[34m => => sha256:34cd9e9fd437c0a095ec39cb2e73422c9f30821b0d0 8.93kB / 8.93kB  0.0s
[0m[34m => => sha256:d8f17b92dc7ff10f9c1fdecab0ad21103d1d24aed82 1.02kB / 1.02kB  0.0s
[0m[34m => => sha256:826a5616954ee645ca5c165d4c8c960d4d8d444347838cf 451B / 451B  0.0s
[0m[34m => => sha256:1da3cb2f93f2ca3c5bdaf4c024a7f1ebd717938d2 49.31MB / 49.31MB  0.4s
[0m[34m => => extracting sha256:1da3cb2f93f2ca3c5bdaf4c024a7f1ebd717938d20c858e4  1.4s
[0m[34m => [internal] load build context                                          0.0s
[0m[34m => => transferring context: 3.75kB                                        0.0s
[0m => [2/6] RUN apt-get update && apt-get --yes upgrade && apt-get install  13.6s
[?25h[1A[1A[1A[1A[1A[1A[1A[1A[1A[0G[?25l[+] Building 16.3s (6/11)                                        docker:default
[34m => => sha256:34cd9e9fd437c0a095ec39cb2e73422c9f30821b0d0 8.93kB / 8.93kB  0.0s
[0m[34m => => sha256:d8f17b92dc7ff10f9c1fdecab0ad21103d1d24aed82 1.02kB / 1.02kB  0.0s
[0m[34m => => sha256:826a5616954ee645ca5c165d4c8c960d4d8d444347838cf 451B / 451B  0.0s
[0m[34m => => sha256:1da3cb2f93f2ca3c5bdaf4c024a7f1ebd717938d2 49.31MB / 49.31MB  0.4s
[0m[34m => => extracting sha256:1da3cb2f93f2ca3c5bdaf4c024a7f1ebd717938d20c858e4  1.4s
[0m[34m => [internal] load build context                                          0.0s
[0m[34m => => transferring context: 3.75kB                                        0.0s
[0m => [2/6] RUN apt-get update && apt-get --yes upgrade && apt-get install  13.7s
[?25h[1A[1A[1A[1A[1A[1A[1A[1A[1A[0G[?25l[+] Building 16.4s (6/11)                                        docker:default
[34m => => sha256:34cd9e9fd437c0a095ec39cb2e73422c9f30821b0d0 8.93kB / 8.93kB  0.0s
[0m[34m => => sha256:d8f17b92dc7ff10f9c1fdecab0ad21103d1d24aed82 1.02kB / 1.02kB  0.0s
[0m[34m => => sha256:826a5616954ee645ca5c165d4c8c960d4d8d444347838cf 451B / 451B  0.0s
[0m[34m => => sha256:1da3cb2f93f2ca3c5bdaf4c024a7f1ebd717938d2 49.31MB / 49.31MB  0.4s
[0m[34m => => extracting sha256:1da3cb2f93f2ca3c5bdaf4c024a7f1ebd717938d20c858e4  1.4s
[0m[34m => [internal] load build context                                          0.0s
[0m[34m => => transferring context: 3.75kB                                        0.0s
[0m => [2/6] RUN apt-get update && apt-get --yes upgrade && apt-get install  13.8s
[?25h[1A[1A[1A[1A[1A[1A[1A[1A[1A[0G[?25l[+] Building 16.5s (6/11)                                        docker:default
[34m => => sha256:34cd9e9fd437c0a095ec39cb2e73422c9f30821b0d0 8.93kB / 8.93kB  0.0s
[0m[34m => => sha256:d8f17b92dc7ff10f9c1fdecab0ad21103d1d24aed82 1.02kB / 1.02kB  0.0s
[0m[34m => => sha256:826a5616954ee645ca5c165d4c8c960d4d8d444347838cf 451B / 451B  0.0s
[0m[34m => => sha256:1da3cb2f93f2ca3c5bdaf4c024a7f1ebd717938d2 49.31MB / 49.31MB  0.4s
[0m[34m => => extracting sha256:1da3cb2f93f2ca3c5bdaf4c024a7f1ebd717938d20c858e4  1.4s
[0m[34m => [internal] load build context                                          0.0s
[0m[34m => => transferring context: 3.75kB                                        0.0s
[0m => [2/6] RUN apt-get update && apt-get --yes upgrade && apt-get install  14.0s
[?25h[1A[1A[1A[1A[1A[1A[1A[1A[1A[0G[?25l[+] Building 16.7s (6/11)                                        docker:default
[34m => => sha256:34cd9e9fd437c0a095ec39cb2e73422c9f30821b0d0 8.93kB / 8.93kB  0.0s
[0m[34m => => sha256:d8f17b92dc7ff10f9c1fdecab0ad21103d1d24aed82 1.02kB / 1.02kB  0.0s
[0m[34m => => sha256:826a5616954ee645ca5c165d4c8c960d4d8d444347838cf 451B / 451B  0.0s
[0m[34m => => sha256:1da3cb2f93f2ca3c5bdaf4c024a7f1ebd717938d2 49.31MB / 49.31MB  0.4s
[0m[34m => => extracting sha256:1da3cb2f93f2ca3c5bdaf4c024a7f1ebd717938d20c858e4  1.4s
[0m[34m => [internal] load build context                                          0.0s
[0m[34m => => transferring context: 3.75kB                                        0.0s
[0m => [2/6] RUN apt-get update && apt-get --yes upgrade && apt-get install  14.1s
[?25h[1A[1A[1A[1A[1A[1A[1A[1A[1A[0G[?25l[+] Building 16.8s (6/11)                                        docker:default
[34m => => sha256:34cd9e9fd437c0a095ec39cb2e73422c9f30821b0d0 8.93kB / 8.93kB  0.0s
[0m[34m => => sha256:d8f17b92dc7ff10f9c1fdecab0ad21103d1d24aed82 1.02kB / 1.02kB  0.0s
[0m[34m => => sha256:826a5616954ee645ca5c165d4c8c960d4d8d444347838cf 451B / 451B  0.0s
[0m[34m => => sha256:1da3cb2f93f2ca3c5bdaf4c024a7f1ebd717938d2 49.31MB / 49.31MB  0.4s
[0m[34m => => extracting sha256:1da3cb2f93f2ca3c5bdaf4c024a7f1ebd717938d20c858e4  1.4s
[0m[34m => [internal] load build context                                          0.0s
[0m[34m => => transferring context: 3.75kB                                        0.0s
[0m => [2/6] RUN apt-get update && apt-get --yes upgrade && apt-get install  14.3s
[?25h[1A[1A[1A[1A[1A[1A[1A[1A[1A[0G[?25l[+] Building 16.9s (6/11)                                        docker:default
[34m => => sha256:34cd9e9fd437c0a095ec39cb2e73422c9f30821b0d0 8.93kB / 8.93kB  0.0s
[0m[34m => => sha256:d8f17b92dc7ff10f9c1fdecab0ad21103d1d24aed82 1.02kB / 1.02kB  0.0s
[0m[34m => => sha256:826a5616954ee645ca5c165d4c8c960d4d8d444347838cf 451B / 451B  0.0s
[0m[34m => => sha256:1da3cb2f93f2ca3c5bdaf4c024a7f1ebd717938d2 49.31MB / 49.31MB  0.4s
[0m[34m => => extracting sha256:1da3cb2f93f2ca3c5bdaf4c024a7f1ebd717938d20c858e4  1.4s
[0m[34m => [internal] load build context                                          0.0s
[0m[34m => => transferring context: 3.75kB                                        0.0s
[0m => [2/6] RUN apt-get update && apt-get --yes upgrade && apt-get install  14.4s
[?25h[1A[1A[1A[1A[1A[1A[1A[1A[1A[0G[?25l[+] Building 17.1s (6/11)                                        docker:default
[34m => => sha256:34cd9e9fd437c0a095ec39cb2e73422c9f30821b0d0 8.93kB / 8.93kB  0.0s
[0m[34m => => sha256:d8f17b92dc7ff10f9c1fdecab0ad21103d1d24aed82 1.02kB / 1.02kB  0.0s
[0m[34m => => sha256:826a5616954ee645ca5c165d4c8c960d4d8d444347838cf 451B / 451B  0.0s
[0m[34m => => sha256:1da3cb2f93f2ca3c5bdaf4c024a7f1ebd717938d2 49.31MB / 49.31MB  0.4s
[0m[34m => => extracting sha256:1da3cb2f93f2ca3c5bdaf4c024a7f1ebd717938d20c858e4  1.4s
[0m[34m => [internal] load build context                                          0.0s
[0m[34m => => transferring context: 3.75kB                                        0.0s
[0m => [2/6] RUN apt-get update && apt-get --yes upgrade && apt-get install  14.5s
[?25h[1A[1A[1A[1A[1A[1A[1A[1A[1A[0G[?25l[+] Building 17.3s (6/11)                                        docker:default
[34m => => sha256:34cd9e9fd437c0a095ec39cb2e73422c9f30821b0d0 8.93kB / 8.93kB  0.0s
[0m[34m => => sha256:d8f17b92dc7ff10f9c1fdecab0ad21103d1d24aed82 1.02kB / 1.02kB  0.0s
[0m[34m => => sha256:826a5616954ee645ca5c165d4c8c960d4d8d444347838cf 451B / 451B  0.0s
[0m[34m => => sha256:1da3cb2f93f2ca3c5bdaf4c024a7f1ebd717938d2 49.31MB / 49.31MB  0.4s
[0m[34m => => extracting sha256:1da3cb2f93f2ca3c5bdaf4c024a7f1ebd717938d20c858e4  1.4s
[0m[34m => [internal] load build context                                          0.0s
[0m[34m => => transferring context: 3.75kB                                        0.0s
[0m => [2/6] RUN apt-get update && apt-get --yes upgrade && apt-get install  14.7s
[?25h[1A[1A[1A[1A[1A[1A[1A[1A[1A[0G[?25l[+] Building 17.4s (6/11)                                        docker:default
[34m => => sha256:34cd9e9fd437c0a095ec39cb2e73422c9f30821b0d0 8.93kB / 8.93kB  0.0s
[0m[34m => => sha256:d8f17b92dc7ff10f9c1fdecab0ad21103d1d24aed82 1.02kB / 1.02kB  0.0s
[0m[34m => => sha256:826a5616954ee645ca5c165d4c8c960d4d8d444347838cf 451B / 451B  0.0s
[0m[34m => => sha256:1da3cb2f93f2ca3c5bdaf4c024a7f1ebd717938d2 49.31MB / 49.31MB  0.4s
[0m[34m => => extracting sha256:1da3cb2f93f2ca3c5bdaf4c024a7f1ebd717938d20c858e4  1.4s
[0m[34m => [internal] load build context                                          0.0s
[0m[34m => => transferring context: 3.75kB                                        0.0s
[0m => [2/6] RUN apt-get update && apt-get --yes upgrade && apt-get install  14.9s
[?25h[1A[1A[1A[1A[1A[1A[1A[1A[1A[0G[?25l[+] Building 17.6s (6/11)                                        docker:default
[34m => => sha256:34cd9e9fd437c0a095ec39cb2e73422c9f30821b0d0 8.93kB / 8.93kB  0.0s
[0m[34m => => sha256:d8f17b92dc7ff10f9c1fdecab0ad21103d1d24aed82 1.02kB / 1.02kB  0.0s
[0m[34m => => sha256:826a5616954ee645ca5c165d4c8c960d4d8d444347838cf 451B / 451B  0.0s
[0m[34m => => sha256:1da3cb2f93f2ca3c5bdaf4c024a7f1ebd717938d2 49.31MB / 49.31MB  0.4s
[0m[34m => => extracting sha256:1da3cb2f93f2ca3c5bdaf4c024a7f1ebd717938d20c858e4  1.4s
[0m[34m => [internal] load build context                                          0.0s
[0m[34m => => transferring context: 3.75kB                                        0.0s
[0m => [2/6] RUN apt-get update && apt-get --yes upgrade && apt-get install  15.0s
[?25h[1A[1A[1A[1A[1A[1A[1A[1A[1A[0G[?25l[+] Building 17.7s (6/11)                                        docker:default
[34m => => sha256:34cd9e9fd437c0a095ec39cb2e73422c9f30821b0d0 8.93kB / 8.93kB  0.0s
[0m[34m => => sha256:d8f17b92dc7ff10f9c1fdecab0ad21103d1d24aed82 1.02kB / 1.02kB  0.0s
[0m[34m => => sha256:826a5616954ee645ca5c165d4c8c960d4d8d444347838cf 451B / 451B  0.0s
[0m[34m => => sha256:1da3cb2f93f2ca3c5bdaf4c024a7f1ebd717938d2 49.31MB / 49.31MB  0.4s
[0m[34m => => extracting sha256:1da3cb2f93f2ca3c5bdaf4c024a7f1ebd717938d20c858e4  1.4s
[0m[34m => [internal] load build context                                          0.0s
[0m[34m => => transferring context: 3.75kB                                        0.0s
[0m => [2/6] RUN apt-get update && apt-get --yes upgrade && apt-get install  15.2s
[?25h[1A[1A[1A[1A[1A[1A[1A[1A[1A[0G[?25l[+] Building 17.9s (6/11)                                        docker:default
[34m => => sha256:34cd9e9fd437c0a095ec39cb2e73422c9f30821b0d0 8.93kB / 8.93kB  0.0s
[0m[34m => => sha256:d8f17b92dc7ff10f9c1fdecab0ad21103d1d24aed82 1.02kB / 1.02kB  0.0s
[0m[34m => => sha256:826a5616954ee645ca5c165d4c8c960d4d8d444347838cf 451B / 451B  0.0s
[0m[34m => => sha256:1da3cb2f93f2ca3c5bdaf4c024a7f1ebd717938d2 49.31MB / 49.31MB  0.4s
[0m[34m => => extracting sha256:1da3cb2f93f2ca3c5bdaf4c024a7f1ebd717938d20c858e4  1.4s
[0m[34m => [internal] load build context                                          0.0s
[0m[34m => => transferring context: 3.75kB                                        0.0s
[0m => [2/6] RUN apt-get update && apt-get --yes upgrade && apt-get install  15.3s
[?25h[1A[1A[1A[1A[1A[1A[1A[1A[1A[0G[?25l[+] Building 18.0s (6/11)                                        docker:default
[34m => => sha256:34cd9e9fd437c0a095ec39cb2e73422c9f30821b0d0 8.93kB / 8.93kB  0.0s
[0m[34m => => sha256:d8f17b92dc7ff10f9c1fdecab0ad21103d1d24aed82 1.02kB / 1.02kB  0.0s
[0m[34m => => sha256:826a5616954ee645ca5c165d4c8c960d4d8d444347838cf 451B / 451B  0.0s
[0m[34m => => sha256:1da3cb2f93f2ca3c5bdaf4c024a7f1ebd717938d2 49.31MB / 49.31MB  0.4s
[0m[34m => => extracting sha256:1da3cb2f93f2ca3c5bdaf4c024a7f1ebd717938d20c858e4  1.4s
[0m[34m => [internal] load build context                                          0.0s
[0m[34m => => transferring context: 3.75kB                                        0.0s
[0m => [2/6] RUN apt-get update && apt-get --yes upgrade && apt-get install  15.5s
[?25h[1A[1A[1A[1A[1A[1A[1A[1A[1A[0G[?25l[+] Building 18.2s (6/11)                                        docker:default
[34m => => sha256:34cd9e9fd437c0a095ec39cb2e73422c9f30821b0d0 8.93kB / 8.93kB  0.0s
[0m[34m => => sha256:d8f17b92dc7ff10f9c1fdecab0ad21103d1d24aed82 1.02kB / 1.02kB  0.0s
[0m[34m => => sha256:826a5616954ee645ca5c165d4c8c960d4d8d444347838cf 451B / 451B  0.0s
[0m[34m => => sha256:1da3cb2f93f2ca3c5bdaf4c024a7f1ebd717938d2 49.31MB / 49.31MB  0.4s
[0m[34m => => extracting sha256:1da3cb2f93f2ca3c5bdaf4c024a7f1ebd717938d20c858e4  1.4s
[0m[34m => [internal] load build context                                          0.0s
[0m[34m => => transferring context: 3.75kB                                        0.0s
[0m => [2/6] RUN apt-get update && apt-get --yes upgrade && apt-get install  15.6s
[?25h[1A[1A[1A[1A[1A[1A[1A[1A[1A[0G[?25l[+] Building 18.3s (6/11)                                        docker:default
[34m => => sha256:34cd9e9fd437c0a095ec39cb2e73422c9f30821b0d0 8.93kB / 8.93kB  0.0s
[0m[34m => => sha256:d8f17b92dc7ff10f9c1fdecab0ad21103d1d24aed82 1.02kB / 1.02kB  0.0s
[0m[34m => => sha256:826a5616954ee645ca5c165d4c8c960d4d8d444347838cf 451B / 451B  0.0s
[0m[34m => => sha256:1da3cb2f93f2ca3c5bdaf4c024a7f1ebd717938d2 49.31MB / 49.31MB  0.4s
[0m[34m => => extracting sha256:1da3cb2f93f2ca3c5bdaf4c024a7f1ebd717938d20c858e4  1.4s
[0m[34m => [internal] load build context                                          0.0s
[0m[34m => => transferring context: 3.75kB                                        0.0s
[0m => [2/6] RUN apt-get update && apt-get --yes upgrade && apt-get install  15.8s
[?25h[1A[1A[1A[1A[1A[1A[1A[1A[1A[0G[?25l[+] Building 18.5s (6/11)                                        docker:default
[34m => => sha256:34cd9e9fd437c0a095ec39cb2e73422c9f30821b0d0 8.93kB / 8.93kB  0.0s
[0m[34m => => sha256:d8f17b92dc7ff10f9c1fdecab0ad21103d1d24aed82 1.02kB / 1.02kB  0.0s
[0m[34m => => sha256:826a5616954ee645ca5c165d4c8c960d4d8d444347838cf 451B / 451B  0.0s
[0m[34m => => sha256:1da3cb2f93f2ca3c5bdaf4c024a7f1ebd717938d2 49.31MB / 49.31MB  0.4s
[0m[34m => => extracting sha256:1da3cb2f93f2ca3c5bdaf4c024a7f1ebd717938d20c858e4  1.4s
[0m[34m => [internal] load build context                                          0.0s
[0m[34m => => transferring context: 3.75kB                                        0.0s
[0m => [2/6] RUN apt-get update && apt-get --yes upgrade && apt-get install  15.9s
[?25h[1A[1A[1A[1A[1A[1A[1A[1A[1A[0G[?25l[+] Building 18.6s (6/11)                                        docker:default
[34m => => sha256:34cd9e9fd437c0a095ec39cb2e73422c9f30821b0d0 8.93kB / 8.93kB  0.0s
[0m[34m => => sha256:d8f17b92dc7ff10f9c1fdecab0ad21103d1d24aed82 1.02kB / 1.02kB  0.0s
[0m[34m => => sha256:826a5616954ee645ca5c165d4c8c960d4d8d444347838cf 451B / 451B  0.0s
[0m[34m => => sha256:1da3cb2f93f2ca3c5bdaf4c024a7f1ebd717938d2 49.31MB / 49.31MB  0.4s
[0m[34m => => extracting sha256:1da3cb2f93f2ca3c5bdaf4c024a7f1ebd717938d20c858e4  1.4s
[0m[34m => [internal] load build context                                          0.0s
[0m[34m => => transferring context: 3.75kB                                        0.0s
[0m => [2/6] RUN apt-get update && apt-get --yes upgrade && apt-get install  16.1s
[?25h[1A[1A[1A[1A[1A[1A[1A[1A[1A[0G[?25l[+] Building 18.8s (6/11)                                        docker:default
[34m => => sha256:34cd9e9fd437c0a095ec39cb2e73422c9f30821b0d0 8.93kB / 8.93kB  0.0s
[0m[34m => => sha256:d8f17b92dc7ff10f9c1fdecab0ad21103d1d24aed82 1.02kB / 1.02kB  0.0s
[0m[34m => => sha256:826a5616954ee645ca5c165d4c8c960d4d8d444347838cf 451B / 451B  0.0s
[0m[34m => => sha256:1da3cb2f93f2ca3c5bdaf4c024a7f1ebd717938d2 49.31MB / 49.31MB  0.4s
[0m[34m => => extracting sha256:1da3cb2f93f2ca3c5bdaf4c024a7f1ebd717938d20c858e4  1.4s
[0m[34m => [internal] load build context                                          0.0s
[0m[34m => => transferring context: 3.75kB                                        0.0s
[0m => [2/6] RUN apt-get update && apt-get --yes upgrade && apt-get install  16.2s
[?25h[1A[1A[1A[1A[1A[1A[1A[1A[1A[0G[?25l[+] Building 18.9s (6/11)                                        docker:default
[34m => => sha256:34cd9e9fd437c0a095ec39cb2e73422c9f30821b0d0 8.93kB / 8.93kB  0.0s
[0m[34m => => sha256:d8f17b92dc7ff10f9c1fdecab0ad21103d1d24aed82 1.02kB / 1.02kB  0.0s
[0m[34m => => sha256:826a5616954ee645ca5c165d4c8c960d4d8d444347838cf 451B / 451B  0.0s
[0m[34m => => sha256:1da3cb2f93f2ca3c5bdaf4c024a7f1ebd717938d2 49.31MB / 49.31MB  0.4s
[0m[34m => => extracting sha256:1da3cb2f93f2ca3c5bdaf4c024a7f1ebd717938d20c858e4  1.4s
[0m[34m => [internal] load build context                                          0.0s
[0m[34m => => transferring context: 3.75kB                                        0.0s
[0m => [2/6] RUN apt-get update && apt-get --yes upgrade && apt-get install  16.4s
[?25h[1A[1A[1A[1A[1A[1A[1A[1A[1A[0G[?25l[+] Building 19.0s (7/11)                                        docker:default
[34m => => sha256:34cd9e9fd437c0a095ec39cb2e73422c9f30821b0d0 8.93kB / 8.93kB  0.0s
[0m[34m => => sha256:d8f17b92dc7ff10f9c1fdecab0ad21103d1d24aed82 1.02kB / 1.02kB  0.0s
[0m[34m => => sha256:826a5616954ee645ca5c165d4c8c960d4d8d444347838cf 451B / 451B  0.0s
[0m[34m => => sha256:1da3cb2f93f2ca3c5bdaf4c024a7f1ebd717938d2 49.31MB / 49.31MB  0.4s
[0m[34m => => extracting sha256:1da3cb2f93f2ca3c5bdaf4c024a7f1ebd717938d20c858e4  1.4s
[0m[34m => [internal] load build context                                          0.0s
[0m[34m => => transferring context: 3.75kB                                        0.0s
[0m[34m => [2/6] RUN apt-get update && apt-get --yes upgrade && apt-get install  16.4s
[0m[?25h[1A[1A[1A[1A[1A[1A[1A[1A[1A[0G[?25l[+] Building 19.1s (9/11)                                        docker:default
[34m => => sha256:826a5616954ee645ca5c165d4c8c960d4d8d444347838cf 451B / 451B  0.0s
[0m[34m => => sha256:1da3cb2f93f2ca3c5bdaf4c024a7f1ebd717938d2 49.31MB / 49.31MB  0.4s
[0m[34m => => extracting sha256:1da3cb2f93f2ca3c5bdaf4c024a7f1ebd717938d20c858e4  1.4s
[0m[34m => [internal] load build context                                          0.0s
[0m[34m => => transferring context: 3.75kB                                        0.0s
[0m[34m => [2/6] RUN apt-get update && apt-get --yes upgrade && apt-get install  16.4s
[0m[34m => [3/6] COPY qubes_43.sources /etc/apt/sources.list.d/                   0.0s
[0m[34m => [4/6] RUN sed -i s/##VERSION_CODENAME##/trixie/ /etc/apt/sources.list  0.1s
[0m[?25h[1A[1A[1A[1A[1A[1A[1A[1A[1A[0G[?25l[+] Building 19.3s (10/11)                                       docker:default
[34m => => extracting sha256:1da3cb2f93f2ca3c5bdaf4c024a7f1ebd717938d20c858e4  1.4s
[0m[34m => [internal] load build context                                          0.0s
[0m[34m => => transferring context: 3.75kB                                        0.0s
[0m[34m => [2/6] RUN apt-get update && apt-get --yes upgrade && apt-get install  16.4s
[0m[34m => [3/6] COPY qubes_43.sources /etc/apt/sources.list.d/                   0.0s
[0m[34m => [4/6] RUN sed -i s/##VERSION_CODENAME##/trixie/ /etc/apt/sources.list  0.1s
[0m[34m => [5/6] COPY nodesource-node24.sources /etc/apt/sources.list.d/          0.0s
[0m => [6/6] RUN TMPDIR=`mktemp -d` && cd ${TMPDIR}         && curl --proto   0.2s
[?25h[1A[1A[1A[1A[1A[1A[1A[1A[1A[0G[?25l[+] Building 19.4s (10/11)                                       docker:default
[34m => => extracting sha256:1da3cb2f93f2ca3c5bdaf4c024a7f1ebd717938d20c858e4  1.4s
[0m[34m => [internal] load build context                                          0.0s
[0m[34m => => transferring context: 3.75kB                                        0.0s
[0m[34m => [2/6] RUN apt-get update && apt-get --yes upgrade && apt-get install  16.4s
[0m[34m => [3/6] COPY qubes_43.sources /etc/apt/sources.list.d/                   0.0s
[0m[34m => [4/6] RUN sed -i s/##VERSION_CODENAME##/trixie/ /etc/apt/sources.list  0.1s
[0m[34m => [5/6] COPY nodesource-node24.sources /etc/apt/sources.list.d/          0.0s
[0m => [6/6] RUN TMPDIR=`mktemp -d` && cd ${TMPDIR}         && curl --proto   0.3s
[?25h[1A[1A[1A[1A[1A[1A[1A[1A[1A[0G[?25l[+] Building 19.6s (10/11)                                       docker:default
[34m => => extracting sha256:1da3cb2f93f2ca3c5bdaf4c024a7f1ebd717938d20c858e4  1.4s
[0m[34m => [internal] load build context                                          0.0s
[0m[34m => => transferring context: 3.75kB                                        0.0s
[0m[34m => [2/6] RUN apt-get update && apt-get --yes upgrade && apt-get install  16.4s
[0m[34m => [3/6] COPY qubes_43.sources /etc/apt/sources.list.d/                   0.0s
[0m[34m => [4/6] RUN sed -i s/##VERSION_CODENAME##/trixie/ /etc/apt/sources.list  0.1s
[0m[34m => [5/6] COPY nodesource-node24.sources /etc/apt/sources.list.d/          0.0s
[0m => [6/6] RUN TMPDIR=`mktemp -d` && cd ${TMPDIR}         && curl --proto   0.5s
[?25h[1A[1A[1A[1A[1A[1A[1A[1A[1A[0G[?25l[+] Building 19.6s (10/11)                                       docker:default
[34m => => extracting sha256:1da3cb2f93f2ca3c5bdaf4c024a7f1ebd717938d20c858e4  1.4s
[0m[34m => [internal] load build context                                          0.0s
[0m[34m => => transferring context: 3.75kB                                        0.0s
[0m[34m => [2/6] RUN apt-get update && apt-get --yes upgrade && apt-get install  16.4s
[0m[34m => [3/6] COPY qubes_43.sources /etc/apt/sources.list.d/                   0.0s
[0m[34m => [4/6] RUN sed -i s/##VERSION_CODENAME##/trixie/ /etc/apt/sources.list  0.1s
[0m[34m => [5/6] COPY nodesource-node24.sources /etc/apt/sources.list.d/          0.0s
[0m => [6/6] RUN TMPDIR=`mktemp -d` && cd ${TMPDIR}         && curl --proto   0.5s
[?25h[1A[1A[1A[1A[1A[1A[1A[1A[1A[0G[?25l[+] Building 19.8s (10/11)                                       docker:default
[34m => => extracting sha256:1da3cb2f93f2ca3c5bdaf4c024a7f1ebd717938d20c858e4  1.4s
[0m[34m => [internal] load build context                                          0.0s
[0m[34m => => transferring context: 3.75kB                                        0.0s
[0m[34m => [2/6] RUN apt-get update && apt-get --yes upgrade && apt-get install  16.4s
[0m[34m => [3/6] COPY qubes_43.sources /etc/apt/sources.list.d/                   0.0s
[0m[34m => [4/6] RUN sed -i s/##VERSION_CODENAME##/trixie/ /etc/apt/sources.list  0.1s
[0m[34m => [5/6] COPY nodesource-node24.sources /etc/apt/sources.list.d/          0.0s
[0m => [6/6] RUN TMPDIR=`mktemp -d` && cd ${TMPDIR}         && curl --proto   0.6s
[?25h[1A[1A[1A[1A[1A[1A[1A[1A[1A[0G[?25l[+] Building 19.8s (10/11)                                       docker:default
[34m => => extracting sha256:1da3cb2f93f2ca3c5bdaf4c024a7f1ebd717938d20c858e4  1.4s
[0m[34m => [internal] load build context                                          0.0s
[0m[34m => => transferring context: 3.75kB                                        0.0s
[0m[34m => [2/6] RUN apt-get update && apt-get --yes upgrade && apt-get install  16.4s
[0m[34m => [3/6] COPY qubes_43.sources /etc/apt/sources.list.d/                   0.0s
[0m[34m => [4/6] RUN sed -i s/##VERSION_CODENAME##/trixie/ /etc/apt/sources.list  0.1s
[0m[34m => [5/6] COPY nodesource-node24.sources /etc/apt/sources.list.d/          0.0s
[0m => [6/6] RUN TMPDIR=`mktemp -d` && cd ${TMPDIR}         && curl --proto   0.7s
[?25h[1A[1A[1A[1A[1A[1A[1A[1A[1A[0G[?25l[+] Building 20.0s (10/11)                                       docker:default
[34m => => extracting sha256:1da3cb2f93f2ca3c5bdaf4c024a7f1ebd717938d20c858e4  1.4s
[0m[34m => [internal] load build context                                          0.0s
[0m[34m => => transferring context: 3.75kB                                        0.0s
[0m[34m => [2/6] RUN apt-get update && apt-get --yes upgrade && apt-get install  16.4s
[0m[34m => [3/6] COPY qubes_43.sources /etc/apt/sources.list.d/                   0.0s
[0m[34m => [4/6] RUN sed -i s/##VERSION_CODENAME##/trixie/ /etc/apt/sources.list  0.1s
[0m[34m => [5/6] COPY nodesource-node24.sources /etc/apt/sources.list.d/          0.0s
[0m => [6/6] RUN TMPDIR=`mktemp -d` && cd ${TMPDIR}         && curl --proto   0.8s
[?25h[1A[1A[1A[1A[1A[1A[1A[1A[1A[0G[?25l[+] Building 20.0s (10/11)                                       docker:default
[34m => => extracting sha256:1da3cb2f93f2ca3c5bdaf4c024a7f1ebd717938d20c858e4  1.4s
[0m[34m => [internal] load build context                                          0.0s
[0m[34m => => transferring context: 3.75kB                                        0.0s
[0m[34m => [2/6] RUN apt-get update && apt-get --yes upgrade && apt-get install  16.4s
[0m[34m => [3/6] COPY qubes_43.sources /etc/apt/sources.list.d/                   0.0s
[0m[34m => [4/6] RUN sed -i s/##VERSION_CODENAME##/trixie/ /etc/apt/sources.list  0.1s
[0m[34m => [5/6] COPY nodesource-node24.sources /etc/apt/sources.list.d/          0.0s
[0m => [6/6] RUN TMPDIR=`mktemp -d` && cd ${TMPDIR}         && curl --proto   0.9s
[?25h[1A[1A[1A[1A[1A[1A[1A[1A[1A[0G[?25l[+] Building 20.1s (10/11)                                       docker:default
[34m => => extracting sha256:1da3cb2f93f2ca3c5bdaf4c024a7f1ebd717938d20c858e4  1.4s
[0m[34m => [internal] load build context                                          0.0s
[0m[34m => => transferring context: 3.75kB                                        0.0s
[0m[34m => [2/6] RUN apt-get update && apt-get --yes upgrade && apt-get install  16.4s
[0m[34m => [3/6] COPY qubes_43.sources /etc/apt/sources.list.d/                   0.0s
[0m[34m => [4/6] RUN sed -i s/##VERSION_CODENAME##/trixie/ /etc/apt/sources.list  0.1s
[0m[34m => [5/6] COPY nodesource-node24.sources /etc/apt/sources.list.d/          0.0s
[0m => [6/6] RUN TMPDIR=`mktemp -d` && cd ${TMPDIR}         && curl --proto   1.0s
[?25h[1A[1A[1A[1A[1A[1A[1A[1A[1A[0G[?25l[+] Building 20.3s (10/11)                                       docker:default
[34m => => extracting sha256:1da3cb2f93f2ca3c5bdaf4c024a7f1ebd717938d20c858e4  1.4s
[0m[34m => [internal] load build context                                          0.0s
[0m[34m => => transferring context: 3.75kB                                        0.0s
[0m[34m => [2/6] RUN apt-get update && apt-get --yes upgrade && apt-get install  16.4s
[0m[34m => [3/6] COPY qubes_43.sources /etc/apt/sources.list.d/                   0.0s
[0m[34m => [4/6] RUN sed -i s/##VERSION_CODENAME##/trixie/ /etc/apt/sources.list  0.1s
[0m[34m => [5/6] COPY nodesource-node24.sources /etc/apt/sources.list.d/          0.0s
[0m => [6/6] RUN TMPDIR=`mktemp -d` && cd ${TMPDIR}         && curl --proto   1.2s
[?25h[1A[1A[1A[1A[1A[1A[1A[1A[1A[0G[?25l[+] Building 20.3s (10/11)                                       docker:default
[34m => => extracting sha256:1da3cb2f93f2ca3c5bdaf4c024a7f1ebd717938d20c858e4  1.4s
[0m[34m => [internal] load build context                                          0.0s
[0m[34m => => transferring context: 3.75kB                                        0.0s
[0m[34m => [2/6] RUN apt-get update && apt-get --yes upgrade && apt-get install  16.4s
[0m[34m => [3/6] COPY qubes_43.sources /etc/apt/sources.list.d/                   0.0s
[0m[34m => [4/6] RUN sed -i s/##VERSION_CODENAME##/trixie/ /etc/apt/sources.list  0.1s
[0m[34m => [5/6] COPY nodesource-node24.sources /etc/apt/sources.list.d/          0.0s
[0m => [6/6] RUN TMPDIR=`mktemp -d` && cd ${TMPDIR}         && curl --proto   1.2s
[?25h[1A[1A[1A[1A[1A[1A[1A[1A[1A[0G[?25l[+] Building 20.5s (10/11)                                       docker:default
[34m => => extracting sha256:1da3cb2f93f2ca3c5bdaf4c024a7f1ebd717938d20c858e4  1.4s
[0m[34m => [internal] load build context                                          0.0s
[0m[34m => => transferring context: 3.75kB                                        0.0s
[0m[34m => [2/6] RUN apt-get update && apt-get --yes upgrade && apt-get install  16.4s
[0m[34m => [3/6] COPY qubes_43.sources /etc/apt/sources.list.d/                   0.0s
[0m[34m => [4/6] RUN sed -i s/##VERSION_CODENAME##/trixie/ /etc/apt/sources.list  0.1s
[0m[34m => [5/6] COPY nodesource-node24.sources /etc/apt/sources.list.d/          0.0s
[0m => [6/6] RUN TMPDIR=`mktemp -d` && cd ${TMPDIR}         && curl --proto   1.4s
[?25h[1A[1A[1A[1A[1A[1A[1A[1A[1A[0G[?25l[+] Building 20.6s (10/11)                                       docker:default
[34m => => extracting sha256:1da3cb2f93f2ca3c5bdaf4c024a7f1ebd717938d20c858e4  1.4s
[0m[34m => [internal] load build context                                          0.0s
[0m[34m => => transferring context: 3.75kB                                        0.0s
[0m[34m => [2/6] RUN apt-get update && apt-get --yes upgrade && apt-get install  16.4s
[0m[34m => [3/6] COPY qubes_43.sources /etc/apt/sources.list.d/                   0.0s
[0m[34m => [4/6] RUN sed -i s/##VERSION_CODENAME##/trixie/ /etc/apt/sources.list  0.1s
[0m[34m => [5/6] COPY nodesource-node24.sources /etc/apt/sources.list.d/          0.0s
[0m => [6/6] RUN TMPDIR=`mktemp -d` && cd ${TMPDIR}         && curl --proto   1.5s
[?25h[1A[1A[1A[1A[1A[1A[1A[1A[1A[0G[?25l[+] Building 20.8s (10/11)                                       docker:default
[34m => => extracting sha256:1da3cb2f93f2ca3c5bdaf4c024a7f1ebd717938d20c858e4  1.4s
[0m[34m => [internal] load build context                                          0.0s
[0m[34m => => transferring context: 3.75kB                                        0.0s
[0m[34m => [2/6] RUN apt-get update && apt-get --yes upgrade && apt-get install  16.4s
[0m[34m => [3/6] COPY qubes_43.sources /etc/apt/sources.list.d/                   0.0s
[0m[34m => [4/6] RUN sed -i s/##VERSION_CODENAME##/trixie/ /etc/apt/sources.list  0.1s
[0m[34m => [5/6] COPY nodesource-node24.sources /etc/apt/sources.list.d/          0.0s
[0m => [6/6] RUN TMPDIR=`mktemp -d` && cd ${TMPDIR}         && curl --proto   1.7s
[?25h[1A[1A[1A[1A[1A[1A[1A[1A[1A[0G[?25l[+] Building 20.9s (10/11)                                       docker:default
[34m => => extracting sha256:1da3cb2f93f2ca3c5bdaf4c024a7f1ebd717938d20c858e4  1.4s
[0m[34m => [internal] load build context                                          0.0s
[0m[34m => => transferring context: 3.75kB                                        0.0s
[0m[34m => [2/6] RUN apt-get update && apt-get --yes upgrade && apt-get install  16.4s
[0m[34m => [3/6] COPY qubes_43.sources /etc/apt/sources.list.d/                   0.0s
[0m[34m => [4/6] RUN sed -i s/##VERSION_CODENAME##/trixie/ /etc/apt/sources.list  0.1s
[0m[34m => [5/6] COPY nodesource-node24.sources /etc/apt/sources.list.d/          0.0s
[0m => [6/6] RUN TMPDIR=`mktemp -d` && cd ${TMPDIR}         && curl --proto   1.8s
[?25h[1A[1A[1A[1A[1A[1A[1A[1A[1A[0G[?25l[+] Building 21.1s (10/11)                                       docker:default
[34m => => extracting sha256:1da3cb2f93f2ca3c5bdaf4c024a7f1ebd717938d20c858e4  1.4s
[0m[34m => [internal] load build context                                          0.0s
[0m[34m => => transferring context: 3.75kB                                        0.0s
[0m[34m => [2/6] RUN apt-get update && apt-get --yes upgrade && apt-get install  16.4s
[0m[34m => [3/6] COPY qubes_43.sources /etc/apt/sources.list.d/                   0.0s
[0m[34m => [4/6] RUN sed -i s/##VERSION_CODENAME##/trixie/ /etc/apt/sources.list  0.1s
[0m[34m => [5/6] COPY nodesource-node24.sources /etc/apt/sources.list.d/          0.0s
[0m => [6/6] RUN TMPDIR=`mktemp -d` && cd ${TMPDIR}         && curl --proto   2.0s
[?25h[1A[1A[1A[1A[1A[1A[1A[1A[1A[0G[?25l[+] Building 21.1s (10/11)                                       docker:default
[34m => => extracting sha256:1da3cb2f93f2ca3c5bdaf4c024a7f1ebd717938d20c858e4  1.4s
[0m[34m => [internal] load build context                                          0.0s
[0m[34m => => transferring context: 3.75kB                                        0.0s
[0m[34m => [2/6] RUN apt-get update && apt-get --yes upgrade && apt-get install  16.4s
[0m[34m => [3/6] COPY qubes_43.sources /etc/apt/sources.list.d/                   0.0s
[0m[34m => [4/6] RUN sed -i s/##VERSION_CODENAME##/trixie/ /etc/apt/sources.list  0.1s
[0m[34m => [5/6] COPY nodesource-node24.sources /etc/apt/sources.list.d/          0.0s
[0m => [6/6] RUN TMPDIR=`mktemp -d` && cd ${TMPDIR}         && curl --proto   2.0s
[?25h[1A[1A[1A[1A[1A[1A[1A[1A[1A[0G[?25l[+] Building 21.3s (10/11)                                       docker:default
[34m => => extracting sha256:1da3cb2f93f2ca3c5bdaf4c024a7f1ebd717938d20c858e4  1.4s
[0m[34m => [internal] load build context                                          0.0s
[0m[34m => => transferring context: 3.75kB                                        0.0s
[0m[34m => [2/6] RUN apt-get update && apt-get --yes upgrade && apt-get install  16.4s
[0m[34m => [3/6] COPY qubes_43.sources /etc/apt/sources.list.d/                   0.0s
[0m[34m => [4/6] RUN sed -i s/##VERSION_CODENAME##/trixie/ /etc/apt/sources.list  0.1s
[0m[34m => [5/6] COPY nodesource-node24.sources /etc/apt/sources.list.d/          0.0s
[0m => [6/6] RUN TMPDIR=`mktemp -d` && cd ${TMPDIR}         && curl --proto   2.1s
[?25h[1A[1A[1A[1A[1A[1A[1A[1A[1A[0G[?25l[+] Building 21.4s (10/11)                                       docker:default
[34m => => extracting sha256:1da3cb2f93f2ca3c5bdaf4c024a7f1ebd717938d20c858e4  1.4s
[0m[34m => [internal] load build context                                          0.0s
[0m[34m => => transferring context: 3.75kB                                        0.0s
[0m[34m => [2/6] RUN apt-get update && apt-get --yes upgrade && apt-get install  16.4s
[0m[34m => [3/6] COPY qubes_43.sources /etc/apt/sources.list.d/                   0.0s
[0m[34m => [4/6] RUN sed -i s/##VERSION_CODENAME##/trixie/ /etc/apt/sources.list  0.1s
[0m[34m => [5/6] COPY nodesource-node24.sources /etc/apt/sources.list.d/          0.0s
[0m => [6/6] RUN TMPDIR=`mktemp -d` && cd ${TMPDIR}         && curl --proto   2.3s
[?25h[1A[1A[1A[1A[1A[1A[1A[1A[1A[0G[?25l[+] Building 21.6s (10/11)                                       docker:default
[34m => => extracting sha256:1da3cb2f93f2ca3c5bdaf4c024a7f1ebd717938d20c858e4  1.4s
[0m[34m => [internal] load build context                                          0.0s
[0m[34m => => transferring context: 3.75kB                                        0.0s
[0m[34m => [2/6] RUN apt-get update && apt-get --yes upgrade && apt-get install  16.4s
[0m[34m => [3/6] COPY qubes_43.sources /etc/apt/sources.list.d/                   0.0s
[0m[34m => [4/6] RUN sed -i s/##VERSION_CODENAME##/trixie/ /etc/apt/sources.list  0.1s
[0m[34m => [5/6] COPY nodesource-node24.sources /etc/apt/sources.list.d/          0.0s
[0m => [6/6] RUN TMPDIR=`mktemp -d` && cd ${TMPDIR}         && curl --proto   2.4s
[?25h[1A[1A[1A[1A[1A[1A[1A[1A[1A[0G[?25l[+] Building 21.7s (10/11)                                       docker:default
[34m => => extracting sha256:1da3cb2f93f2ca3c5bdaf4c024a7f1ebd717938d20c858e4  1.4s
[0m[34m => [internal] load build context                                          0.0s
[0m[34m => => transferring context: 3.75kB                                        0.0s
[0m[34m => [2/6] RUN apt-get update && apt-get --yes upgrade && apt-get install  16.4s
[0m[34m => [3/6] COPY qubes_43.sources /etc/apt/sources.list.d/                   0.0s
[0m[34m => [4/6] RUN sed -i s/##VERSION_CODENAME##/trixie/ /etc/apt/sources.list  0.1s
[0m[34m => [5/6] COPY nodesource-node24.sources /etc/apt/sources.list.d/          0.0s
[0m => [6/6] RUN TMPDIR=`mktemp -d` && cd ${TMPDIR}         && curl --proto   2.6s
[?25h[1A[1A[1A[1A[1A[1A[1A[1A[1A[0G[?25l[+] Building 21.9s (10/11)                                       docker:default
[34m => => extracting sha256:1da3cb2f93f2ca3c5bdaf4c024a7f1ebd717938d20c858e4  1.4s
[0m[34m => [internal] load build context                                          0.0s
[0m[34m => => transferring context: 3.75kB                                        0.0s
[0m[34m => [2/6] RUN apt-get update && apt-get --yes upgrade && apt-get install  16.4s
[0m[34m => [3/6] COPY qubes_43.sources /etc/apt/sources.list.d/                   0.0s
[0m[34m => [4/6] RUN sed -i s/##VERSION_CODENAME##/trixie/ /etc/apt/sources.list  0.1s
[0m[34m => [5/6] COPY nodesource-node24.sources /etc/apt/sources.list.d/          0.0s
[0m => [6/6] RUN TMPDIR=`mktemp -d` && cd ${TMPDIR}         && curl --proto   2.7s
[?25h[1A[1A[1A[1A[1A[1A[1A[1A[1A[0G[?25l[+] Building 21.9s (10/11)                                       docker:default
[34m => => extracting sha256:1da3cb2f93f2ca3c5bdaf4c024a7f1ebd717938d20c858e4  1.4s
[0m[34m => [internal] load build context                                          0.0s
[0m[34m => => transferring context: 3.75kB                                        0.0s
[0m[34m => [2/6] RUN apt-get update && apt-get --yes upgrade && apt-get install  16.4s
[0m[34m => [3/6] COPY qubes_43.sources /etc/apt/sources.list.d/                   0.0s
[0m[34m => [4/6] RUN sed -i s/##VERSION_CODENAME##/trixie/ /etc/apt/sources.list  0.1s
[0m[34m => [5/6] COPY nodesource-node24.sources /etc/apt/sources.list.d/          0.0s
[0m => [6/6] RUN TMPDIR=`mktemp -d` && cd ${TMPDIR}         && curl --proto   2.7s
[?25h[1A[1A[1A[1A[1A[1A[1A[1A[1A[0G[?25l[+] Building 22.0s (10/11)                                       docker:default
[34m => => extracting sha256:1da3cb2f93f2ca3c5bdaf4c024a7f1ebd717938d20c858e4  1.4s
[0m[34m => [internal] load build context                                          0.0s
[0m[34m => => transferring context: 3.75kB                                        0.0s
[0m[34m => [2/6] RUN apt-get update && apt-get --yes upgrade && apt-get install  16.4s
[0m[34m => [3/6] COPY qubes_43.sources /etc/apt/sources.list.d/                   0.0s
[0m[34m => [4/6] RUN sed -i s/##VERSION_CODENAME##/trixie/ /etc/apt/sources.list  0.1s
[0m[34m => [5/6] COPY nodesource-node24.sources /etc/apt/sources.list.d/          0.0s
[0m => [6/6] RUN TMPDIR=`mktemp -d` && cd ${TMPDIR}         && curl --proto   2.9s
[?25h[1A[1A[1A[1A[1A[1A[1A[1A[1A[0G[?25l[+] Building 22.2s (10/11)                                       docker:default
[34m => => extracting sha256:1da3cb2f93f2ca3c5bdaf4c024a7f1ebd717938d20c858e4  1.4s
[0m[34m => [internal] load build context                                          0.0s
[0m[34m => => transferring context: 3.75kB                                        0.0s
[0m[34m => [2/6] RUN apt-get update && apt-get --yes upgrade && apt-get install  16.4s
[0m[34m => [3/6] COPY qubes_43.sources /etc/apt/sources.list.d/                   0.0s
[0m[34m => [4/6] RUN sed -i s/##VERSION_CODENAME##/trixie/ /etc/apt/sources.list  0.1s
[0m[34m => [5/6] COPY nodesource-node24.sources /etc/apt/sources.list.d/          0.0s
[0m => [6/6] RUN TMPDIR=`mktemp -d` && cd ${TMPDIR}         && curl --proto   3.0s
[?25h[1A[1A[1A[1A[1A[1A[1A[1A[1A[0G[?25l[+] Building 22.3s (10/11)                                       docker:default
[34m => => extracting sha256:1da3cb2f93f2ca3c5bdaf4c024a7f1ebd717938d20c858e4  1.4s
[0m[34m => [internal] load build context                                          0.0s
[0m[34m => => transferring context: 3.75kB                                        0.0s
[0m[34m => [2/6] RUN apt-get update && apt-get --yes upgrade && apt-get install  16.4s
[0m[34m => [3/6] COPY qubes_43.sources /etc/apt/sources.list.d/                   0.0s
[0m[34m => [4/6] RUN sed -i s/##VERSION_CODENAME##/trixie/ /etc/apt/sources.list  0.1s
[0m[34m => [5/6] COPY nodesource-node24.sources /etc/apt/sources.list.d/          0.0s
[0m => [6/6] RUN TMPDIR=`mktemp -d` && cd ${TMPDIR}         && curl --proto   3.2s
[?25h[1A[1A[1A[1A[1A[1A[1A[1A[1A[0G[?25l[+] Building 22.5s (10/11)                                       docker:default
[34m => => extracting sha256:1da3cb2f93f2ca3c5bdaf4c024a7f1ebd717938d20c858e4  1.4s
[0m[34m => [internal] load build context                                          0.0s
[0m[34m => => transferring context: 3.75kB                                        0.0s
[0m[34m => [2/6] RUN apt-get update && apt-get --yes upgrade && apt-get install  16.4s
[0m[34m => [3/6] COPY qubes_43.sources /etc/apt/sources.list.d/                   0.0s
[0m[34m => [4/6] RUN sed -i s/##VERSION_CODENAME##/trixie/ /etc/apt/sources.list  0.1s
[0m[34m => [5/6] COPY nodesource-node24.sources /etc/apt/sources.list.d/          0.0s
[0m => [6/6] RUN TMPDIR=`mktemp -d` && cd ${TMPDIR}         && curl --proto   3.3s
[?25h[1A[1A[1A[1A[1A[1A[1A[1A[1A[0G[?25l[+] Building 22.6s (10/11)                                       docker:default
[34m => => extracting sha256:1da3cb2f93f2ca3c5bdaf4c024a7f1ebd717938d20c858e4  1.4s
[0m[34m => [internal] load build context                                          0.0s
[0m[34m => => transferring context: 3.75kB                                        0.0s
[0m[34m => [2/6] RUN apt-get update && apt-get --yes upgrade && apt-get install  16.4s
[0m[34m => [3/6] COPY qubes_43.sources /etc/apt/sources.list.d/                   0.0s
[0m[34m => [4/6] RUN sed -i s/##VERSION_CODENAME##/trixie/ /etc/apt/sources.list  0.1s
[0m[34m => [5/6] COPY nodesource-node24.sources /etc/apt/sources.list.d/          0.0s
[0m => [6/6] RUN TMPDIR=`mktemp -d` && cd ${TMPDIR}         && curl --proto   3.5s
[?25h[1A[1A[1A[1A[1A[1A[1A[1A[1A[0G[?25l[+] Building 22.8s (10/11)                                       docker:default
[34m => => extracting sha256:1da3cb2f93f2ca3c5bdaf4c024a7f1ebd717938d20c858e4  1.4s
[0m[34m => [internal] load build context                                          0.0s
[0m[34m => => transferring context: 3.75kB                                        0.0s
[0m[34m => [2/6] RUN apt-get update && apt-get --yes upgrade && apt-get install  16.4s
[0m[34m => [3/6] COPY qubes_43.sources /etc/apt/sources.list.d/                   0.0s
[0m[34m => [4/6] RUN sed -i s/##VERSION_CODENAME##/trixie/ /etc/apt/sources.list  0.1s
[0m[34m => [5/6] COPY nodesource-node24.sources /etc/apt/sources.list.d/          0.0s
[0m => [6/6] RUN TMPDIR=`mktemp -d` && cd ${TMPDIR}         && curl --proto   3.6s
[?25h[1A[1A[1A[1A[1A[1A[1A[1A[1A[0G[?25l[+] Building 22.9s (10/11)                                       docker:default
[34m => => extracting sha256:1da3cb2f93f2ca3c5bdaf4c024a7f1ebd717938d20c858e4  1.4s
[0m[34m => [internal] load build context                                          0.0s
[0m[34m => => transferring context: 3.75kB                                        0.0s
[0m[34m => [2/6] RUN apt-get update && apt-get --yes upgrade && apt-get install  16.4s
[0m[34m => [3/6] COPY qubes_43.sources /etc/apt/sources.list.d/                   0.0s
[0m[34m => [4/6] RUN sed -i s/##VERSION_CODENAME##/trixie/ /etc/apt/sources.list  0.1s
[0m[34m => [5/6] COPY nodesource-node24.sources /etc/apt/sources.list.d/          0.0s
[0m => [6/6] RUN TMPDIR=`mktemp -d` && cd ${TMPDIR}         && curl --proto   3.8s
[?25h[1A[1A[1A[1A[1A[1A[1A[1A[1A[0G[?25l[+] Building 23.1s (10/11)                                       docker:default
[34m => => extracting sha256:1da3cb2f93f2ca3c5bdaf4c024a7f1ebd717938d20c858e4  1.4s
[0m[34m => [internal] load build context                                          0.0s
[0m[34m => => transferring context: 3.75kB                                        0.0s
[0m[34m => [2/6] RUN apt-get update && apt-get --yes upgrade && apt-get install  16.4s
[0m[34m => [3/6] COPY qubes_43.sources /etc/apt/sources.list.d/                   0.0s
[0m[34m => [4/6] RUN sed -i s/##VERSION_CODENAME##/trixie/ /etc/apt/sources.list  0.1s
[0m[34m => [5/6] COPY nodesource-node24.sources /etc/apt/sources.list.d/          0.0s
[0m => [6/6] RUN TMPDIR=`mktemp -d` && cd ${TMPDIR}         && curl --proto   3.9s
[?25h[1A[1A[1A[1A[1A[1A[1A[1A[1A[0G[?25l[+] Building 23.2s (10/11)                                       docker:default
[34m => => extracting sha256:1da3cb2f93f2ca3c5bdaf4c024a7f1ebd717938d20c858e4  1.4s
[0m[34m => [internal] load build context                                          0.0s
[0m[34m => => transferring context: 3.75kB                                        0.0s
[0m[34m => [2/6] RUN apt-get update && apt-get --yes upgrade && apt-get install  16.4s
[0m[34m => [3/6] COPY qubes_43.sources /etc/apt/sources.list.d/                   0.0s
[0m[34m => [4/6] RUN sed -i s/##VERSION_CODENAME##/trixie/ /etc/apt/sources.list  0.1s
[0m[34m => [5/6] COPY nodesource-node24.sources /etc/apt/sources.list.d/          0.0s
[0m => [6/6] RUN TMPDIR=`mktemp -d` && cd ${TMPDIR}         && curl --proto   4.1s
[?25h[1A[1A[1A[1A[1A[1A[1A[1A[1A[0G[?25l[+] Building 23.4s (10/11)                                       docker:default
[34m => => extracting sha256:1da3cb2f93f2ca3c5bdaf4c024a7f1ebd717938d20c858e4  1.4s
[0m[34m => [internal] load build context                                          0.0s
[0m[34m => => transferring context: 3.75kB                                        0.0s
[0m[34m => [2/6] RUN apt-get update && apt-get --yes upgrade && apt-get install  16.4s
[0m[34m => [3/6] COPY qubes_43.sources /etc/apt/sources.list.d/                   0.0s
[0m[34m => [4/6] RUN sed -i s/##VERSION_CODENAME##/trixie/ /etc/apt/sources.list  0.1s
[0m[34m => [5/6] COPY nodesource-node24.sources /etc/apt/sources.list.d/          0.0s
[0m => [6/6] RUN TMPDIR=`mktemp -d` && cd ${TMPDIR}         && curl --proto   4.2s
[?25h[1A[1A[1A[1A[1A[1A[1A[1A[1A[0G[?25l[+] Building 23.5s (10/11)                                       docker:default
[34m => => extracting sha256:1da3cb2f93f2ca3c5bdaf4c024a7f1ebd717938d20c858e4  1.4s
[0m[34m => [internal] load build context                                          0.0s
[0m[34m => => transferring context: 3.75kB                                        0.0s
[0m[34m => [2/6] RUN apt-get update && apt-get --yes upgrade && apt-get install  16.4s
[0m[34m => [3/6] COPY qubes_43.sources /etc/apt/sources.list.d/                   0.0s
[0m[34m => [4/6] RUN sed -i s/##VERSION_CODENAME##/trixie/ /etc/apt/sources.list  0.1s
[0m[34m => [5/6] COPY nodesource-node24.sources /etc/apt/sources.list.d/          0.0s
[0m => [6/6] RUN TMPDIR=`mktemp -d` && cd ${TMPDIR}         && curl --proto   4.4s
[?25h[1A[1A[1A[1A[1A[1A[1A[1A[1A[0G[?25l[+] Building 23.7s (10/11)                                       docker:default
[34m => => extracting sha256:1da3cb2f93f2ca3c5bdaf4c024a7f1ebd717938d20c858e4  1.4s
[0m[34m => [internal] load build context                                          0.0s
[0m[34m => => transferring context: 3.75kB                                        0.0s
[0m[34m => [2/6] RUN apt-get update && apt-get --yes upgrade && apt-get install  16.4s
[0m[34m => [3/6] COPY qubes_43.sources /etc/apt/sources.list.d/                   0.0s
[0m[34m => [4/6] RUN sed -i s/##VERSION_CODENAME##/trixie/ /etc/apt/sources.list  0.1s
[0m[34m => [5/6] COPY nodesource-node24.sources /etc/apt/sources.list.d/          0.0s
[0m => [6/6] RUN TMPDIR=`mktemp -d` && cd ${TMPDIR}         && curl --proto   4.5s
[?25h[1A[1A[1A[1A[1A[1A[1A[1A[1A[0G[?25l[+] Building 23.8s (10/11)                                       docker:default
[34m => => extracting sha256:1da3cb2f93f2ca3c5bdaf4c024a7f1ebd717938d20c858e4  1.4s
[0m[34m => [internal] load build context                                          0.0s
[0m[34m => => transferring context: 3.75kB                                        0.0s
[0m[34m => [2/6] RUN apt-get update && apt-get --yes upgrade && apt-get install  16.4s
[0m[34m => [3/6] COPY qubes_43.sources /etc/apt/sources.list.d/                   0.0s
[0m[34m => [4/6] RUN sed -i s/##VERSION_CODENAME##/trixie/ /etc/apt/sources.list  0.1s
[0m[34m => [5/6] COPY nodesource-node24.sources /etc/apt/sources.list.d/          0.0s
[0m => [6/6] RUN TMPDIR=`mktemp -d` && cd ${TMPDIR}         && curl --proto   4.7s
[?25h[1A[1A[1A[1A[1A[1A[1A[1A[1A[0G[?25l[+] Building 23.9s (10/11)                                       docker:default
[34m => => extracting sha256:1da3cb2f93f2ca3c5bdaf4c024a7f1ebd717938d20c858e4  1.4s
[0m[34m => [internal] load build context                                          0.0s
[0m[34m => => transferring context: 3.75kB                                        0.0s
[0m[34m => [2/6] RUN apt-get update && apt-get --yes upgrade && apt-get install  16.4s
[0m[34m => [3/6] COPY qubes_43.sources /etc/apt/sources.list.d/                   0.0s
[0m[34m => [4/6] RUN sed -i s/##VERSION_CODENAME##/trixie/ /etc/apt/sources.list  0.1s
[0m[34m => [5/6] COPY nodesource-node24.sources /etc/apt/sources.list.d/          0.0s
[0m => [6/6] RUN TMPDIR=`mktemp -d` && cd ${TMPDIR}         && curl --proto   4.7s
[?25h[1A[1A[1A[1A[1A[1A[1A[1A[1A[0G[?25l[+] Building 24.0s (10/11)                                       docker:default
[34m => => extracting sha256:1da3cb2f93f2ca3c5bdaf4c024a7f1ebd717938d20c858e4  1.4s
[0m[34m => [internal] load build context                                          0.0s
[0m[34m => => transferring context: 3.75kB                                        0.0s
[0m[34m => [2/6] RUN apt-get update && apt-get --yes upgrade && apt-get install  16.4s
[0m[34m => [3/6] COPY qubes_43.sources /etc/apt/sources.list.d/                   0.0s
[0m[34m => [4/6] RUN sed -i s/##VERSION_CODENAME##/trixie/ /etc/apt/sources.list  0.1s
[0m[34m => [5/6] COPY nodesource-node24.sources /etc/apt/sources.list.d/          0.0s
[0m => [6/6] RUN TMPDIR=`mktemp -d` && cd ${TMPDIR}         && curl --proto   4.9s
[?25h[1A[1A[1A[1A[1A[1A[1A[1A[1A[0G[?25l[+] Building 24.2s (10/11)                                       docker:default
[34m => => extracting sha256:1da3cb2f93f2ca3c5bdaf4c024a7f1ebd717938d20c858e4  1.4s
[0m[34m => [internal] load build context                                          0.0s
[0m[34m => => transferring context: 3.75kB                                        0.0s
[0m[34m => [2/6] RUN apt-get update && apt-get --yes upgrade && apt-get install  16.4s
[0m[34m => [3/6] COPY qubes_43.sources /etc/apt/sources.list.d/                   0.0s
[0m[34m => [4/6] RUN sed -i s/##VERSION_CODENAME##/trixie/ /etc/apt/sources.list  0.1s
[0m[34m => [5/6] COPY nodesource-node24.sources /etc/apt/sources.list.d/          0.0s
[0m => [6/6] RUN TMPDIR=`mktemp -d` && cd ${TMPDIR}         && curl --proto   5.0s
[?25h[1A[1A[1A[1A[1A[1A[1A[1A[1A[0G[?25l[+] Building 24.3s (10/11)                                       docker:default
[34m => => extracting sha256:1da3cb2f93f2ca3c5bdaf4c024a7f1ebd717938d20c858e4  1.4s
[0m[34m => [internal] load build context                                          0.0s
[0m[34m => => transferring context: 3.75kB                                        0.0s
[0m[34m => [2/6] RUN apt-get update && apt-get --yes upgrade && apt-get install  16.4s
[0m[34m => [3/6] COPY qubes_43.sources /etc/apt/sources.list.d/                   0.0s
[0m[34m => [4/6] RUN sed -i s/##VERSION_CODENAME##/trixie/ /etc/apt/sources.list  0.1s
[0m[34m => [5/6] COPY nodesource-node24.sources /etc/apt/sources.list.d/          0.0s
[0m => [6/6] RUN TMPDIR=`mktemp -d` && cd ${TMPDIR}         && curl --proto   5.2s
[?25h[1A[1A[1A[1A[1A[1A[1A[1A[1A[0G[?25l[+] Building 24.5s (10/11)                                       docker:default
[34m => => extracting sha256:1da3cb2f93f2ca3c5bdaf4c024a7f1ebd717938d20c858e4  1.4s
[0m[34m => [internal] load build context                                          0.0s
[0m[34m => => transferring context: 3.75kB                                        0.0s
[0m[34m => [2/6] RUN apt-get update && apt-get --yes upgrade && apt-get install  16.4s
[0m[34m => [3/6] COPY qubes_43.sources /etc/apt/sources.list.d/                   0.0s
[0m[34m => [4/6] RUN sed -i s/##VERSION_CODENAME##/trixie/ /etc/apt/sources.list  0.1s
[0m[34m => [5/6] COPY nodesource-node24.sources /etc/apt/sources.list.d/          0.0s
[0m => [6/6] RUN TMPDIR=`mktemp -d` && cd ${TMPDIR}         && curl --proto   5.3s
[?25h[1A[1A[1A[1A[1A[1A[1A[1A[1A[0G[?25l[+] Building 24.6s (10/11)                                       docker:default
[34m => => extracting sha256:1da3cb2f93f2ca3c5bdaf4c024a7f1ebd717938d20c858e4  1.4s
[0m[34m => [internal] load build context                                          0.0s
[0m[34m => => transferring context: 3.75kB                                        0.0s
[0m[34m => [2/6] RUN apt-get update && apt-get --yes upgrade && apt-get install  16.4s
[0m[34m => [3/6] COPY qubes_43.sources /etc/apt/sources.list.d/                   0.0s
[0m[34m => [4/6] RUN sed -i s/##VERSION_CODENAME##/trixie/ /etc/apt/sources.list  0.1s
[0m[34m => [5/6] COPY nodesource-node24.sources /etc/apt/sources.list.d/          0.0s
[0m => [6/6] RUN TMPDIR=`mktemp -d` && cd ${TMPDIR}         && curl --proto   5.5s
[?25h[1A[1A[1A[1A[1A[1A[1A[1A[1A[0G[?25l[+] Building 24.8s (10/11)                                       docker:default
[34m => => extracting sha256:1da3cb2f93f2ca3c5bdaf4c024a7f1ebd717938d20c858e4  1.4s
[0m[34m => [internal] load build context                                          0.0s
[0m[34m => => transferring context: 3.75kB                                        0.0s
[0m[34m => [2/6] RUN apt-get update && apt-get --yes upgrade && apt-get install  16.4s
[0m[34m => [3/6] COPY qubes_43.sources /etc/apt/sources.list.d/                   0.0s
[0m[34m => [4/6] RUN sed -i s/##VERSION_CODENAME##/trixie/ /etc/apt/sources.list  0.1s
[0m[34m => [5/6] COPY nodesource-node24.sources /etc/apt/sources.list.d/          0.0s
[0m => [6/6] RUN TMPDIR=`mktemp -d` && cd ${TMPDIR}         && curl --proto   5.6s
[?25h[1A[1A[1A[1A[1A[1A[1A[1A[1A[0G[?25l[+] Building 24.9s (10/11)                                       docker:default
[34m => => extracting sha256:1da3cb2f93f2ca3c5bdaf4c024a7f1ebd717938d20c858e4  1.4s
[0m[34m => [internal] load build context                                          0.0s
[0m[34m => => transferring context: 3.75kB                                        0.0s
[0m[34m => [2/6] RUN apt-get update && apt-get --yes upgrade && apt-get install  16.4s
[0m[34m => [3/6] COPY qubes_43.sources /etc/apt/sources.list.d/                   0.0s
[0m[34m => [4/6] RUN sed -i s/##VERSION_CODENAME##/trixie/ /etc/apt/sources.list  0.1s
[0m[34m => [5/6] COPY nodesource-node24.sources /etc/apt/sources.list.d/          0.0s
[0m => [6/6] RUN TMPDIR=`mktemp -d` && cd ${TMPDIR}         && curl --proto   5.8s
[?25h[1A[1A[1A[1A[1A[1A[1A[1A[1A[0G[?25l[+] Building 25.1s (10/11)                                       docker:default
[34m => => extracting sha256:1da3cb2f93f2ca3c5bdaf4c024a7f1ebd717938d20c858e4  1.4s
[0m[34m => [internal] load build context                                          0.0s
[0m[34m => => transferring context: 3.75kB                                        0.0s
[0m[34m => [2/6] RUN apt-get update && apt-get --yes upgrade && apt-get install  16.4s
[0m[34m => [3/6] COPY qubes_43.sources /etc/apt/sources.list.d/                   0.0s
[0m[34m => [4/6] RUN sed -i s/##VERSION_CODENAME##/trixie/ /etc/apt/sources.list  0.1s
[0m[34m => [5/6] COPY nodesource-node24.sources /etc/apt/sources.list.d/          0.0s
[0m => [6/6] RUN TMPDIR=`mktemp -d` && cd ${TMPDIR}         && curl --proto   5.9s
[?25h[1A[1A[1A[1A[1A[1A[1A[1A[1A[0G[?25l[+] Building 25.2s (10/11)                                       docker:default
[34m => => extracting sha256:1da3cb2f93f2ca3c5bdaf4c024a7f1ebd717938d20c858e4  1.4s
[0m[34m => [internal] load build context                                          0.0s
[0m[34m => => transferring context: 3.75kB                                        0.0s
[0m[34m => [2/6] RUN apt-get update && apt-get --yes upgrade && apt-get install  16.4s
[0m[34m => [3/6] COPY qubes_43.sources /etc/apt/sources.list.d/                   0.0s
[0m[34m => [4/6] RUN sed -i s/##VERSION_CODENAME##/trixie/ /etc/apt/sources.list  0.1s
[0m[34m => [5/6] COPY nodesource-node24.sources /etc/apt/sources.list.d/          0.0s
[0m => [6/6] RUN TMPDIR=`mktemp -d` && cd ${TMPDIR}         && curl --proto   6.1s
[?25h[1A[1A[1A[1A[1A[1A[1A[1A[1A[0G[?25l[+] Building 25.4s (10/11)                                       docker:default
[34m => => extracting sha256:1da3cb2f93f2ca3c5bdaf4c024a7f1ebd717938d20c858e4  1.4s
[0m[34m => [internal] load build context                                          0.0s
[0m[34m => => transferring context: 3.75kB                                        0.0s
[0m[34m => [2/6] RUN apt-get update && apt-get --yes upgrade && apt-get install  16.4s
[0m[34m => [3/6] COPY qubes_43.sources /etc/apt/sources.list.d/                   0.0s
[0m[34m => [4/6] RUN sed -i s/##VERSION_CODENAME##/trixie/ /etc/apt/sources.list  0.1s
[0m[34m => [5/6] COPY nodesource-node24.sources /etc/apt/sources.list.d/          0.0s
[0m => [6/6] RUN TMPDIR=`mktemp -d` && cd ${TMPDIR}         && curl --proto   6.2s
[?25h[1A[1A[1A[1A[1A[1A[1A[1A[1A[0G[?25l[+] Building 25.5s (10/11)                                       docker:default
[34m => => extracting sha256:1da3cb2f93f2ca3c5bdaf4c024a7f1ebd717938d20c858e4  1.4s
[0m[34m => [internal] load build context                                          0.0s
[0m[34m => => transferring context: 3.75kB                                        0.0s
[0m[34m => [2/6] RUN apt-get update && apt-get --yes upgrade && apt-get install  16.4s
[0m[34m => [3/6] COPY qubes_43.sources /etc/apt/sources.list.d/                   0.0s
[0m[34m => [4/6] RUN sed -i s/##VERSION_CODENAME##/trixie/ /etc/apt/sources.list  0.1s
[0m[34m => [5/6] COPY nodesource-node24.sources /etc/apt/sources.list.d/          0.0s
[0m => [6/6] RUN TMPDIR=`mktemp -d` && cd ${TMPDIR}         && curl --proto   6.4s
[?25h[1A[1A[1A[1A[1A[1A[1A[1A[1A[0G[?25l[+] Building 25.7s (10/11)                                       docker:default
[34m => => extracting sha256:1da3cb2f93f2ca3c5bdaf4c024a7f1ebd717938d20c858e4  1.4s
[0m[34m => [internal] load build context                                          0.0s
[0m[34m => => transferring context: 3.75kB                                        0.0s
[0m[34m => [2/6] RUN apt-get update && apt-get --yes upgrade && apt-get install  16.4s
[0m[34m => [3/6] COPY qubes_43.sources /etc/apt/sources.list.d/                   0.0s
[0m[34m => [4/6] RUN sed -i s/##VERSION_CODENAME##/trixie/ /etc/apt/sources.list  0.1s
[0m[34m => [5/6] COPY nodesource-node24.sources /etc/apt/sources.list.d/          0.0s
[0m => [6/6] RUN TMPDIR=`mktemp -d` && cd ${TMPDIR}         && curl --proto   6.5s
[?25h[1A[1A[1A[1A[1A[1A[1A[1A[1A[0G[?25l[+] Building 25.8s (10/11)                                       docker:default
[34m => => extracting sha256:1da3cb2f93f2ca3c5bdaf4c024a7f1ebd717938d20c858e4  1.4s
[0m[34m => [internal] load build context                                          0.0s
[0m[34m => => transferring context: 3.75kB                                        0.0s
[0m[34m => [2/6] RUN apt-get update && apt-get --yes upgrade && apt-get install  16.4s
[0m[34m => [3/6] COPY qubes_43.sources /etc/apt/sources.list.d/                   0.0s
[0m[34m => [4/6] RUN sed -i s/##VERSION_CODENAME##/trixie/ /etc/apt/sources.list  0.1s
[0m[34m => [5/6] COPY nodesource-node24.sources /etc/apt/sources.list.d/          0.0s
[0m => [6/6] RUN TMPDIR=`mktemp -d` && cd ${TMPDIR}         && curl --proto   6.7s
[?25h[1A[1A[1A[1A[1A[1A[1A[1A[1A[0G[?25l[+] Building 26.0s (10/11)                                       docker:default
[34m => => extracting sha256:1da3cb2f93f2ca3c5bdaf4c024a7f1ebd717938d20c858e4  1.4s
[0m[34m => [internal] load build context                                          0.0s
[0m[34m => => transferring context: 3.75kB                                        0.0s
[0m[34m => [2/6] RUN apt-get update && apt-get --yes upgrade && apt-get install  16.4s
[0m[34m => [3/6] COPY qubes_43.sources /etc/apt/sources.list.d/                   0.0s
[0m[34m => [4/6] RUN sed -i s/##VERSION_CODENAME##/trixie/ /etc/apt/sources.list  0.1s
[0m[34m => [5/6] COPY nodesource-node24.sources /etc/apt/sources.list.d/          0.0s
[0m => [6/6] RUN TMPDIR=`mktemp -d` && cd ${TMPDIR}         && curl --proto   6.8s
[?25h[1A[1A[1A[1A[1A[1A[1A[1A[1A[0G[?25l[+] Building 26.1s (10/11)                                       docker:default
[34m => => extracting sha256:1da3cb2f93f2ca3c5bdaf4c024a7f1ebd717938d20c858e4  1.4s
[0m[34m => [internal] load build context                                          0.0s
[0m[34m => => transferring context: 3.75kB                                        0.0s
[0m[34m => [2/6] RUN apt-get update && apt-get --yes upgrade && apt-get install  16.4s
[0m[34m => [3/6] COPY qubes_43.sources /etc/apt/sources.list.d/                   0.0s
[0m[34m => [4/6] RUN sed -i s/##VERSION_CODENAME##/trixie/ /etc/apt/sources.list  0.1s
[0m[34m => [5/6] COPY nodesource-node24.sources /etc/apt/sources.list.d/          0.0s
[0m => [6/6] RUN TMPDIR=`mktemp -d` && cd ${TMPDIR}         && curl --proto   7.0s
[?25h[1A[1A[1A[1A[1A[1A[1A[1A[1A[0G[?25l[+] Building 26.3s (10/11)                                       docker:default
[34m => => extracting sha256:1da3cb2f93f2ca3c5bdaf4c024a7f1ebd717938d20c858e4  1.4s
[0m[34m => [internal] load build context                                          0.0s
[0m[34m => => transferring context: 3.75kB                                        0.0s
[0m[34m => [2/6] RUN apt-get update && apt-get --yes upgrade && apt-get install  16.4s
[0m[34m => [3/6] COPY qubes_43.sources /etc/apt/sources.list.d/                   0.0s
[0m[34m => [4/6] RUN sed -i s/##VERSION_CODENAME##/trixie/ /etc/apt/sources.list  0.1s
[0m[34m => [5/6] COPY nodesource-node24.sources /etc/apt/sources.list.d/          0.0s
[0m => [6/6] RUN TMPDIR=`mktemp -d` && cd ${TMPDIR}         && curl --proto   7.1s
[?25h[1A[1A[1A[1A[1A[1A[1A[1A[1A[0G[?25l[+] Building 26.4s (10/11)                                       docker:default
[34m => => extracting sha256:1da3cb2f93f2ca3c5bdaf4c024a7f1ebd717938d20c858e4  1.4s
[0m[34m => [internal] load build context                                          0.0s
[0m[34m => => transferring context: 3.75kB                                        0.0s
[0m[34m => [2/6] RUN apt-get update && apt-get --yes upgrade && apt-get install  16.4s
[0m[34m => [3/6] COPY qubes_43.sources /etc/apt/sources.list.d/                   0.0s
[0m[34m => [4/6] RUN sed -i s/##VERSION_CODENAME##/trixie/ /etc/apt/sources.list  0.1s
[0m[34m => [5/6] COPY nodesource-node24.sources /etc/apt/sources.list.d/          0.0s
[0m => [6/6] RUN TMPDIR=`mktemp -d` && cd ${TMPDIR}         && curl --proto   7.3s
[?25h[1A[1A[1A[1A[1A[1A[1A[1A[1A[0G[?25l[+] Building 26.6s (10/11)                                       docker:default
[34m => => extracting sha256:1da3cb2f93f2ca3c5bdaf4c024a7f1ebd717938d20c858e4  1.4s
[0m[34m => [internal] load build context                                          0.0s
[0m[34m => => transferring context: 3.75kB                                        0.0s
[0m[34m => [2/6] RUN apt-get update && apt-get --yes upgrade && apt-get install  16.4s
[0m[34m => [3/6] COPY qubes_43.sources /etc/apt/sources.list.d/                   0.0s
[0m[34m => [4/6] RUN sed -i s/##VERSION_CODENAME##/trixie/ /etc/apt/sources.list  0.1s
[0m[34m => [5/6] COPY nodesource-node24.sources /etc/apt/sources.list.d/          0.0s
[0m => [6/6] RUN TMPDIR=`mktemp -d` && cd ${TMPDIR}         && curl --proto   7.4s
[?25h[1A[1A[1A[1A[1A[1A[1A[1A[1A[0G[?25l[+] Building 26.7s (10/11)                                       docker:default
[34m => => extracting sha256:1da3cb2f93f2ca3c5bdaf4c024a7f1ebd717938d20c858e4  1.4s
[0m[34m => [internal] load build context                                          0.0s
[0m[34m => => transferring context: 3.75kB                                        0.0s
[0m[34m => [2/6] RUN apt-get update && apt-get --yes upgrade && apt-get install  16.4s
[0m[34m => [3/6] COPY qubes_43.sources /etc/apt/sources.list.d/                   0.0s
[0m[34m => [4/6] RUN sed -i s/##VERSION_CODENAME##/trixie/ /etc/apt/sources.list  0.1s
[0m[34m => [5/6] COPY nodesource-node24.sources /etc/apt/sources.list.d/          0.0s
[0m => [6/6] RUN TMPDIR=`mktemp -d` && cd ${TMPDIR}         && curl --proto   7.6s
[?25h[1A[1A[1A[1A[1A[1A[1A[1A[1A[0G[?25l[+] Building 26.9s (10/11)                                       docker:default
[34m => => extracting sha256:1da3cb2f93f2ca3c5bdaf4c024a7f1ebd717938d20c858e4  1.4s
[0m[34m => [internal] load build context                                          0.0s
[0m[34m => => transferring context: 3.75kB                                        0.0s
[0m[34m => [2/6] RUN apt-get update && apt-get --yes upgrade && apt-get install  16.4s
[0m[34m => [3/6] COPY qubes_43.sources /etc/apt/sources.list.d/                   0.0s
[0m[34m => [4/6] RUN sed -i s/##VERSION_CODENAME##/trixie/ /etc/apt/sources.list  0.1s
[0m[34m => [5/6] COPY nodesource-node24.sources /etc/apt/sources.list.d/          0.0s
[0m => [6/6] RUN TMPDIR=`mktemp -d` && cd ${TMPDIR}         && curl --proto   7.7s
[?25h[1A[1A[1A[1A[1A[1A[1A[1A[1A[0G[?25l[+] Building 27.0s (10/11)                                       docker:default
[34m => => extracting sha256:1da3cb2f93f2ca3c5bdaf4c024a7f1ebd717938d20c858e4  1.4s
[0m[34m => [internal] load build context                                          0.0s
[0m[34m => => transferring context: 3.75kB                                        0.0s
[0m[34m => [2/6] RUN apt-get update && apt-get --yes upgrade && apt-get install  16.4s
[0m[34m => [3/6] COPY qubes_43.sources /etc/apt/sources.list.d/                   0.0s
[0m[34m => [4/6] RUN sed -i s/##VERSION_CODENAME##/trixie/ /etc/apt/sources.list  0.1s
[0m[34m => [5/6] COPY nodesource-node24.sources /etc/apt/sources.list.d/          0.0s
[0m => [6/6] RUN TMPDIR=`mktemp -d` && cd ${TMPDIR}         && curl --proto   7.9s
[?25h[1A[1A[1A[1A[1A[1A[1A[1A[1A[0G[?25l[+] Building 27.2s (10/11)                                       docker:default
[34m => => extracting sha256:1da3cb2f93f2ca3c5bdaf4c024a7f1ebd717938d20c858e4  1.4s
[0m[34m => [internal] load build context                                          0.0s
[0m[34m => => transferring context: 3.75kB                                        0.0s
[0m[34m => [2/6] RUN apt-get update && apt-get --yes upgrade && apt-get install  16.4s
[0m[34m => [3/6] COPY qubes_43.sources /etc/apt/sources.list.d/                   0.0s
[0m[34m => [4/6] RUN sed -i s/##VERSION_CODENAME##/trixie/ /etc/apt/sources.list  0.1s
[0m[34m => [5/6] COPY nodesource-node24.sources /etc/apt/sources.list.d/          0.0s
[0m => [6/6] RUN TMPDIR=`mktemp -d` && cd ${TMPDIR}         && curl --proto   8.0s
[?25h[1A[1A[1A[1A[1A[1A[1A[1A[1A[0G[?25l[+] Building 27.3s (10/11)                                       docker:default
[34m => => extracting sha256:1da3cb2f93f2ca3c5bdaf4c024a7f1ebd717938d20c858e4  1.4s
[0m[34m => [internal] load build context                                          0.0s
[0m[34m => => transferring context: 3.75kB                                        0.0s
[0m[34m => [2/6] RUN apt-get update && apt-get --yes upgrade && apt-get install  16.4s
[0m[34m => [3/6] COPY qubes_43.sources /etc/apt/sources.list.d/                   0.0s
[0m[34m => [4/6] RUN sed -i s/##VERSION_CODENAME##/trixie/ /etc/apt/sources.list  0.1s
[0m[34m => [5/6] COPY nodesource-node24.sources /etc/apt/sources.list.d/          0.0s
[0m => [6/6] RUN TMPDIR=`mktemp -d` && cd ${TMPDIR}         && curl --proto   8.2s
[?25h[1A[1A[1A[1A[1A[1A[1A[1A[1A[0G[?25l[+] Building 27.5s (10/11)                                       docker:default
[34m => => extracting sha256:1da3cb2f93f2ca3c5bdaf4c024a7f1ebd717938d20c858e4  1.4s
[0m[34m => [internal] load build context                                          0.0s
[0m[34m => => transferring context: 3.75kB                                        0.0s
[0m[34m => [2/6] RUN apt-get update && apt-get --yes upgrade && apt-get install  16.4s
[0m[34m => [3/6] COPY qubes_43.sources /etc/apt/sources.list.d/                   0.0s
[0m[34m => [4/6] RUN sed -i s/##VERSION_CODENAME##/trixie/ /etc/apt/sources.list  0.1s
[0m[34m => [5/6] COPY nodesource-node24.sources /etc/apt/sources.list.d/          0.0s
[0m => [6/6] RUN TMPDIR=`mktemp -d` && cd ${TMPDIR}         && curl --proto   8.3s
[?25h[1A[1A[1A[1A[1A[1A[1A[1A[1A[0G[?25l[+] Building 27.6s (10/11)                                       docker:default
[34m => => extracting sha256:1da3cb2f93f2ca3c5bdaf4c024a7f1ebd717938d20c858e4  1.4s
[0m[34m => [internal] load build context                                          0.0s
[0m[34m => => transferring context: 3.75kB                                        0.0s
[0m[34m => [2/6] RUN apt-get update && apt-get --yes upgrade && apt-get install  16.4s
[0m[34m => [3/6] COPY qubes_43.sources /etc/apt/sources.list.d/                   0.0s
[0m[34m => [4/6] RUN sed -i s/##VERSION_CODENAME##/trixie/ /etc/apt/sources.list  0.1s
[0m[34m => [5/6] COPY nodesource-node24.sources /etc/apt/sources.list.d/          0.0s
[0m => [6/6] RUN TMPDIR=`mktemp -d` && cd ${TMPDIR}         && curl --proto   8.5s
[?25h[1A[1A[1A[1A[1A[1A[1A[1A[1A[0G[?25l[+] Building 27.8s (10/11)                                       docker:default
[34m => => extracting sha256:1da3cb2f93f2ca3c5bdaf4c024a7f1ebd717938d20c858e4  1.4s
[0m[34m => [internal] load build context                                          0.0s
[0m[34m => => transferring context: 3.75kB                                        0.0s
[0m[34m => [2/6] RUN apt-get update && apt-get --yes upgrade && apt-get install  16.4s
[0m[34m => [3/6] COPY qubes_43.sources /etc/apt/sources.list.d/                   0.0s
[0m[34m => [4/6] RUN sed -i s/##VERSION_CODENAME##/trixie/ /etc/apt/sources.list  0.1s
[0m[34m => [5/6] COPY nodesource-node24.sources /etc/apt/sources.list.d/          0.0s
[0m => [6/6] RUN TMPDIR=`mktemp -d` && cd ${TMPDIR}         && curl --proto   8.6s
[?25h[1A[1A[1A[1A[1A[1A[1A[1A[1A[0G[?25l[+] Building 27.9s (10/11)                                       docker:default
[34m => => extracting sha256:1da3cb2f93f2ca3c5bdaf4c024a7f1ebd717938d20c858e4  1.4s
[0m[34m => [internal] load build context                                          0.0s
[0m[34m => => transferring context: 3.75kB                                        0.0s
[0m[34m => [2/6] RUN apt-get update && apt-get --yes upgrade && apt-get install  16.4s
[0m[34m => [3/6] COPY qubes_43.sources /etc/apt/sources.list.d/                   0.0s
[0m[34m => [4/6] RUN sed -i s/##VERSION_CODENAME##/trixie/ /etc/apt/sources.list  0.1s
[0m[34m => [5/6] COPY nodesource-node24.sources /etc/apt/sources.list.d/          0.0s
[0m => [6/6] RUN TMPDIR=`mktemp -d` && cd ${TMPDIR}         && curl --proto   8.8s
[?25h[1A[1A[1A[1A[1A[1A[1A[1A[1A[0G[?25l[+] Building 28.1s (10/11)                                       docker:default
[34m => => extracting sha256:1da3cb2f93f2ca3c5bdaf4c024a7f1ebd717938d20c858e4  1.4s
[0m[34m => [internal] load build context                                          0.0s
[0m[34m => => transferring context: 3.75kB                                        0.0s
[0m[34m => [2/6] RUN apt-get update && apt-get --yes upgrade && apt-get install  16.4s
[0m[34m => [3/6] COPY qubes_43.sources /etc/apt/sources.list.d/                   0.0s
[0m[34m => [4/6] RUN sed -i s/##VERSION_CODENAME##/trixie/ /etc/apt/sources.list  0.1s
[0m[34m => [5/6] COPY nodesource-node24.sources /etc/apt/sources.list.d/          0.0s
[0m => [6/6] RUN TMPDIR=`mktemp -d` && cd ${TMPDIR}         && curl --proto   8.9s
[?25h[1A[1A[1A[1A[1A[1A[1A[1A[1A[0G[?25l[+] Building 28.2s (10/11)                                       docker:default
[34m => => extracting sha256:1da3cb2f93f2ca3c5bdaf4c024a7f1ebd717938d20c858e4  1.4s
[0m[34m => [internal] load build context                                          0.0s
[0m[34m => => transferring context: 3.75kB                                        0.0s
[0m[34m => [2/6] RUN apt-get update && apt-get --yes upgrade && apt-get install  16.4s
[0m[34m => [3/6] COPY qubes_43.sources /etc/apt/sources.list.d/                   0.0s
[0m[34m => [4/6] RUN sed -i s/##VERSION_CODENAME##/trixie/ /etc/apt/sources.list  0.1s
[0m[34m => [5/6] COPY nodesource-node24.sources /etc/apt/sources.list.d/          0.0s
[0m => [6/6] RUN TMPDIR=`mktemp -d` && cd ${TMPDIR}         && curl --proto   9.1s
[?25h[1A[1A[1A[1A[1A[1A[1A[1A[1A[0G[?25l[+] Building 28.4s (10/11)                                       docker:default
[34m => => extracting sha256:1da3cb2f93f2ca3c5bdaf4c024a7f1ebd717938d20c858e4  1.4s
[0m[34m => [internal] load build context                                          0.0s
[0m[34m => => transferring context: 3.75kB                                        0.0s
[0m[34m => [2/6] RUN apt-get update && apt-get --yes upgrade && apt-get install  16.4s
[0m[34m => [3/6] COPY qubes_43.sources /etc/apt/sources.list.d/                   0.0s
[0m[34m => [4/6] RUN sed -i s/##VERSION_CODENAME##/trixie/ /etc/apt/sources.list  0.1s
[0m[34m => [5/6] COPY nodesource-node24.sources /etc/apt/sources.list.d/          0.0s
[0m => [6/6] RUN TMPDIR=`mktemp -d` && cd ${TMPDIR}         && curl --proto   9.2s
[?25h[1A[1A[1A[1A[1A[1A[1A[1A[1A[0G[?25l[+] Building 28.5s (10/11)                                       docker:default
[34m => => extracting sha256:1da3cb2f93f2ca3c5bdaf4c024a7f1ebd717938d20c858e4  1.4s
[0m[34m => [internal] load build context                                          0.0s
[0m[34m => => transferring context: 3.75kB                                        0.0s
[0m[34m => [2/6] RUN apt-get update && apt-get --yes upgrade && apt-get install  16.4s
[0m[34m => [3/6] COPY qubes_43.sources /etc/apt/sources.list.d/                   0.0s
[0m[34m => [4/6] RUN sed -i s/##VERSION_CODENAME##/trixie/ /etc/apt/sources.list  0.1s
[0m[34m => [5/6] COPY nodesource-node24.sources /etc/apt/sources.list.d/          0.0s
[0m => [6/6] RUN TMPDIR=`mktemp -d` && cd ${TMPDIR}         && curl --proto   9.4s
[?25h[1A[1A[1A[1A[1A[1A[1A[1A[1A[0G[?25l[+] Building 28.7s (10/11)                                       docker:default
[34m => => extracting sha256:1da3cb2f93f2ca3c5bdaf4c024a7f1ebd717938d20c858e4  1.4s
[0m[34m => [internal] load build context                                          0.0s
[0m[34m => => transferring context: 3.75kB                                        0.0s
[0m[34m => [2/6] RUN apt-get update && apt-get --yes upgrade && apt-get install  16.4s
[0m[34m => [3/6] COPY qubes_43.sources /etc/apt/sources.list.d/                   0.0s
[0m[34m => [4/6] RUN sed -i s/##VERSION_CODENAME##/trixie/ /etc/apt/sources.list  0.1s
[0m[34m => [5/6] COPY nodesource-node24.sources /etc/apt/sources.list.d/          0.0s
[0m => [6/6] RUN TMPDIR=`mktemp -d` && cd ${TMPDIR}         && curl --proto   9.5s
[?25h[1A[1A[1A[1A[1A[1A[1A[1A[1A[0G[?25l[+] Building 28.8s (10/11)                                       docker:default
[34m => => extracting sha256:1da3cb2f93f2ca3c5bdaf4c024a7f1ebd717938d20c858e4  1.4s
[0m[34m => [internal] load build context                                          0.0s
[0m[34m => => transferring context: 3.75kB                                        0.0s
[0m[34m => [2/6] RUN apt-get update && apt-get --yes upgrade && apt-get install  16.4s
[0m[34m => [3/6] COPY qubes_43.sources /etc/apt/sources.list.d/                   0.0s
[0m[34m => [4/6] RUN sed -i s/##VERSION_CODENAME##/trixie/ /etc/apt/sources.list  0.1s
[0m[34m => [5/6] COPY nodesource-node24.sources /etc/apt/sources.list.d/          0.0s
[0m => [6/6] RUN TMPDIR=`mktemp -d` && cd ${TMPDIR}         && curl --proto   9.7s
[?25h[1A[1A[1A[1A[1A[1A[1A[1A[1A[0G[?25l[+] Building 28.9s (10/11)                                       docker:default
[34m => => extracting sha256:1da3cb2f93f2ca3c5bdaf4c024a7f1ebd717938d20c858e4  1.4s
[0m[34m => [internal] load build context                                          0.0s
[0m[34m => => transferring context: 3.75kB                                        0.0s
[0m[34m => [2/6] RUN apt-get update && apt-get --yes upgrade && apt-get install  16.4s
[0m[34m => [3/6] COPY qubes_43.sources /etc/apt/sources.list.d/                   0.0s
[0m[34m => [4/6] RUN sed -i s/##VERSION_CODENAME##/trixie/ /etc/apt/sources.list  0.1s
[0m[34m => [5/6] COPY nodesource-node24.sources /etc/apt/sources.list.d/          0.0s
[0m => [6/6] RUN TMPDIR=`mktemp -d` && cd ${TMPDIR}         && curl --proto   9.8s
[?25h[1A[1A[1A[1A[1A[1A[1A[1A[1A[0G[?25l[+] Building 29.1s (10/11)                                       docker:default
[34m => => extracting sha256:1da3cb2f93f2ca3c5bdaf4c024a7f1ebd717938d20c858e4  1.4s
[0m[34m => [internal] load build context                                          0.0s
[0m[34m => => transferring context: 3.75kB                                        0.0s
[0m[34m => [2/6] RUN apt-get update && apt-get --yes upgrade && apt-get install  16.4s
[0m[34m => [3/6] COPY qubes_43.sources /etc/apt/sources.list.d/                   0.0s
[0m[34m => [4/6] RUN sed -i s/##VERSION_CODENAME##/trixie/ /etc/apt/sources.list  0.1s
[0m[34m => [5/6] COPY nodesource-node24.sources /etc/apt/sources.list.d/          0.0s
[0m => [6/6] RUN TMPDIR=`mktemp -d` && cd ${TMPDIR}         && curl --proto   9.9s
[?25h[1A[1A[1A[1A[1A[1A[1A[1A[1A[0G[?25l[+] Building 29.2s (10/11)                                       docker:default
[34m => => extracting sha256:1da3cb2f93f2ca3c5bdaf4c024a7f1ebd717938d20c858e4  1.4s
[0m[34m => [internal] load build context                                          0.0s
[0m[34m => => transferring context: 3.75kB                                        0.0s
[0m[34m => [2/6] RUN apt-get update && apt-get --yes upgrade && apt-get install  16.4s
[0m[34m => [3/6] COPY qubes_43.sources /etc/apt/sources.list.d/                   0.0s
[0m[34m => [4/6] RUN sed -i s/##VERSION_CODENAME##/trixie/ /etc/apt/sources.list  0.1s
[0m[34m => [5/6] COPY nodesource-node24.sources /etc/apt/sources.list.d/          0.0s
[0m => [6/6] RUN TMPDIR=`mktemp -d` && cd ${TMPDIR}         && curl --proto  10.1s
[?25h[1A[1A[1A[1A[1A[1A[1A[1A[1A[0G[?25l[+] Building 29.4s (10/11)                                       docker:default
[34m => => extracting sha256:1da3cb2f93f2ca3c5bdaf4c024a7f1ebd717938d20c858e4  1.4s
[0m[34m => [internal] load build context                                          0.0s
[0m[34m => => transferring context: 3.75kB                                        0.0s
[0m[34m => [2/6] RUN apt-get update && apt-get --yes upgrade && apt-get install  16.4s
[0m[34m => [3/6] COPY qubes_43.sources /etc/apt/sources.list.d/                   0.0s
[0m[34m => [4/6] RUN sed -i s/##VERSION_CODENAME##/trixie/ /etc/apt/sources.list  0.1s
[0m[34m => [5/6] COPY nodesource-node24.sources /etc/apt/sources.list.d/          0.0s
[0m => [6/6] RUN TMPDIR=`mktemp -d` && cd ${TMPDIR}         && curl --proto  10.2s
[?25h[1A[1A[1A[1A[1A[1A[1A[1A[1A[0G[?25l[+] Building 29.5s (10/11)                                       docker:default
[34m => => extracting sha256:1da3cb2f93f2ca3c5bdaf4c024a7f1ebd717938d20c858e4  1.4s
[0m[34m => [internal] load build context                                          0.0s
[0m[34m => => transferring context: 3.75kB                                        0.0s
[0m[34m => [2/6] RUN apt-get update && apt-get --yes upgrade && apt-get install  16.4s
[0m[34m => [3/6] COPY qubes_43.sources /etc/apt/sources.list.d/                   0.0s
[0m[34m => [4/6] RUN sed -i s/##VERSION_CODENAME##/trixie/ /etc/apt/sources.list  0.1s
[0m[34m => [5/6] COPY nodesource-node24.sources /etc/apt/sources.list.d/          0.0s
[0m => [6/6] RUN TMPDIR=`mktemp -d` && cd ${TMPDIR}         && curl --proto  10.4s
[?25h[1A[1A[1A[1A[1A[1A[1A[1A[1A[0G[?25l[+] Building 29.7s (10/11)                                       docker:default
[34m => => extracting sha256:1da3cb2f93f2ca3c5bdaf4c024a7f1ebd717938d20c858e4  1.4s
[0m[34m => [internal] load build context                                          0.0s
[0m[34m => => transferring context: 3.75kB                                        0.0s
[0m[34m => [2/6] RUN apt-get update && apt-get --yes upgrade && apt-get install  16.4s
[0m[34m => [3/6] COPY qubes_43.sources /etc/apt/sources.list.d/                   0.0s
[0m[34m => [4/6] RUN sed -i s/##VERSION_CODENAME##/trixie/ /etc/apt/sources.list  0.1s
[0m[34m => [5/6] COPY nodesource-node24.sources /etc/apt/sources.list.d/          0.0s
[0m => [6/6] RUN TMPDIR=`mktemp -d` && cd ${TMPDIR}         && curl --proto  10.5s
[?25h[1A[1A[1A[1A[1A[1A[1A[1A[1A[0G[?25l[+] Building 29.8s (10/11)                                       docker:default
[34m => => extracting sha256:1da3cb2f93f2ca3c5bdaf4c024a7f1ebd717938d20c858e4  1.4s
[0m[34m => [internal] load build context                                          0.0s
[0m[34m => => transferring context: 3.75kB                                        0.0s
[0m[34m => [2/6] RUN apt-get update && apt-get --yes upgrade && apt-get install  16.4s
[0m[34m => [3/6] COPY qubes_43.sources /etc/apt/sources.list.d/                   0.0s
[0m[34m => [4/6] RUN sed -i s/##VERSION_CODENAME##/trixie/ /etc/apt/sources.list  0.1s
[0m[34m => [5/6] COPY nodesource-node24.sources /etc/apt/sources.list.d/          0.0s
[0m => [6/6] RUN TMPDIR=`mktemp -d` && cd ${TMPDIR}         && curl --proto  10.7s
[?25h[1A[1A[1A[1A[1A[1A[1A[1A[1A[0G[?25l[+] Building 30.0s (10/11)                                       docker:default
[34m => => extracting sha256:1da3cb2f93f2ca3c5bdaf4c024a7f1ebd717938d20c858e4  1.4s
[0m[34m => [internal] load build context                                          0.0s
[0m[34m => => transferring context: 3.75kB                                        0.0s
[0m[34m => [2/6] RUN apt-get update && apt-get --yes upgrade && apt-get install  16.4s
[0m[34m => [3/6] COPY qubes_43.sources /etc/apt/sources.list.d/                   0.0s
[0m[34m => [4/6] RUN sed -i s/##VERSION_CODENAME##/trixie/ /etc/apt/sources.list  0.1s
[0m[34m => [5/6] COPY nodesource-node24.sources /etc/apt/sources.list.d/          0.0s
[0m => [6/6] RUN TMPDIR=`mktemp -d` && cd ${TMPDIR}         && curl --proto  10.8s
[?25h[1A[1A[1A[1A[1A[1A[1A[1A[1A[0G[?25l[+] Building 30.1s (10/11)                                       docker:default
[34m => => extracting sha256:1da3cb2f93f2ca3c5bdaf4c024a7f1ebd717938d20c858e4  1.4s
[0m[34m => [internal] load build context                                          0.0s
[0m[34m => => transferring context: 3.75kB                                        0.0s
[0m[34m => [2/6] RUN apt-get update && apt-get --yes upgrade && apt-get install  16.4s
[0m[34m => [3/6] COPY qubes_43.sources /etc/apt/sources.list.d/                   0.0s
[0m[34m => [4/6] RUN sed -i s/##VERSION_CODENAME##/trixie/ /etc/apt/sources.list  0.1s
[0m[34m => [5/6] COPY nodesource-node24.sources /etc/apt/sources.list.d/          0.0s
[0m => [6/6] RUN TMPDIR=`mktemp -d` && cd ${TMPDIR}         && curl --proto  11.0s
[?25h[1A[1A[1A[1A[1A[1A[1A[1A[1A[0G[?25l[+] Building 30.2s (11/11)                                       docker:default
[34m => => extracting sha256:1da3cb2f93f2ca3c5bdaf4c024a7f1ebd717938d20c858e4  1.4s
[0m[34m => [internal] load build context                                          0.0s
[0m[34m => => transferring context: 3.75kB                                        0.0s
[0m[34m => [2/6] RUN apt-get update && apt-get --yes upgrade && apt-get install  16.4s
[0m[34m => [3/6] COPY qubes_43.sources /etc/apt/sources.list.d/                   0.0s
[0m[34m => [4/6] RUN sed -i s/##VERSION_CODENAME##/trixie/ /etc/apt/sources.list  0.1s
[0m[34m => [5/6] COPY nodesource-node24.sources /etc/apt/sources.list.d/          0.0s
[0m[34m => [6/6] RUN TMPDIR=`mktemp -d` && cd ${TMPDIR}         && curl --proto  11.1s
[0m[?25h[1A[1A[1A[1A[1A[1A[1A[1A[1A[0G[?25l[+] Building 30.4s (11/12)                                       docker:default
[34m => => transferring context: 3.75kB                                        0.0s
[0m[34m => [2/6] RUN apt-get update && apt-get --yes upgrade && apt-get install  16.4s
[0m[34m => [3/6] COPY qubes_43.sources /etc/apt/sources.list.d/                   0.0s
[0m[34m => [4/6] RUN sed -i s/##VERSION_CODENAME##/trixie/ /etc/apt/sources.list  0.1s
[0m[34m => [5/6] COPY nodesource-node24.sources /etc/apt/sources.list.d/          0.0s
[0m[34m => [6/6] RUN TMPDIR=`mktemp -d` && cd ${TMPDIR}         && curl --proto  11.1s
[0m => exporting to image                                                     0.2s
 => => exporting layers                                                    0.2s
[?25h[1A[1A[1A[1A[1A[1A[1A[1A[1A[0G[?25l[+] Building 30.5s (11/12)                                       docker:default
[34m => => transferring context: 3.75kB                                        0.0s
[0m[34m => [2/6] RUN apt-get update && apt-get --yes upgrade && apt-get install  16.4s
[0m[34m => [3/6] COPY qubes_43.sources /etc/apt/sources.list.d/                   0.0s
[0m[34m => [4/6] RUN sed -i s/##VERSION_CODENAME##/trixie/ /etc/apt/sources.list  0.1s
[0m[34m => [5/6] COPY nodesource-node24.sources /etc/apt/sources.list.d/          0.0s
[0m[34m => [6/6] RUN TMPDIR=`mktemp -d` && cd ${TMPDIR}         && curl --proto  11.1s
[0m => exporting to image                                                     0.3s
 => => exporting layers                                                    0.3s
[?25h[1A[1A[1A[1A[1A[1A[1A[1A[1A[0G[?25l[+] Building 30.7s (11/12)                                       docker:default
[34m => => transferring context: 3.75kB                                        0.0s
[0m[34m => [2/6] RUN apt-get update && apt-get --yes upgrade && apt-get install  16.4s
[0m[34m => [3/6] COPY qubes_43.sources /etc/apt/sources.list.d/                   0.0s
[0m[34m => [4/6] RUN sed -i s/##VERSION_CODENAME##/trixie/ /etc/apt/sources.list  0.1s
[0m[34m => [5/6] COPY nodesource-node24.sources /etc/apt/sources.list.d/          0.0s
[0m[34m => [6/6] RUN TMPDIR=`mktemp -d` && cd ${TMPDIR}         && curl --proto  11.1s
[0m => exporting to image                                                     0.5s
 => => exporting layers                                                    0.5s
[?25h[1A[1A[1A[1A[1A[1A[1A[1A[1A[0G[?25l[+] Building 30.8s (11/12)                                       docker:default
[34m => => transferring context: 3.75kB                                        0.0s
[0m[34m => [2/6] RUN apt-get update && apt-get --yes upgrade && apt-get install  16.4s
[0m[34m => [3/6] COPY qubes_43.sources /etc/apt/sources.list.d/                   0.0s
[0m[34m => [4/6] RUN sed -i s/##VERSION_CODENAME##/trixie/ /etc/apt/sources.list  0.1s
[0m[34m => [5/6] COPY nodesource-node24.sources /etc/apt/sources.list.d/          0.0s
[0m[34m => [6/6] RUN TMPDIR=`mktemp -d` && cd ${TMPDIR}         && curl --proto  11.1s
[0m => exporting to image                                                     0.6s
 => => exporting layers                                                    0.6s
[?25h[1A[1A[1A[1A[1A[1A[1A[1A[1A[0G[?25l[+] Building 31.0s (11/12)                                       docker:default
[34m => => transferring context: 3.75kB                                        0.0s
[0m[34m => [2/6] RUN apt-get update && apt-get --yes upgrade && apt-get install  16.4s
[0m[34m => [3/6] COPY qubes_43.sources /etc/apt/sources.list.d/                   0.0s
[0m[34m => [4/6] RUN sed -i s/##VERSION_CODENAME##/trixie/ /etc/apt/sources.list  0.1s
[0m[34m => [5/6] COPY nodesource-node24.sources /etc/apt/sources.list.d/          0.0s
[0m[34m => [6/6] RUN TMPDIR=`mktemp -d` && cd ${TMPDIR}         && curl --proto  11.1s
[0m => exporting to image                                                     0.8s
 => => exporting layers                                                    0.8s
[?25h[1A[1A[1A[1A[1A[1A[1A[1A[1A[0G[?25l[+] Building 31.1s (11/12)                                       docker:default
[34m => => transferring context: 3.75kB                                        0.0s
[0m[34m => [2/6] RUN apt-get update && apt-get --yes upgrade && apt-get install  16.4s
[0m[34m => [3/6] COPY qubes_43.sources /etc/apt/sources.list.d/                   0.0s
[0m[34m => [4/6] RUN sed -i s/##VERSION_CODENAME##/trixie/ /etc/apt/sources.list  0.1s
[0m[34m => [5/6] COPY nodesource-node24.sources /etc/apt/sources.list.d/          0.0s
[0m[34m => [6/6] RUN TMPDIR=`mktemp -d` && cd ${TMPDIR}         && curl --proto  11.1s
[0m => exporting to image                                                     0.9s
 => => exporting layers                                                    0.9s
[?25h[1A[1A[1A[1A[1A[1A[1A[1A[1A[0G[?25l[+] Building 31.3s (11/12)                                       docker:default
[34m => => transferring context: 3.75kB                                        0.0s
[0m[34m => [2/6] RUN apt-get update && apt-get --yes upgrade && apt-get install  16.4s
[0m[34m => [3/6] COPY qubes_43.sources /etc/apt/sources.list.d/                   0.0s
[0m[34m => [4/6] RUN sed -i s/##VERSION_CODENAME##/trixie/ /etc/apt/sources.list  0.1s
[0m[34m => [5/6] COPY nodesource-node24.sources /etc/apt/sources.list.d/          0.0s
[0m[34m => [6/6] RUN TMPDIR=`mktemp -d` && cd ${TMPDIR}         && curl --proto  11.1s
[0m => exporting to image                                                     1.1s
 => => exporting layers                                                    1.1s
[?25h[1A[1A[1A[1A[1A[1A[1A[1A[1A[0G[?25l[+] Building 31.4s (11/12)                                       docker:default
[34m => => transferring context: 3.75kB                                        0.0s
[0m[34m => [2/6] RUN apt-get update && apt-get --yes upgrade && apt-get install  16.4s
[0m[34m => [3/6] COPY qubes_43.sources /etc/apt/sources.list.d/                   0.0s
[0m[34m => [4/6] RUN sed -i s/##VERSION_CODENAME##/trixie/ /etc/apt/sources.list  0.1s
[0m[34m => [5/6] COPY nodesource-node24.sources /etc/apt/sources.list.d/          0.0s
[0m[34m => [6/6] RUN TMPDIR=`mktemp -d` && cd ${TMPDIR}         && curl --proto  11.1s
[0m => exporting to image                                                     1.2s
 => => exporting layers                                                    1.2s
[?25h[1A[1A[1A[1A[1A[1A[1A[1A[1A[0G[?25l[+] Building 31.6s (11/12)                                       docker:default
[34m => => transferring context: 3.75kB                                        0.0s
[0m[34m => [2/6] RUN apt-get update && apt-get --yes upgrade && apt-get install  16.4s
[0m[34m => [3/6] COPY qubes_43.sources /etc/apt/sources.list.d/                   0.0s
[0m[34m => [4/6] RUN sed -i s/##VERSION_CODENAME##/trixie/ /etc/apt/sources.list  0.1s
[0m[34m => [5/6] COPY nodesource-node24.sources /etc/apt/sources.list.d/          0.0s
[0m[34m => [6/6] RUN TMPDIR=`mktemp -d` && cd ${TMPDIR}         && curl --proto  11.1s
[0m => exporting to image                                                     1.4s
 => => exporting layers                                                    1.4s
[?25h[1A[1A[1A[1A[1A[1A[1A[1A[1A[0G[?25l[+] Building 31.7s (11/12)                                       docker:default
[34m => => transferring context: 3.75kB                                        0.0s
[0m[34m => [2/6] RUN apt-get update && apt-get --yes upgrade && apt-get install  16.4s
[0m[34m => [3/6] COPY qubes_43.sources /etc/apt/sources.list.d/                   0.0s
[0m[34m => [4/6] RUN sed -i s/##VERSION_CODENAME##/trixie/ /etc/apt/sources.list  0.1s
[0m[34m => [5/6] COPY nodesource-node24.sources /etc/apt/sources.list.d/          0.0s
[0m[34m => [6/6] RUN TMPDIR=`mktemp -d` && cd ${TMPDIR}         && curl --proto  11.1s
[0m => exporting to image                                                     1.5s
 => => exporting layers                                                    1.5s
[?25h[1A[1A[1A[1A[1A[1A[1A[1A[1A[0G[?25l[+] Building 31.9s (11/12)                                       docker:default
[34m => => transferring context: 3.75kB                                        0.0s
[0m[34m => [2/6] RUN apt-get update && apt-get --yes upgrade && apt-get install  16.4s
[0m[34m => [3/6] COPY qubes_43.sources /etc/apt/sources.list.d/                   0.0s
[0m[34m => [4/6] RUN sed -i s/##VERSION_CODENAME##/trixie/ /etc/apt/sources.list  0.1s
[0m[34m => [5/6] COPY nodesource-node24.sources /etc/apt/sources.list.d/          0.0s
[0m[34m => [6/6] RUN TMPDIR=`mktemp -d` && cd ${TMPDIR}         && curl --proto  11.1s
[0m => exporting to image                                                     1.7s
 => => exporting layers                                                    1.7s
[?25h[1A[1A[1A[1A[1A[1A[1A[1A[1A[0G[?25l[+] Building 32.0s (11/12)                                       docker:default
[34m => => transferring context: 3.75kB                                        0.0s
[0m[34m => [2/6] RUN apt-get update && apt-get --yes upgrade && apt-get install  16.4s
[0m[34m => [3/6] COPY qubes_43.sources /etc/apt/sources.list.d/                   0.0s
[0m[34m => [4/6] RUN sed -i s/##VERSION_CODENAME##/trixie/ /etc/apt/sources.list  0.1s
[0m[34m => [5/6] COPY nodesource-node24.sources /etc/apt/sources.list.d/          0.0s
[0m[34m => [6/6] RUN TMPDIR=`mktemp -d` && cd ${TMPDIR}         && curl --proto  11.1s
[0m => exporting to image                                                     1.8s
 => => exporting layers                                                    1.8s
[?25h[1A[1A[1A[1A[1A[1A[1A[1A[1A[0G[?25l[+] Building 32.2s (11/12)                                       docker:default
[34m => => transferring context: 3.75kB                                        0.0s
[0m[34m => [2/6] RUN apt-get update && apt-get --yes upgrade && apt-get install  16.4s
[0m[34m => [3/6] COPY qubes_43.sources /etc/apt/sources.list.d/                   0.0s
[0m[34m => [4/6] RUN sed -i s/##VERSION_CODENAME##/trixie/ /etc/apt/sources.list  0.1s
[0m[34m => [5/6] COPY nodesource-node24.sources /etc/apt/sources.list.d/          0.0s
[0m[34m => [6/6] RUN TMPDIR=`mktemp -d` && cd ${TMPDIR}         && curl --proto  11.1s
[0m => exporting to image                                                     2.0s
 => => exporting layers                                                    2.0s
[?25h[1A[1A[1A[1A[1A[1A[1A[1A[1A[0G[?25l[+] Building 32.3s (11/12)                                       docker:default
[34m => => transferring context: 3.75kB                                        0.0s
[0m[34m => [2/6] RUN apt-get update && apt-get --yes upgrade && apt-get install  16.4s
[0m[34m => [3/6] COPY qubes_43.sources /etc/apt/sources.list.d/                   0.0s
[0m[34m => [4/6] RUN sed -i s/##VERSION_CODENAME##/trixie/ /etc/apt/sources.list  0.1s
[0m[34m => [5/6] COPY nodesource-node24.sources /etc/apt/sources.list.d/          0.0s
[0m[34m => [6/6] RUN TMPDIR=`mktemp -d` && cd ${TMPDIR}         && curl --proto  11.1s
[0m => exporting to image                                                     2.1s
 => => exporting layers                                                    2.1s
[?25h[1A[1A[1A[1A[1A[1A[1A[1A[1A[0G[?25l[+] Building 32.5s (11/12)                                       docker:default
[34m => => transferring context: 3.75kB                                        0.0s
[0m[34m => [2/6] RUN apt-get update && apt-get --yes upgrade && apt-get install  16.4s
[0m[34m => [3/6] COPY qubes_43.sources /etc/apt/sources.list.d/                   0.0s
[0m[34m => [4/6] RUN sed -i s/##VERSION_CODENAME##/trixie/ /etc/apt/sources.list  0.1s
[0m[34m => [5/6] COPY nodesource-node24.sources /etc/apt/sources.list.d/          0.0s
[0m[34m => [6/6] RUN TMPDIR=`mktemp -d` && cd ${TMPDIR}         && curl --proto  11.1s
[0m => exporting to image                                                     2.3s
 => => exporting layers                                                    2.3s
[?25h[1A[1A[1A[1A[1A[1A[1A[1A[1A[0G[?25l[+] Building 32.6s (11/12)                                       docker:default
[34m => => transferring context: 3.75kB                                        0.0s
[0m[34m => [2/6] RUN apt-get update && apt-get --yes upgrade && apt-get install  16.4s
[0m[34m => [3/6] COPY qubes_43.sources /etc/apt/sources.list.d/                   0.0s
[0m[34m => [4/6] RUN sed -i s/##VERSION_CODENAME##/trixie/ /etc/apt/sources.list  0.1s
[0m[34m => [5/6] COPY nodesource-node24.sources /etc/apt/sources.list.d/          0.0s
[0m[34m => [6/6] RUN TMPDIR=`mktemp -d` && cd ${TMPDIR}         && curl --proto  11.1s
[0m => exporting to image                                                     2.4s
 => => exporting layers                                                    2.4s
[?25h[1A[1A[1A[1A[1A[1A[1A[1A[1A[0G[?25l[+] Building 32.8s (11/12)                                       docker:default
[34m => => transferring context: 3.75kB                                        0.0s
[0m[34m => [2/6] RUN apt-get update && apt-get --yes upgrade && apt-get install  16.4s
[0m[34m => [3/6] COPY qubes_43.sources /etc/apt/sources.list.d/                   0.0s
[0m[34m => [4/6] RUN sed -i s/##VERSION_CODENAME##/trixie/ /etc/apt/sources.list  0.1s
[0m[34m => [5/6] COPY nodesource-node24.sources /etc/apt/sources.list.d/          0.0s
[0m[34m => [6/6] RUN TMPDIR=`mktemp -d` && cd ${TMPDIR}         && curl --proto  11.1s
[0m => exporting to image                                                     2.5s
[34m => => exporting layers                                                    2.5s
[0m[?25h[1A[1A[1A[1A[1A[1A[1A[1A[1A[0G[?25l[+] Building 32.8s (12/12) FINISHED                              docker:default
[34m => [internal] load build definition from Dockerfile                       0.0s
[0m[34m => => transferring dockerfile: 1.54kB                                     0.0s
[0m[34m => [internal] load metadata for docker.io/library/debian:trixie           0.6s
[0m[34m => [auth] library/debian:pull token for registry-1.docker.io              0.0s
[0m[34m => [internal] load .dockerignore                                          0.0s
[0m[34m => => transferring context: 2B                                            0.0s
[0m[34m => [1/6] FROM docker.io/library/debian:trixie@sha256:34cd9e9fd437c0a095e  1.9s
[0m[34m => => resolve docker.io/library/debian:trixie@sha256:34cd9e9fd437c0a095e  0.0s
[0m[34m => => sha256:34cd9e9fd437c0a095ec39cb2e73422c9f30821b0d0 8.93kB / 8.93kB  0.0s
[0m[34m => => sha256:d8f17b92dc7ff10f9c1fdecab0ad21103d1d24aed82 1.02kB / 1.02kB  0.0s
[0m[34m => => sha256:826a5616954ee645ca5c165d4c8c960d4d8d444347838cf 451B / 451B  0.0s
[0m[34m => => sha256:1da3cb2f93f2ca3c5bdaf4c024a7f1ebd717938d2 49.31MB / 49.31MB  0.4s
[0m[34m => => extracting sha256:1da3cb2f93f2ca3c5bdaf4c024a7f1ebd717938d20c858e4  1.4s
[0m[34m => [internal] load build context                                          0.0s
[0m[34m => => transferring context: 3.75kB                                        0.0s
[0m[34m => [2/6] RUN apt-get update && apt-get --yes upgrade && apt-get install  16.4s
[0m[34m => [3/6] COPY qubes_43.sources /etc/apt/sources.list.d/                   0.0s
[0m[34m => [4/6] RUN sed -i s/##VERSION_CODENAME##/trixie/ /etc/apt/sources.list  0.1s
[0m[34m => [5/6] COPY nodesource-node24.sources /etc/apt/sources.list.d/          0.0s
[0m[34m => [6/6] RUN TMPDIR=`mktemp -d` && cd ${TMPDIR}         && curl --proto  11.1s
[0m[34m => exporting to image                                                     2.5s
[0m[34m => => exporting layers                                                    2.5s
[0m[34m => => writing image sha256:4438f14729bd4a4705a54226debb8af4c66cd515db843  0.0s
[0m[34m => => naming to fpf.local/sd-client-builder-trixie                        0.0s
[0m[?25h
 [33m6 warnings found (use docker --debug to expand):
[0m - LegacyKeyValueFormat: "ENV key=value" should be used instead of legacy "ENV key value" format (line 22)
 - LegacyKeyValueFormat: "ENV key=value" should be used instead of legacy "ENV key value" format (line 23)
 - LegacyKeyValueFormat: "ENV key=value" should be used instead of legacy "ENV key value" format (line 35)
 - LegacyKeyValueFormat: "ENV key=value" should be used instead of legacy "ENV key value" format (line 19)
 - LegacyKeyValueFormat: "ENV key=value" should be used instead of legacy "ENV key value" format (line 20)
 - LegacyKeyValueFormat: "ENV key=value" should be used instead of legacy "ENV key value" format (line 21)
++ status=0
++ docker run --rm --user=root -v /home/runner/work/securedrop-client/securedrop-client:/src:Z -it --entrypoint /src/scripts/dep-check.sh fpf.local/sd-client-builder-trixie
^@0% [Working]            Hit:1 http://deb.debian.org/debian trixie InRelease
0% [Connected to deb.nodesource.com (104.20.45.190)] [Connecting to deb.qubes-o                                                                               Hit:2 http://deb.debian.org/debian trixie-updates InRelease
0% [Connected to deb.nodesource.com (104.20.45.190)] [Connecting to deb.qubes-o0% [Waiting for headers] [Waiting for headers] [Connecting to deb.qubes-os.org                                                                                Hit:3 http://deb.debian.org/debian-security trixie-security InRelease
                                                                               0% [Waiting for headers] [Connecting to deb.qubes-os.org (193.219.28.150)]0% [Waiting for headers] [Connecting to deb.qubes-os.org (193.219.28.150)]0% [Waiting for headers] [Connecting to deb.qubes-os.org (193.219.28.150)]                                                                          Get:4 https://deb.nodesource.com/node_24.x nodistro InRelease [12.1 kB]
0% [4 InRelease 7661 B/12.1 kB 63%] [Connecting to deb.qubes-os.org (193.219.28                                                                               0% [Connecting to deb.qubes-os.org (193.219.28.150)]0% [Connecting to deb.qubes-os.org (193.219.28.150)]                                                    Get:5 https://deb.nodesource.com/node_24.x nodistro/main amd64 Packages [8654 B]
0% [5 Packages 3450 B/8654 B 40%] [Connecting to deb.qubes-os.org (193.219.28.1                                                                               0% [Connecting to deb.qubes-os.org (193.219.28.150)]0% [5 Packages store 0 B] [Connecting to deb.qubes-os.org (193.219.28.150)]                                                                           0% [Connecting to deb.qubes-os.org (193.219.28.150)]                                                    Get:6 https://deb.qubes-os.org/r4.3/vm trixie InRelease [4735 B]
                                                    0% [6 InRelease 4735 B/4735 B 100%]                                   0% [Working]49% [Working]             Get:7 https://deb.qubes-os.org/r4.3/vm trixie/main amd64 Packages [42.0 kB]
68% [7 Packages 16.1 kB/42.0 kB 38%]                                    99% [Working]99% [7 Packages store 0 B]                          100% [Working]              Fetched 67.5 kB in 1s (67.5 kB/s)
Reading package lists... 0%Reading package lists... 0%Reading package lists... 0%Reading package lists... 96%Reading package lists... 96%Reading package lists... 96%Reading package lists... 96%Reading package lists... 99%Reading package lists... 99%Reading package lists... 99%Reading package lists... 99%Reading package lists... 99%Reading package lists... 99%Reading package lists... Done
++ [[ 0 == 42 ]]
++ [[ 0 != 0 ]]
++ mktemp -d
+ BUILD_DEST=/tmp/tmp.yj0agFZF2p
+ WHAT=main
+ FAST=
+ FAST_CACHE_ARGUMENTS=
+ [[ -n '' ]]
+ docker run --rm --user=root -v /home/runner/work/securedrop-client/securedrop-client:/src:Z -it -v /home/runner/work/securedrop-client/securedrop-client/securedrop-builder:/builder:Z -v /tmp/tmp.yj0agFZF2p:/build:Z --env NIGHTLY=1 --env FAST= --env WHAT=main --entrypoint /src/scripts/build-debs-main.sh fpf.local/sd-client-builder-trixie
+ export PIP_DISABLE_PIP_VERSION_CHECK=1
+ PIP_DISABLE_PIP_VERSION_CHECK=1
+ export PIP_PROGRESS_BAR=off
+ PIP_PROGRESS_BAR=off
+ export CARGO_TERM_COLOR=never
+ CARGO_TERM_COLOR=never
+ export CARGO_TERM_PROGRESS_WHEN=never
+ CARGO_TERM_PROGRESS_WHEN=never
+ apt-get update
0% [Working]            Get:1 https://deb.nodesource.com/node_24.x nodistro InRelease [12.1 kB]
0% [Waiting for headers] [1 InRelease 10.4 kB/12.1 kB 86%] [Connecting to deb.q                                                                               0% [Waiting for headers] [Connecting to deb.qubes-os.org (193.219.28.150)]                                                                          Hit:2 http://deb.debian.org/debian trixie InRelease
0% [Waiting for headers] [Connecting to deb.qubes-os.org (193.219.28.150)]0% [Waiting for headers] [Connecting to deb.qubes-os.org (193.219.28.150)]                                                                          Hit:3 http://deb.debian.org/debian trixie-updates InRelease
0% [Waiting for headers] [Connecting to deb.qubes-os.org (193.219.28.150)]0% [Waiting for headers] [Waiting for headers] [Connecting to deb.qubes-os.org                                                                                Get:4 https://deb.nodesource.com/node_24.x nodistro/main amd64 Packages [8654 B]
0% [Waiting for headers] [4 Packages 712 B/8654 B 8%] [Connecting to deb.qubes-                                                                               0% [Waiting for headers] [Connecting to deb.qubes-os.org (193.219.28.150)]                                                                          Hit:5 http://deb.debian.org/debian-security trixie-security InRelease
                                                                          0% [Connecting to deb.qubes-os.org (193.219.28.150)]0% [4 Packages store 0 B] [Connecting to deb.qubes-os.org (193.219.28.150)]                                                                           0% [Connecting to deb.qubes-os.org (193.219.28.150)]0% [Connecting to deb.qubes-os.org (193.219.28.150)]                                                    Get:6 https://deb.qubes-os.org/r4.3/vm trixie InRelease [4735 B]
                                                    0% [6 InRelease 4735 B/4735 B 100%]                                   0% [Working]49% [Working]             Get:7 https://deb.qubes-os.org/r4.3/vm trixie/main amd64 Packages [42.0 kB]
68% [7 Packages 16.1 kB/42.0 kB 38%]                                    99% [Working]99% [7 Packages store 0 B]                          100% [Working]              Fetched 67.5 kB in 1s (68.3 kB/s)
Reading package lists... 0%Reading package lists... 0%Reading package lists... 0%Reading package lists... 96%Reading package lists... 96%Reading package lists... 96%Reading package lists... 96%Reading package lists... 99%Reading package lists... 99%Reading package lists... 99%Reading package lists... 99%Reading package lists... 99%Reading package lists... 99%Reading package lists... Done
+ apt-get upgrade --yes
Reading package lists... 0%Reading package lists... 0%Reading package lists... 0%Reading package lists... 96%Reading package lists... 96%Reading package lists... 96%Reading package lists... 96%Reading package lists... 99%Reading package lists... 99%Reading package lists... 99%Reading package lists... 99%Reading package lists... 99%Reading package lists... 99%Reading package lists... Done
Building dependency tree... 0%Building dependency tree... 0%Building dependency tree... 50%Building dependency tree... 50%Building dependency tree... Done
Reading state information... 0% Reading state information... 0%Reading state information... Done
Calculating upgrade... 0%Calculating upgrade... 50%Calculating upgrade... Done
0 upgraded, 0 newly installed, 0 to remove and 0 not upgraded.
+ rsync --exclude=build --exclude=.git --exclude=__pycache__ --exclude=node_modules --exclude=target --exclude=htmlcov --exclude=app/coverage --exclude=app/dist --exclude=app/out -av --no-times /src/ /srv/securedrop-client
sending incremental file list
created directory /srv/securedrop-client
./
.git-blame-ignore-revs
.gitignore
CONTRIBUTING.md
Cargo.lock
Cargo.toml
Makefile
README.md
SECURITY.md
changelog.md
poetry.lock
poetry.toml
pyproject.toml
rust-toolchain.toml
rustfmt.toml
update_version.sh
.cargo/
.cargo/audit.toml
.github/
.github/CODEOWNERS
.github/dependabot.yml
.github/pull_request_template.md
.github/zizmor.yml
.github/ISSUE_TEMPLATE/
.github/ISSUE_TEMPLATE/bug_report.md
.github/ISSUE_TEMPLATE/feature_request.md
.github/ISSUE_TEMPLATE/proposal.md
.github/ISSUE_TEMPLATE/release.md
.github/scripts/
.github/scripts/guarddog_scan_matrix.py
.github/workflows/
.github/workflows/app.yml
.github/workflows/build.yml
.github/workflows/cargo-vet.yml
.github/workflows/ci.yml
.github/workflows/dependency-review.yml
.github/workflows/guarddog.yml
.github/workflows/mac-demo.yml
.github/workflows/nightlies.yml
.github/workflows/security.yml
.github/workflows/test.yml
.github/workflows/piuparts/
.github/workflows/piuparts/Dockerfile
.github/workflows/piuparts/run-piuparts.sh
app/
app/.gitignore
app/.npmrc
app/.prettierignore
app/.prettierrc
app/.testcontainers.properties
app/README.md
app/architecture.md
app/electron-builder.yml
app/electron.vite.config.ts
app/eslint.config.ts
app/package.json
app/pnpm-lock.yaml
app/pnpm-workspace.yaml
app/press.freedom.SecureDropApp.desktop
app/tailwind.config.ts
app/tsconfig.json
app/tsconfig.node.json
app/tsconfig.web.json
app/vitest.config.ts
app/.semgrep/
app/.semgrep/custom-rules.yml
app/empty-package/
app/empty-package/package.json
app/integration_tests/
app/integration_tests/export-archive.test.ts
app/integration_tests/proxy.test.ts
app/integration_tests/setup.ts
app/mac/
app/mac/entitlements.mac.plist
app/resources/
app/resources/images/
app/resources/images/inbox-empty-state.svg
app/resources/images/logo.png
app/resources/images/sign-in-background.svg
app/resources/templates/
app/resources/templates/transcript.txt.liquid
app/scripts/
app/scripts/download-sqlite-binaries.py
app/scripts/find-prod-deps.py
app/scripts/securedrop-test-key.asc
app/scripts/sqlite-checksums.json
app/scripts/test-data-generate.py
app/scripts/test-data-insert.sh
app/scripts/upload_screenshots.py
app/scripts/translator-screenshots/
app/scripts/translator-screenshots/extractor.js
app/scripts/translator-screenshots/lib.js
app/scripts/translator-screenshots/main.js
app/server_tests/
app/server_tests/delete-conversation.test.ts
app/server_tests/delete-item.test.ts
app/server_tests/delete-source.test.ts
app/server_tests/helper.ts
app/server_tests/multiuser.test.ts
app/server_tests/replies.test.ts
app/server_tests/seen.test.ts
app/server_tests/server.ts
app/server_tests/sourcelist.test.ts
app/server_tests/starred.test.ts
app/server_tests/sync.test.ts
app/server_tests/data/
app/server_tests/data/data.yaml
app/server_tests/data/items/
app/server_tests/data/items/127b98a7-2976-45a9-8dde-dd50602bffbb.gpg
app/server_tests/data/items/2c287eff-a397-46d0-905f-8842147d183d.gpg
app/server_tests/data/items/31eeac69-e02f-46f1-a5da-b8f912eb773d.gpg
app/server_tests/data/items/3f3d5d05-e758-4cbb-9ea0-876d7152fd7f.gpg
app/server_tests/data/items/40e13a88-5409-4201-9495-d06c335e203f.gpg
app/server_tests/data/items/48256b37-2761-4695-8a1a-282601dc3c87.gpg
app/server_tests/data/items/485396d7-114b-49d5-a910-43337f72b471.gpg
app/server_tests/data/items/6428c271-3108-4c73-9a44-9acfb7e2b388.gpg
app/server_tests/data/items/6ba8a2c8-aa3a-4b0e-95f9-34d3001a5043.gpg
app/server_tests/data/items/85f0d337-b077-41b6-a914-33fee7bfcaa1.gpg
app/server_tests/data/items/96325861-741a-41eb-91b5-bb1ff34f3e70.gpg
app/server_tests/data/items/a500332a-52dd-4296-a8e7-213cb575d9ff.gpg
app/server_tests/data/items/adca50a5-9f70-49db-a5ae-0c184b54c6ed.gpg
app/server_tests/data/items/b8260d37-87b2-49b3-a235-bac31c11021d.gpg
app/server_tests/data/items/cc1be744-8a71-4e52-92e7-51315b6cb643.gpg
app/server_tests/data/items/d6dc8fb4-582f-4cfc-b466-19e4b402b3ae.gpg
app/server_tests/data/items/d8782e98-0cbd-4142-850d-6bcefabb8237.gpg
app/server_tests/data/items/f53f43d9-41fa-42a6-88b0-6529aaacc599.gpg
app/server_tests/data/keys/
app/server_tests/data/keys/1D5EED3E722A21361FB1609436AA2DFBDC429CA1.pub
app/server_tests/data/keys/1D5EED3E722A21361FB1609436AA2DFBDC429CA1.secret
app/server_tests/data/keys/6E0B59448DD8DA2CFEF61B8F926290C5880A6D62.pub
app/server_tests/data/keys/6E0B59448DD8DA2CFEF61B8F926290C5880A6D62.secret
app/server_tests/data/keys/F6283AE2A3C92F8C910946FA3BE7DFE991FC8A87.pub
app/server_tests/data/keys/F6283AE2A3C92F8C910946FA3BE7DFE991FC8A87.secret
app/src/
app/src/schemas.ts
app/src/test-setup.ts
app/src/test-types.d.ts
app/src/types.ts
app/src/vite-env.d.ts
app/src/main/
app/src/main/config.test.ts
app/src/main/config.ts
app/src/main/crypto.ts
app/src/main/datastore.test.ts
app/src/main/datastore.ts
app/src/main/export.test.ts
app/src/main/export.ts
app/src/main/index.test.ts
app/src/main/index.ts
app/src/main/log.ts
app/src/main/proxy.test.ts
app/src/main/proxy.ts
app/src/main/storage.test.ts
app/src/main/storage.ts
app/src/main/timeouts.test.ts
app/src/main/timeouts.ts
app/src/main/transcriber.test.ts
app/src/main/transcriber.ts
app/src/main/umask.ts
app/src/main/__tests__/
app/src/main/__tests__/crypto.gpg.test.ts
app/src/main/__tests__/crypto.integration.test.ts
app/src/main/__tests__/crypto.unit.test.ts
app/src/main/__tests__/setup-gpg-tests.ts
app/src/main/__tests__/files/
app/src/main/__tests__/files/securedrop.gpg.asc
app/src/main/__tests__/files/securedrop.gpg.pub.asc
app/src/main/__tests__/files/test-key.gpg.asc
app/src/main/__tests__/files/test-key.gpg.pub.asc
app/src/main/database/
app/src/main/database/index.ts
app/src/main/database/schema.md
app/src/main/database/schema.sql
app/src/main/database/search.test.ts
app/src/main/database/search.ts
app/src/main/database/migrations/
app/src/main/database/migrations/20260203225412_create_initial_schema.sql
app/src/main/database/migrations/20260213000000_fix_sources_projected_is_seen.sql
app/src/main/database/migrations/20260217000000_add_fts_search.sql
app/src/main/database/migrations/20260326182530_immutable_item_kind.sql
app/src/main/database/migrations/20260331000000_source_conversation_seen.sql
app/src/main/database/migrations/20260416000000_source_conversation_truncated.sql
app/src/main/database/migrations/20260507000000_cleanup_orphaned_search_index.sql
app/src/main/database/migrations/20260511000000_fix_sources_projected_pending_truncation.sql
app/src/main/database/migrations/20260624000000_pending_events_retry_tracking.sql
app/src/main/database/migrations/20260710151500_immutable_item_source.sql
app/src/main/database/migrations/20260730000000_add_double_encrypted.sql
app/src/main/fetch/
app/src/main/fetch/queue.test.ts
app/src/main/fetch/queue.ts
app/src/main/fetch/worker.ts
app/src/main/sync/
app/src/main/sync/index.test.ts
app/src/main/sync/index.ts
app/src/main/sync/lock.test.ts
app/src/main/sync/lock.ts
app/src/preload/
app/src/preload/index.ts
app/src/renderer/
app/src/renderer/App.test.tsx
app/src/renderer/App.tsx
app/src/renderer/a11y.test.tsx
app/src/renderer/env.d.ts
app/src/renderer/i18n.ts
app/src/renderer/index.css
app/src/renderer/index.html
app/src/renderer/index.tsx
app/src/renderer/preload.d.ts
app/src/renderer/react-i18next.d.ts
app/src/renderer/store.test.ts
app/src/renderer/store.ts
app/src/renderer/test-a11y.d.ts
app/src/renderer/test-component-setup.tsx
app/src/renderer/utils.test.ts
app/src/renderer/utils.ts
app/src/renderer/components/
app/src/renderer/components/Avatar.test.tsx
app/src/renderer/components/Avatar.tsx
app/src/renderer/components/FirstRunPopup.test.tsx
app/src/renderer/components/FirstRunPopup.tsx
app/src/renderer/components/KeyboardHelpModal.css
app/src/renderer/components/KeyboardHelpModal.tsx
app/src/renderer/components/QuitModal.tsx
app/src/renderer/components/TruncatedText.test.tsx
app/src/renderer/components/TruncatedText.tsx
app/src/renderer/components/deleteSourceRequester.ts
app/src/renderer/components/helpRequester.ts
app/src/renderer/components/quitRequester.ts
app/src/renderer/components/requesters.test.ts
app/src/renderer/features/
app/src/renderer/features/conversation/
app/src/renderer/features/conversation/conversationSlice.test.ts
app/src/renderer/features/conversation/conversationSlice.ts
app/src/renderer/features/drafts/
app/src/renderer/features/drafts/draftsSlice.test.ts
app/src/renderer/features/drafts/draftsSlice.ts
app/src/renderer/features/journalists/
app/src/renderer/features/journalists/journalistsSlice.test.ts
app/src/renderer/features/journalists/journalistsSlice.ts
app/src/renderer/features/session/
app/src/renderer/features/session/sessionSlice.test.ts
app/src/renderer/features/session/sessionSlice.ts
app/src/renderer/features/sources/
app/src/renderer/features/sources/sourcesSlice.test.ts
app/src/renderer/features/sources/sourcesSlice.ts
app/src/renderer/features/sync/
app/src/renderer/features/sync/syncSlice.test.ts
app/src/renderer/features/sync/syncSlice.ts
app/src/renderer/hooks/
app/src/renderer/hooks/index.ts
app/src/renderer/hooks/useDebounce.ts
app/src/renderer/hooks/useSubmissionKeyFingerprint.ts
app/src/renderer/locales/
app/src/renderer/locales/de.json
app/src/renderer/locales/en-XA.json
app/src/renderer/locales/en.json
app/src/renderer/locales/es.json
app/src/renderer/locales/fr.json
app/src/renderer/locales/index.ts
app/src/renderer/locales/nb-NO.json
app/src/renderer/shortcuts/
app/src/renderer/shortcuts/index.ts
app/src/renderer/shortcuts/shortcutDefinitions.test.ts
app/src/renderer/shortcuts/shortcutDefinitions.ts
app/src/renderer/shortcuts/useGlobalShortcuts.test.tsx
app/src/renderer/shortcuts/useGlobalShortcuts.ts
app/src/renderer/shortcuts/useMainContentShortcuts.test.tsx
app/src/renderer/shortcuts/useMainContentShortcuts.ts
app/src/renderer/shortcuts/useShortcut.test.tsx
app/src/renderer/shortcuts/useShortcut.ts
app/src/renderer/shortcuts/useSidebarShortcuts.test.tsx
app/src/renderer/shortcuts/useSidebarShortcuts.ts
app/src/renderer/views/
app/src/renderer/views/Inbox.test.tsx
app/src/renderer/views/Inbox.tsx
app/src/renderer/views/SignIn.css
app/src/renderer/views/SignIn.dev.ts
app/src/renderer/views/SignIn.test.tsx
app/src/renderer/views/SignIn.tsx
app/src/renderer/views/Inbox/
app/src/renderer/views/Inbox/MainContent.test.tsx
app/src/renderer/views/Inbox/MainContent.tsx
app/src/renderer/views/Inbox/Sidebar.tsx
app/src/renderer/views/Inbox/MainContent/
app/src/renderer/views/Inbox/MainContent/Conversation.css
app/src/renderer/views/Inbox/MainContent/Conversation.test.tsx
app/src/renderer/views/Inbox/MainContent/Conversation.tsx
app/src/renderer/views/Inbox/MainContent/EmptyConversation.tsx
app/src/renderer/views/Inbox/MainContent/EmptyState.css
app/src/renderer/views/Inbox/MainContent/EmptyState.tsx
app/src/renderer/views/Inbox/MainContent/Header.test.tsx
app/src/renderer/views/Inbox/MainContent/Header.tsx
app/src/renderer/views/Inbox/MainContent/Conversation/
app/src/renderer/views/Inbox/MainContent/Conversation/Item.css
app/src/renderer/views/Inbox/MainContent/Conversation/Item.tsx
app/src/renderer/views/Inbox/MainContent/Conversation/NewMessagesDivider.css
app/src/renderer/views/Inbox/MainContent/Conversation/NewMessagesDivider.tsx
app/src/renderer/views/Inbox/MainContent/Conversation/useConversationScroll.ts
app/src/renderer/views/Inbox/MainContent/Conversation/Item/
app/src/renderer/views/Inbox/MainContent/Conversation/Item/DoubleEncryptedBadge.tsx
app/src/renderer/views/Inbox/MainContent/Conversation/Item/Export.test.tsx
app/src/renderer/views/Inbox/MainContent/Conversation/Item/Export.tsx
app/src/renderer/views/Inbox/MainContent/Conversation/Item/File.css
app/src/renderer/views/Inbox/MainContent/Conversation/Item/File.test.tsx
app/src/renderer/views/Inbox/MainContent/Conversation/Item/File.tsx
app/src/renderer/views/Inbox/MainContent/Conversation/Item/FileAudioFilled.tsx
app/src/renderer/views/Inbox/MainContent/Conversation/Item/FileVideoFilled.tsx
app/src/renderer/views/Inbox/MainContent/Conversation/Item/Message.test.tsx
app/src/renderer/views/Inbox/MainContent/Conversation/Item/Message.tsx
app/src/renderer/views/Inbox/MainContent/Conversation/Item/Print.test.tsx
app/src/renderer/views/Inbox/MainContent/Conversation/Item/Print.tsx
app/src/renderer/views/Inbox/MainContent/Conversation/Item/Reply.css
app/src/renderer/views/Inbox/MainContent/Header/
app/src/renderer/views/Inbox/MainContent/Header/SourceMenu.test.tsx
app/src/renderer/views/Inbox/MainContent/Header/SourceMenu.tsx
app/src/renderer/views/Inbox/Sidebar/
app/src/renderer/views/Inbox/Sidebar/Account.tsx
app/src/renderer/views/Inbox/Sidebar/SourceList.test.tsx
app/src/renderer/views/Inbox/Sidebar/SourceList.tsx
app/src/renderer/views/Inbox/Sidebar/Account/
app/src/renderer/views/Inbox/Sidebar/Account/AboutHelp.tsx
app/src/renderer/views/Inbox/Sidebar/Account/KeyboardHelp.css
app/src/renderer/views/Inbox/Sidebar/Account/KeyboardHelp.test.tsx
app/src/renderer/views/Inbox/Sidebar/Account/KeyboardHelp.tsx
app/src/renderer/views/Inbox/Sidebar/Account/MainMenu.test.tsx
app/src/renderer/views/Inbox/Sidebar/Account/MainMenu.tsx
app/src/renderer/views/Inbox/Sidebar/Account/SyncDicator.tsx
app/src/renderer/views/Inbox/Sidebar/SourceList/
app/src/renderer/views/Inbox/Sidebar/SourceList/Counts.tsx
app/src/renderer/views/Inbox/Sidebar/SourceList/Source.test.tsx
app/src/renderer/views/Inbox/Sidebar/SourceList/Source.tsx
app/src/renderer/views/Inbox/Sidebar/SourceList/StarFilled.test.tsx
app/src/renderer/views/Inbox/Sidebar/SourceList/StarFilled.tsx
app/src/renderer/views/Inbox/Sidebar/SourceList/Toolbar.test.tsx
app/src/renderer/views/Inbox/Sidebar/SourceList/Toolbar.tsx
architecture-decisions/
architecture-decisions/001-data-sync.md
debian/
debian/build-app.sh
debian/changelog
debian/control
debian/copyright
debian/rules
debian/securedrop-app-wrapper
debian/securedrop-app.install
debian/securedrop-app.links
debian/securedrop-app.lintian-overrides
debian/securedrop-app.postinst
debian/securedrop-export.install
debian/securedrop-export.links
debian/securedrop-export.lintian-overrides
debian/securedrop-export.postinst
debian/securedrop-export.postrm
debian/securedrop-gpg-config.install
debian/securedrop-gpg-config.lintian-overrides
debian/securedrop-gpg-config.securedrop-get-secret-keys.service
debian/securedrop-keyring.install
debian/securedrop-keyring.lintian-overrides
debian/securedrop-log.install
debian/securedrop-log.links
debian/securedrop-log.lintian-overrides
debian/securedrop-log.securedrop-log-server.service
debian/securedrop-log.securedrop-logging-disabled.service
debian/securedrop-proxy.install
debian/securedrop-proxy.lintian-overrides
debian/securedrop-proxy.securedrop-proxy-onion-config.service
debian/securedrop-workstation-config.install
debian/securedrop-workstation-config.lintian-overrides
debian/securedrop-workstation-config.postinst
debian/securedrop-workstation-config.securedrop-mime-handling.service
debian/securedrop-workstation-viewer.lintian-overrides
debian/setup-venv.sh
debian/source/
debian/source/format
debian/source/lintian-overrides
debian/source/options
export/
export/LICENSE
export/Makefile
export/README.md
export/build-requirements.txt
export/poetry.lock
export/poetry.toml
export/pyproject.toml
export/setup.py
export/.semgrep/
export/.semgrep/custom-rules.yaml
export/files/
export/files/application-x-sd-export.xml
export/files/sd-logo.png
export/files/send-to-usb.desktop
export/files/tcrypt.conf
export/securedrop_export/
export/securedrop_export/__init__.py
export/securedrop_export/archive.py
export/securedrop_export/command.py
export/securedrop_export/directory.py
export/securedrop_export/exceptions.py
export/securedrop_export/main.py
export/securedrop_export/status.py
export/securedrop_export/disk/
export/securedrop_export/disk/__init__.py
export/securedrop_export/disk/cli.py
export/securedrop_export/disk/service.py
export/securedrop_export/disk/status.py
export/securedrop_export/disk/volume.py
export/securedrop_export/print/
export/securedrop_export/print/__init__.py
export/securedrop_export/print/print_dialog.py
export/securedrop_export/print/service.py
export/securedrop_export/print/status.py
export/systemd/
export/systemd/60-securedrop-export.preset
export/tests/
export/tests/__init__.py
export/tests/lsblk_sample.py
export/tests/test_archive.py
export/tests/test_directory.py
export/tests/test_exceptions.py
export/tests/test_main.py
export/tests/disk/
export/tests/disk/__init__.py
export/tests/disk/test_cli.py
export/tests/disk/test_service.py
export/tests/files/
export/tests/files/libreoffice-calc.desktop
export/tests/files/libreoffice-draw.desktop
export/tests/files/libreoffice-impress.desktop
export/tests/files/libreoffice-math.desktop
export/tests/files/libreoffice-startcenter.desktop
export/tests/files/libreoffice-writer.desktop
export/tests/files/libreoffice-xsltfilter.desktop
export/tests/files/sample_export.sd-export
export/tests/files/sample_print.sd-export
export/tests/files/samples_supported/
export/tests/files/samples_supported/Sample_doc.doc
export/tests/files/samples_supported/Sample_docx.docx
export/tests/files/samples_supported/Sample_dotx.dotx
export/tests/files/samples_supported/Sample_jpeg.jpg
export/tests/files/samples_supported/Sample_odg.odg
export/tests/files/samples_supported/Sample_odt.odt
export/tests/files/samples_supported/Sample_pptx.pptx
export/tests/files/samples_supported/Sample_rtf.rtf
export/tests/files/samples_supported/Sample_tif.tif
export/tests/files/samples_supported/Sample_xlsx.xlsx
export/tests/files/samples_unsupported/
export/tests/files/samples_unsupported/Sample_webp.webp
export/tests/files/samples_unsupported/Sample_wmf.wmf
export/tests/print/
export/tests/print/__init__.py
export/tests/print/test_service.py
gpg-config/
gpg-config/gpg-agent.conf
gpg-config/securedrop-get-secret-keys.sh
gpg-config/profile.d/
gpg-config/profile.d/sd-gpg-hide-prompt.sh
keyring/
keyring/Makefile
keyring/apt_freedom_press.sources
keyring/poetry.lock
keyring/poetry.toml
keyring/pyproject.toml
keyring/tests/
keyring/tests/test_sources.py
log/
log/LICENSE
log/Makefile
log/README.md
log/build-requirements.txt
log/poetry.lock
log/poetry.toml
log/pyproject.toml
log/securedrop.Log
log/setup.py
log/log_client_files/
log/log_client_files/sd-rsyslog
log/log_client_files/sd-rsyslog.conf
log/log_client_files/sdlog.conf
log/log_server/
log/log_server/__init__.py
log/log_server/log_saver.py
log/log_server/redis_log.py
log/systemd/
log/systemd/rsyslog.service.d/
log/systemd/rsyslog.service.d/35_securedrop-xen.conf
log/tests/
log/tests/__init__.py
log/tests/test_log_saver.py
log/tests/test_redis_log.py
proxy/
proxy/Cargo.toml
proxy/LICENSE
proxy/Makefile
proxy/README.md
proxy/build.rs
proxy/configure_onion_service.py
proxy/poetry.lock
proxy/poetry.toml
proxy/pyproject.toml
proxy/usr.bin.securedrop-proxy
proxy/qubes/
proxy/qubes/securedrop.Proxy
proxy/share/
proxy/share/securedrop-proxy/
proxy/share/securedrop-proxy/30_torrc_securedrop.conf
proxy/src/
proxy/src/config_env.rs
proxy/src/config_qubesdb.rs
proxy/src/main.rs
proxy/systemd/
proxy/systemd/tor@default.service.d/
proxy/systemd/tor@default.service.d/35_securedrop.conf
proxy/tests/
proxy/tests/__init__.py
proxy/tests/conftest.py
proxy/tests/test_configure_onion_service.py
proxy/tests/test_errors.py
proxy/tests/test_proxy.py
scripts/
scripts/Dockerfile
scripts/backport.py
scripts/build-debs-main.sh
scripts/build-debs.sh
scripts/dep-check.sh
scripts/fixup-changelog.sh
scripts/image_prep.sh
scripts/nodesource-node24.sources
scripts/print-and-verify-git-tag.py
scripts/qubes_43.sources
scripts/shellcheck.sh
scripts/lintian/
scripts/lintian/Dockerfile
securedrop-builder/
securedrop-builder/.gitattributes
securedrop-builder/.gitignore
securedrop-builder/LICENSE
securedrop-builder/Makefile
securedrop-builder/README.md
securedrop-builder/poetry.lock
securedrop-builder/project.json
securedrop-builder/pyproject.toml
securedrop-builder/.github/
securedrop-builder/.github/CODEOWNERS
securedrop-builder/.github/dependabot.yml
securedrop-builder/.github/PULL_REQUEST_TEMPLATE/
securedrop-builder/.github/PULL_REQUEST_TEMPLATE/changelog_update.md
securedrop-builder/.github/PULL_REQUEST_TEMPLATE/default.md
securedrop-builder/.github/PULL_REQUEST_TEMPLATE/package_addition.md
securedrop-builder/.github/workflows/
securedrop-builder/.github/workflows/ci.yml
securedrop-builder/.github/workflows/reprotest.yml
securedrop-builder/images/
securedrop-builder/images/diagram.png
securedrop-builder/images/securedrop-pip-mirror.gif
securedrop-builder/pubkeys/
securedrop-builder/pubkeys/cory.pub
securedrop-builder/pubkeys/erik.pub
securedrop-builder/pubkeys/kevin.pub
securedrop-builder/pubkeys/kunal.pub
securedrop-builder/pubkeys/kushal.pub
securedrop-builder/pubkeys/release_key.pub
securedrop-builder/pubkeys/rowen.pub
securedrop-builder/scripts/
securedrop-builder/scripts/build-sync-wheels
securedrop-builder/scripts/check-buildinfo
securedrop-builder/scripts/diffoscope-git-helper
securedrop-builder/scripts/install-deps
securedrop-builder/scripts/promote-suite
securedrop-builder/scripts/sync-sha256sums
securedrop-builder/scripts/update-requirements
securedrop-builder/scripts/utils.py
securedrop-builder/scripts/verify-hashes
securedrop-builder/scripts/verify-sha256sum-signature
securedrop-builder/securedrop-export/
securedrop-builder/securedrop-export/sha256sums.txt
securedrop-builder/securedrop-export/sha256sums.txt.asc
securedrop-builder/securedrop-export/wheels/
securedrop-builder/securedrop-export/wheels/.empty
securedrop-builder/securedrop-export/wheels/pexpect-4.9.0-py2.py3-none-any.whl
securedrop-builder/securedrop-export/wheels/pexpect-4.9.0.tar.gz
securedrop-builder/securedrop-export/wheels/ptyprocess-0.7.0-py2.py3-none-any.whl
securedrop-builder/securedrop-export/wheels/ptyprocess-0.7.0.tar.gz
securedrop-builder/securedrop-log/
securedrop-builder/securedrop-log/sha256sums.txt
securedrop-builder/securedrop-log/sha256sums.txt.asc
securedrop-builder/securedrop-log/wheels/
securedrop-builder/securedrop-log/wheels/redis-3.3.11-py2.py3-none-any.whl
securedrop-builder/securedrop-log/wheels/redis-3.3.11.tar.gz
securedrop-builder/tarballs/
securedrop-builder/tarballs/securedrop-client-0.2.1.tar.gz
securedrop-builder/tarballs/securedrop-client-0.2.1.tar.gz.asc
securedrop-builder/tarballs/securedrop-export-0.2.3.tar.gz
securedrop-builder/tarballs/securedrop-export-0.2.3.tar.gz.asc
securedrop-builder/tarballs/securedrop-log-0.1.1.tar.gz
securedrop-builder/tarballs/securedrop-log-0.1.1.tar.gz.asc
securedrop-builder/tarballs/securedrop-proxy-0.3.0.tar.gz
securedrop-builder/tarballs/securedrop-proxy-0.3.0.tar.gz.asc
securedrop-builder/tests/
securedrop-builder/tests/__init__.py
securedrop-builder/tests/test_reproducible_wheels.py
securedrop-builder/tests/test_update_requirements.py
securedrop-builder/tests/test_utils.py
securedrop-builder/tests/fixtures/
securedrop-builder/tests/fixtures/poetry.lock
securedrop-builder/tests/fixtures/pyproject.toml
securedrop-builder/tests/fixtures/requirements.txt
securedrop-builder/workstation-bootstrap/
securedrop-builder/workstation-bootstrap/build-requirements.txt
securedrop-builder/workstation-bootstrap/poetry.lock
securedrop-builder/workstation-bootstrap/pyproject.toml
securedrop-builder/workstation-bootstrap/sha256sums.txt
securedrop-builder/workstation-bootstrap/sha256sums.txt.asc
securedrop-builder/workstation-bootstrap/wheels/
securedrop-builder/workstation-bootstrap/wheels/build-0.3.0-py2.py3-none-any.whl
securedrop-builder/workstation-bootstrap/wheels/build-0.3.0.tar.gz
securedrop-builder/workstation-bootstrap/wheels/build-1.2.1-py3-none-any.whl
securedrop-builder/workstation-bootstrap/wheels/build-1.2.1.tar.gz
securedrop-builder/workstation-bootstrap/wheels/flit_core-2.3.0-py2.py3-none-any.whl
securedrop-builder/workstation-bootstrap/wheels/flit_core-2.3.0.tar.gz
securedrop-builder/workstation-bootstrap/wheels/flit_core-3.9.0-py3-none-any.whl
securedrop-builder/workstation-bootstrap/wheels/flit_core-3.9.0.tar.gz
securedrop-builder/workstation-bootstrap/wheels/packaging-25.0-py3-none-any.whl
securedrop-builder/workstation-bootstrap/wheels/packaging-25.0.tar.gz
securedrop-builder/workstation-bootstrap/wheels/pep517-0.9.1-py2.py3-none-any.whl
securedrop-builder/workstation-bootstrap/wheels/pep517-0.9.1.tar.gz
securedrop-builder/workstation-bootstrap/wheels/pip-25.2-py3-none-any.whl
securedrop-builder/workstation-bootstrap/wheels/pip-25.2.tar.gz
securedrop-builder/workstation-bootstrap/wheels/pyparsing-2.4.7-py2.py3-none-any.whl
securedrop-builder/workstation-bootstrap/wheels/pyparsing-2.4.7.tar.gz
securedrop-builder/workstation-bootstrap/wheels/pyproject_hooks-1.1.0-py3-none-any.whl
securedrop-builder/workstation-bootstrap/wheels/pyproject_hooks-1.1.0.tar.gz
securedrop-builder/workstation-bootstrap/wheels/pytest-runner-5.3.0.tar.gz
securedrop-builder/workstation-bootstrap/wheels/pytest_runner-5.3.0-py3-none-any.whl
securedrop-builder/workstation-bootstrap/wheels/pytoml-0.1.21-py2.py3-none-any.whl
securedrop-builder/workstation-bootstrap/wheels/pytoml-0.1.21.tar.gz
securedrop-builder/workstation-bootstrap/wheels/setuptools-70.3.0-py3-none-any.whl
securedrop-builder/workstation-bootstrap/wheels/setuptools-70.3.0.tar.gz
securedrop-builder/workstation-bootstrap/wheels/setuptools-79.0.0-py3-none-any.whl
securedrop-builder/workstation-bootstrap/wheels/setuptools-79.0.0.tar.gz
securedrop-builder/workstation-bootstrap/wheels/setuptools_scm-5.0.2-py2.py3-none-any.whl
securedrop-builder/workstation-bootstrap/wheels/setuptools_scm-5.0.2.tar.gz
securedrop-builder/workstation-bootstrap/wheels/setuptools_scm-8.1.0-py3-none-any.whl
securedrop-builder/workstation-bootstrap/wheels/setuptools_scm-8.1.0.tar.gz
securedrop-builder/workstation-bootstrap/wheels/toml-0.10.2-py2.py3-none-any.whl
securedrop-builder/workstation-bootstrap/wheels/toml-0.10.2.tar.gz
securedrop-builder/workstation-bootstrap/wheels/wheel-0.38.1-py3-none-any.whl
securedrop-builder/workstation-bootstrap/wheels/wheel-0.38.1.tar.gz
supply-chain/
supply-chain/audits.toml
supply-chain/config.toml
supply-chain/imports.lock
workstation-config/
workstation-config/mailcap.default
workstation-config/mimeapps.list.sd-app
workstation-config/mimeapps.list.sd-devices
workstation-config/mimeapps.list.sd-viewer
workstation-config/open-in-dvm.desktop
workstation-config/paxctld.conf
workstation-config/securedrop-mime-handling.py

sent 33,975,547 bytes  received 11,234 bytes  67,973,562.00 bytes/sec
total size is 33,923,542  speedup is 1.00
+ cd /srv/securedrop-client
+ apt-get build-dep . --yes
Note, using directory '.' to get the build dependencies
Reading package lists... 0%Reading package lists... 0%Reading package lists... 0%Reading package lists... 96%Reading package lists... 96%Reading package lists... 96%Reading package lists... 96%Reading package lists... 99%Reading package lists... 99%Reading package lists... 99%Reading package lists... 99%Reading package lists... 99%Reading package lists... 99%Reading package lists... 99%Reading package lists... 99%Reading package lists... Done
Building dependency tree... 0%Building dependency tree... 0%Building dependency tree... 50%Building dependency tree... 50%Building dependency tree... Done
Reading state information... 0% Reading state information... 0%Reading state information... Done
The following NEW packages will be installed:
  adwaita-icon-theme at-spi2-common autoconf automake autopoint autotools-dev
  bsdextrautils dbus dbus-bin dbus-daemon dbus-session-bus-common
  dbus-system-bus-common dbus-user-session dconf-gsettings-backend
  dconf-service debhelper dh-apparmor dh-autoreconf dh-exec
  dh-strip-nondeterminism dwz file fontconfig fontconfig-config
  fonts-dejavu-core fonts-dejavu-mono gettext gettext-base groff-base
  gtk-update-icon-cache hicolor-icon-theme intltool-debian libapparmor1
  libarchive-zip-perl libasound2-data libasound2t64 libatk-bridge2.0-0t64
  libatk1.0-0t64 libatspi2.0-0t64 libavahi-client3 libavahi-common-data
  libavahi-common3 libcairo-gobject2 libcairo2 libclang-19-dev
  libclang-common-19-dev libclang-dev libclang1-19 libcloudproviders0
  libcolord2 libcups2t64 libdatrie1 libdbus-1-3 libdconf1 libdebhelper-perl
  libdeflate0 libdrm-amdgpu1 libdrm-common libdrm-intel1 libdrm2 libedit2
  libelf1t64 libepoxy0 libexpat1 libfile-stripnondeterminism-perl
  libfontconfig1 libfreetype6 libfribidi0 libgbm1 libgc1 libgdk-pixbuf-2.0-0
  libgdk-pixbuf2.0-common libglib2.0-0t64 libgraphite2-3 libgtk-3-0t64
  libgtk-3-common libharfbuzz0b libjbig0 libjpeg62-turbo liblcms2-2 liblerc4
  libllvm19 libmagic-mgc libmagic1t64 libncursesw6 libnspr4 libnss3
  libobjc-14-dev libobjc4 libpam-systemd libpango-1.0-0 libpangocairo-1.0-0
  libpangoft2-1.0-0 libpciaccess0 libpipeline1 libpixman-1-0 libpkgconf3
  libpng16-16t64 libproc2-0 libpython3-stdlib libpython3.13-minimal
  libpython3.13-stdlib libqubesdb libreadline8t64 libsensors-config
  libsensors5 libsharpyuv0 libssl-dev libsystemd-shared libthai-data libthai0
  libtiff6 libtool libuchardet0 libwayland-client0 libwayland-cursor0
  libwayland-egl1 libwayland-server0 libwebp7 libx11-6 libx11-data libx11-xcb1
  libxau6 libxcb-dri3-0 libxcb-present0 libxcb-randr0 libxcb-render0
  libxcb-shm0 libxcb-sync1 libxcb-xfixes0 libxcb1 libxcomposite1 libxcursor1
  libxdamage1 libxdmcp6 libxext6 libxfixes3 libxi6 libxinerama1 libxkbcommon0
  libxml2 libxrandr2 libxrender1 libxshmfence1 libz3-4 m4 man-db media-types
  mesa-libgallium nodejs pkgconf pkgconf-bin po-debconf procps python3
  python3-autocommand python3-inflect python3-jaraco.context
  python3-jaraco.functools python3-jaraco.text python3-minimal
  python3-more-itertools python3-pip-whl python3-pkg-resources
  python3-setuptools python3-setuptools-whl python3-typeguard
  python3-typing-extensions python3-venv python3-zipp python3.13
  python3.13-minimal python3.13-venv qubesdb-dev readline-common
  sensible-utils shared-mime-info systemd systemd-sysv xkb-data
0 upgraded, 180 newly installed, 0 to remove and 0 not upgraded.
Need to get 176 MB of archives.
After this operation, 1033 MB of additional disk space will be used.
0% [Working]            Get:1 http://deb.debian.org/debian trixie/main amd64 libsystemd-shared amd64 257.13-1~deb13u1 [2155 kB]
0% [1 libsystemd-shared 0 B/2155 kB 0%] [Waiting for headers] [Connecting to de                                                                               Get:2 https://deb.nodesource.com/node_24.x nodistro/main amd64 nodejs amd64 24.19.0-1nodesource1 [38.7 MB]
0% [1 libsystemd-shared 519 kB/2155 kB 24%] [2 nodejs 10.2 kB/38.7 MB 0%] [Conn1% [2 nodejs 503 kB/38.7 MB 1%] [Connecting to deb.qubes-os.org (193.219.28.150                                                                               Get:3 http://deb.debian.org/debian trixie/main amd64 libapparmor1 amd64 4.1.0-1 [43.7 kB]
1% [3 libapparmor1 6395 B/43.7 kB 15%] [2 nodejs 777 kB/38.7 MB 2%] [Connecting2% [2 nodejs 777 kB/38.7 MB 2%] [Connecting to deb.qubes-os.org (193.219.28.150                                                                               Get:4 http://deb.debian.org/debian trixie/main amd64 systemd amd64 257.13-1~deb13u1 [3094 kB]
2% [4 systemd 0 B/3094 kB 0%] [2 nodejs 1245 kB/38.7 MB 3%] [Connecting to deb.4% [Waiting for headers] [2 nodejs 2994 kB/38.7 MB 8%] [Connected to deb.qubes-                                                                               Get:5 http://deb.debian.org/debian trixie/main amd64 systemd-sysv amd64 257.13-1~deb13u1 [64.9 kB]
4% [5 systemd-sysv 64.9 kB/64.9 kB 100%] [2 nodejs 2994 kB/38.7 MB 8%] [Connect                                                                               Get:6 http://deb.debian.org/debian trixie/main amd64 libdbus-1-3 amd64 1.16.2-2 [178 kB]
4% [6 libdbus-1-3 178 kB/178 kB 100%] [2 nodejs 3191 kB/38.7 MB 8%] [Connected                                                                                Get:7 http://deb.debian.org/debian trixie/main amd64 dbus-bin amd64 1.16.2-2 [80.0 kB]
                                                                               Get:8 http://deb.debian.org/debian trixie/main amd64 dbus-session-bus-common all 1.16.2-2 [52.3 kB]
5% [8 dbus-session-bus-common 52.3 kB/52.3 kB 100%] [2 nodejs 3284 kB/38.7 MB 8                                                                               Get:9 http://deb.debian.org/debian-security trixie-security/main amd64 libexpat1 amd64 2.8.2-1~deb13u1 [122 kB]
                                                                               Get:10 http://deb.debian.org/debian trixie/main amd64 dbus-daemon amd64 1.16.2-2 [159 kB]
                                                                               Get:11 http://deb.debian.org/debian trixie/main amd64 dbus-system-bus-common all 1.16.2-2 [53.5 kB]
5% [11 dbus-system-bus-common 53.5 kB/53.5 kB 100%] [2 nodejs 3407 kB/38.7 MB 9                                                                               Get:12 http://deb.debian.org/debian trixie/main amd64 dbus amd64 1.16.2-2 [71.6 kB]
                                                                               Get:13 http://deb.debian.org/debian trixie-updates/main amd64 libpython3.13-minimal amd64 3.13.5-2+deb13u4 [863 kB]
6% [13 libpython3.13-minimal 21.0 kB/863 kB 2%] [2 nodejs 3490 kB/38.7 MB 9%] [6% [Waiting for headers] [2 nodejs 4205 kB/38.7 MB 11%] [Connected to deb.qubes                                                                               Get:14 http://deb.debian.org/debian trixie-updates/main amd64 python3.13-minimal amd64 3.13.5-2+deb13u4 [2217 kB]
7% [14 python3.13-minimal 131 kB/2217 kB 6%] [2 nodejs 4489 kB/38.7 MB 12%] [Co8% [Waiting for headers] [2 nodejs 5795 kB/38.7 MB 15%] [Connected to deb.qubes                                                                               Get:15 http://deb.debian.org/debian trixie/main amd64 python3-minimal amd64 3.13.5-1 [27.2 kB]
9% [15 python3-minimal 0 B/27.2 kB 0%] [2 nodejs 6516 kB/38.7 MB 17%] [Connecte9% [Waiting for headers] [2 nodejs 6582 kB/38.7 MB 17%] [Connected to deb.qubes                                                                               Get:16 http://deb.debian.org/debian trixie/main amd64 media-types all 13.0.0 [29.3 kB]
9% [16 media-types 0 B/29.3 kB 0%] [2 nodejs 6778 kB/38.7 MB 17%] [Connected to9% [Waiting for headers] [2 nodejs 6844 kB/38.7 MB 18%] [Connected to deb.qubes                                                                               Get:17 http://deb.debian.org/debian trixie/main amd64 libncursesw6 amd64 6.5+20250216-2 [135 kB]
9% [17 libncursesw6 0 B/135 kB 0%] [2 nodejs 6910 kB/38.7 MB 18%] [Connected to9% [Waiting for headers] [2 nodejs 7077 kB/38.7 MB 18%] [Connected to deb.qubes                                                                               Get:18 http://deb.debian.org/debian trixie/main amd64 readline-common all 8.2-6 [69.4 kB]
9% [18 readline-common 32.8 kB/69.4 kB 47%] [2 nodejs 7077 kB/38.7 MB 18%] [Con9% [Waiting for headers] [2 nodejs 7160 kB/38.7 MB 18%] [Connected to deb.qubes                                                                               Get:19 http://deb.debian.org/debian trixie/main amd64 libreadline8t64 amd64 8.2-6 [169 kB]
10% [19 libreadline8t64 0 B/169 kB 0%] [2 nodejs 9502 kB/38.7 MB 25%] [Connecte11% [2 nodejs 9798 kB/38.7 MB 25%] [Connected to deb.qubes-os.org (193.219.28.1                                                                               Get:20 http://deb.debian.org/debian trixie-updates/main amd64 libpython3.13-stdlib amd64 3.13.5-2+deb13u4 [1957 kB]
11% [20 libpython3.13-stdlib 0 B/1957 kB 0%] [2 nodejs 9924 kB/38.7 MB 26%] [Co12% [Waiting for headers] [2 nodejs 10.7 MB/38.7 MB 28%] [Connected to deb.qube                                                                               Get:21 http://deb.debian.org/debian trixie-updates/main amd64 python3.13 amd64 3.13.5-2+deb13u4 [757 kB]
12% [21 python3.13 45.1 kB/757 kB 6%] [2 nodejs 10.7 MB/38.7 MB 28%] [Connected13% [Waiting for headers] [2 nodejs 11.0 MB/38.7 MB 28%] [Connected to deb.qube                                                                               Get:22 http://deb.debian.org/debian trixie/main amd64 libpython3-stdlib amd64 3.13.5-1 [10.2 kB]
13% [22 libpython3-stdlib 10.2 kB/10.2 kB 100%] [2 nodejs 11.0 MB/38.7 MB 28%] 13% [2 nodejs 11.0 MB/38.7 MB 28%] [Connected to deb.qubes-os.org (193.219.28.1                                                                               Get:23 http://deb.debian.org/debian trixie/main amd64 python3 amd64 3.13.5-1 [28.2 kB]
13% [23 python3 28.2 kB/28.2 kB 100%] [2 nodejs 11.0 MB/38.7 MB 28%] [Connected                                                                               Get:24 http://deb.debian.org/debian trixie/main amd64 libproc2-0 amd64 2:4.0.4-9 [65.6 kB]
13% [Waiting for headers] [2 nodejs 11.2 MB/38.7 MB 29%] [Connected to deb.qube                                                                               Get:25 http://deb.debian.org/debian trixie/main amd64 procps amd64 2:4.0.4-9 [882 kB]
14% [25 procps 0 B/882 kB 0%] [2 nodejs 12.4 MB/38.7 MB 32%] [Connected to deb.15% [Waiting for headers] [2 nodejs 13.0 MB/38.7 MB 34%] [Connected to deb.qube                                                                               Get:26 http://deb.debian.org/debian trixie/main amd64 sensible-utils all 0.0.25 [25.0 kB]
15% [26 sensible-utils 25.0 kB/25.0 kB 100%] [2 nodejs 13.0 MB/38.7 MB 34%] [Co15% [Waiting for headers] [2 nodejs 13.0 MB/38.7 MB 34%] [Connected to deb.qube                                                                               Get:27 http://deb.debian.org/debian trixie/main amd64 libmagic-mgc amd64 1:5.46-5 [338 kB]
15% [27 libmagic-mgc 39.8 kB/338 kB 12%] [2 nodejs 13.0 MB/38.7 MB 34%] [Connec15% [Waiting for headers] [2 nodejs 13.3 MB/38.7 MB 34%] [Connected to deb.qube                                                                               Get:28 http://deb.debian.org/debian trixie/main amd64 libmagic1t64 amd64 1:5.46-5 [109 kB]
15% [28 libmagic1t64 53.8 kB/109 kB 49%] [2 nodejs 13.3 MB/38.7 MB 34%] [Connec15% [2 nodejs 13.4 MB/38.7 MB 35%] [Connected to deb.qubes-os.org (193.219.28.1                                                                               Get:29 http://deb.debian.org/debian trixie/main amd64 file amd64 1:5.46-5 [43.6 kB]
15% [Waiting for headers] [2 nodejs 13.5 MB/38.7 MB 35%] [Connected to deb.qube                                                                               Get:30 http://deb.debian.org/debian trixie/main amd64 gettext-base amd64 0.23.1-2 [243 kB]
16% [30 gettext-base 32.8 kB/243 kB 13%] [2 nodejs 14.9 MB/38.7 MB 38%] [Connec16% [2 nodejs 15.2 MB/38.7 MB 39%] [Connected to deb.qubes-os.org (193.219.28.1                                                                               Get:31 http://deb.debian.org/debian trixie/main amd64 libuchardet0 amd64 0.0.8-1+b2 [68.9 kB]
16% [31 libuchardet0 17.3 kB/68.9 kB 25%] [2 nodejs 15.2 MB/38.7 MB 39%] [Conne17% [2 nodejs 15.3 MB/38.7 MB 39%] [Connected to deb.qubes-os.org (193.219.28.1                                                                               Get:32 http://deb.debian.org/debian trixie/main amd64 groff-base amd64 1.23.0-9 [1187 kB]
17% [32 groff-base 144 kB/1187 kB 12%] [2 nodejs 15.4 MB/38.7 MB 40%] [Connecte18% [Waiting for headers] [2 nodejs 16.0 MB/38.7 MB 41%] [Connected to deb.qube                                                                               Get:33 http://deb.debian.org/debian trixie/main amd64 libpam-systemd amd64 257.13-1~deb13u1 [297 kB]
19% [33 libpam-systemd 21.4 kB/297 kB 7%] [2 nodejs 18.5 MB/38.7 MB 48%] [Conne20% [Waiting for headers] [2 nodejs 21.3 MB/38.7 MB 55%] [Connected to deb.qube                                                                               Get:34 http://deb.debian.org/debian trixie/main amd64 bsdextrautils amd64 2.41-5 [94.6 kB]
20% [34 bsdextrautils 41.1 kB/94.6 kB 43%] [2 nodejs 21.3 MB/38.7 MB 55%] [Conn21% [Waiting for headers] [2 nodejs 21.5 MB/38.7 MB 56%] [Connected to deb.qube                                                                               Get:35 http://deb.debian.org/debian trixie/main amd64 libpipeline1 amd64 1.5.8-1 [42.0 kB]
                                                                               Get:36 http://deb.debian.org/debian trixie/main amd64 man-db amd64 2.13.1-1 [1469 kB]
21% [36 man-db 362 kB/1469 kB 25%] [2 nodejs 21.7 MB/38.7 MB 56%] [Connected to22% [Waiting for headers] [2 nodejs 22.3 MB/38.7 MB 58%] [Connected to deb.qube                                                                               Get:37 http://deb.debian.org/debian trixie/main amd64 libgdk-pixbuf2.0-common all 2.42.12+dfsg-4+deb13u1 [312 kB]
22% [37 libgdk-pixbuf2.0-common 18.9 kB/312 kB 6%] [2 nodejs 22.3 MB/38.7 MB 58                                                                               22% [Waiting for headers] [2 nodejs 22.6 MB/38.7 MB 58%] [Waiting for headers]                                                                              Get:38 http://deb.debian.org/debian trixie/main amd64 libglib2.0-0t64 amd64 2.84.4-3~deb13u3 [1519 kB]
22% [38 libglib2.0-0t64 86.8 kB/1519 kB 6%] [2 nodejs 22.6 MB/38.7 MB 58%] [Wai                                                                               23% [Waiting for headers] [2 nodejs 23.5 MB/38.7 MB 61%] [Waiting for headers]                                                                              Get:39 http://deb.debian.org/debian trixie/main amd64 libxml2 amd64 2.12.7+dfsg+really2.9.14-2.1+deb13u3 [700 kB]
23% [39 libxml2 73.7 kB/700 kB 11%] [2 nodejs 23.5 MB/38.7 MB 61%] [Waiting for                                                                               24% [Waiting for headers] [2 nodejs 23.9 MB/38.7 MB 62%] [Waiting for headers]                                                                              Get:40 http://deb.debian.org/debian trixie/main amd64 shared-mime-info amd64 2.4-5+b2 [760 kB]
24% [40 shared-mime-info 29.3 kB/760 kB 4%] [2 nodejs 23.9 MB/38.7 MB 62%] [Wai                                                                               25% [Waiting for headers] [2 nodejs 24.4 MB/38.7 MB 63%] [Waiting for headers]                                                                              Get:41 http://deb.debian.org/debian trixie/main amd64 libjpeg62-turbo amd64 1:2.1.5-4 [168 kB]
25% [41 libjpeg62-turbo 2282 B/168 kB 1%] [2 nodejs 24.4 MB/38.7 MB 63%] [Waiti                                                                               25% [Waiting for headers] [2 nodejs 24.5 MB/38.7 MB 63%] [Waiting for headers]                                                                              Get:42 http://deb.debian.org/debian trixie/main amd64 libpng16-16t64 amd64 1.6.48-1+deb13u5 [283 kB]
25% [42 libpng16-16t64 65.5 kB/283 kB 23%] [2 nodejs 24.5 MB/38.7 MB 63%] [Wait                                                                               25% [Waiting for headers] [2 nodejs 24.7 MB/38.7 MB 64%] [Waiting for headers]                                                                              Get:43 http://deb.debian.org/debian trixie/main amd64 libdeflate0 amd64 1.23-2 [47.3 kB]
25% [43 libdeflate0 47.3 kB/47.3 kB 100%] [2 nodejs 24.7 MB/38.7 MB 64%] [Waiti                                                                               25% [Waiting for headers] [2 nodejs 24.8 MB/38.7 MB 64%] [Waiting for headers]                                                                              Get:44 http://deb.debian.org/debian trixie/main amd64 libjbig0 amd64 2.1-6.1+b2 [32.1 kB]
26% [44 libjbig0 13.0 kB/32.1 kB 41%] [2 nodejs 25.1 MB/38.7 MB 65%] [Waiting f                                                                               Get:45 http://deb.debian.org/debian trixie/main amd64 liblerc4 amd64 4.0.0+ds-5 [183 kB]
26% [45 liblerc4 45.8 kB/183 kB 25%] [2 nodejs 25.3 MB/38.7 MB 65%] [Waiting fo                                                                               26% [Waiting for headers] [2 nodejs 25.5 MB/38.7 MB 66%] [Waiting for headers]                                                                              Get:46 http://deb.debian.org/debian trixie/main amd64 libsharpyuv0 amd64 1.5.0-0.1 [116 kB]
26% [46 libsharpyuv0 58.5 kB/116 kB 51%] [2 nodejs 25.5 MB/38.7 MB 66%] [Waitin                                                                               26% [Waiting for headers] [2 nodejs 25.6 MB/38.7 MB 66%] [Waiting for headers]                                                                              Get:47 http://deb.debian.org/debian trixie/main amd64 libwebp7 amd64 1.5.0-0.1 [318 kB]
26% [47 libwebp7 8192 B/318 kB 3%] [2 nodejs 25.6 MB/38.7 MB 66%] [Waiting for                                                                                27% [Waiting for headers] [2 nodejs 25.8 MB/38.7 MB 66%] [Waiting for headers]                                                                              Get:48 http://deb.debian.org/debian-security trixie-security/main amd64 libtiff6 amd64 4.7.0-3+deb13u3 [345 kB]
27% [48 libtiff6 8192 B/345 kB 2%] [2 nodejs 27.2 MB/38.7 MB 70%] [Waiting for                                                                                28% [Waiting for headers] [2 nodejs 27.7 MB/38.7 MB 71%] [Waiting for headers]                                                                              Get:49 http://deb.debian.org/debian trixie/main amd64 libgdk-pixbuf-2.0-0 amd64 2.42.12+dfsg-4+deb13u1 [141 kB]
28% [49 libgdk-pixbuf-2.0-0 0 B/141 kB 0%] [2 nodejs 27.8 MB/38.7 MB 72%] [Wait                                                                               28% [Waiting for headers] [2 nodejs 27.9 MB/38.7 MB 72%] [Waiting for headers]                                                                              Get:50 http://deb.debian.org/debian trixie/main amd64 gtk-update-icon-cache amd64 4.18.6+ds-2 [52.7 kB]
28% [50 gtk-update-icon-cache 52.7 kB/52.7 kB 100%] [2 nodejs 27.9 MB/38.7 MB 7                                                                               28% [Waiting for headers] [2 nodejs 28.0 MB/38.7 MB 72%] [Waiting for headers]                                                                              Get:51 http://deb.debian.org/debian trixie/main amd64 hicolor-icon-theme all 0.18-2 [11.8 kB]
28% [Waiting for headers] [2 nodejs 28.2 MB/38.7 MB 73%] [Waiting for headers]                                                                              Get:52 http://deb.debian.org/debian trixie/main amd64 adwaita-icon-theme all 48.1-1 [504 kB]
28% [52 adwaita-icon-theme 52.3 kB/504 kB 10%] [2 nodejs 28.2 MB/38.7 MB 73%] [                                                                               29% [Waiting for headers] [2 nodejs 28.5 MB/38.7 MB 74%] [Waiting for headers]                                                                              Get:53 http://deb.debian.org/debian trixie/main amd64 at-spi2-common all 2.56.2-1+deb13u1 [171 kB]
29% [53 at-spi2-common 24.6 kB/171 kB 14%] [2 nodejs 28.6 MB/38.7 MB 74%] [Wait                                                                               29% [Waiting for headers] [2 nodejs 28.7 MB/38.7 MB 74%] [Waiting for headers]                                                                              Get:54 http://deb.debian.org/debian trixie/main amd64 m4 amd64 1.4.19-8 [294 kB]
29% [54 m4 0 B/294 kB 0%] [2 nodejs 29.2 MB/38.7 MB 75%] [Waiting for headers]30% [Waiting for headers] [2 nodejs 29.4 MB/38.7 MB 76%] [Waiting for headers]                                                                              Get:55 http://deb.debian.org/debian trixie/main amd64 autoconf all 2.72-3.1 [494 kB]
30% [55 autoconf 64.1 kB/494 kB 13%] [2 nodejs 29.6 MB/38.7 MB 76%] [Waiting fo                                                                               30% [Waiting for headers] [2 nodejs 29.9 MB/38.7 MB 77%] [Waiting for headers]                                                                              Get:56 http://deb.debian.org/debian trixie/main amd64 autotools-dev all 20240727.1 [60.2 kB]
30% [56 autotools-dev 27.9 kB/60.2 kB 46%] [2 nodejs 29.9 MB/38.7 MB 77%] [Wait                                                                               30% [Waiting for headers] [2 nodejs 29.9 MB/38.7 MB 77%] [Waiting for headers]                                                                              Get:57 http://deb.debian.org/debian trixie/main amd64 automake all 1:1.17-4 [862 kB]
30% [57 automake 0 B/862 kB 0%] [2 nodejs 29.9 MB/38.7 MB 77%] [Waiting for hea                                                                               31% [Waiting for headers] [2 nodejs 30.3 MB/38.7 MB 78%] [Waiting for headers]                                                                              Get:58 http://deb.debian.org/debian trixie/main amd64 autopoint all 0.23.1-2 [770 kB]
31% [58 autopoint 0 B/770 kB 0%] [2 nodejs 30.3 MB/38.7 MB 78%] [Waiting for he                                                                               32% [Waiting for headers] [2 nodejs 30.3 MB/38.7 MB 78%] [Waiting for headers]                                                                              Get:59 http://deb.debian.org/debian trixie/main amd64 dbus-user-session amd64 1.16.2-2 [52.1 kB]
32% [59 dbus-user-session 37.6 kB/52.1 kB 72%] [2 nodejs 30.3 MB/38.7 MB 78%] [                                                                               32% [2 nodejs 30.3 MB/38.7 MB 78%] [Waiting for headers]                                                        Get:60 http://deb.debian.org/debian trixie/main amd64 libdconf1 amd64 0.40.0-5 [41.8 kB]
32% [Waiting for headers] [2 nodejs 30.4 MB/38.7 MB 78%] [Waiting for headers]                                                                              Get:61 http://deb.debian.org/debian trixie/main amd64 dconf-service amd64 0.40.0-5 [32.4 kB]
32% [61 dconf-service 32.4 kB/32.4 kB 100%] [2 nodejs 30.4 MB/38.7 MB 78%] [Wai                                                                               32% [2 nodejs 30.4 MB/38.7 MB 78%] [Waiting for headers]                                                        Get:62 http://deb.debian.org/debian trixie/main amd64 dconf-gsettings-backend amd64 0.40.0-5 [28.6 kB]
32% [62 dconf-gsettings-backend 28.6 kB/28.6 kB 100%] [2 nodejs 30.5 MB/38.7 MB                                                                               32% [Waiting for headers] [2 nodejs 30.5 MB/38.7 MB 79%] [Waiting for headers]                                                                              Get:63 http://deb.debian.org/debian trixie/main amd64 libdebhelper-perl all 13.24.2 [90.9 kB]
32% [63 libdebhelper-perl 0 B/90.9 kB 0%] [2 nodejs 30.5 MB/38.7 MB 79%] [Waiti                                                                               32% [Waiting for headers] [2 nodejs 30.6 MB/38.7 MB 79%] [Waiting for headers]                                                                              Get:64 http://deb.debian.org/debian trixie/main amd64 libtool all 2.5.4-4 [539 kB]
33% [64 libtool 15.7 kB/539 kB 3%] [2 nodejs 31.1 MB/38.7 MB 80%] [Waiting for                                                                                33% [Waiting for headers] [2 nodejs 31.2 MB/38.7 MB 81%] [Waiting for headers]                                                                              Get:65 http://deb.debian.org/debian trixie/main amd64 dh-autoreconf all 20 [17.1 kB]
33% [65 dh-autoreconf 17.1 kB/17.1 kB 100%] [2 nodejs 31.2 MB/38.7 MB 81%] [Wai                                                                               33% [Waiting for headers] [2 nodejs 31.2 MB/38.7 MB 81%] [Waiting for headers]                                                                              Get:66 http://deb.debian.org/debian trixie/main amd64 libarchive-zip-perl all 1.68-1 [104 kB]
33% [66 libarchive-zip-perl 0 B/104 kB 0%] [2 nodejs 31.3 MB/38.7 MB 81%] [Wait                                                                               33% [Waiting for headers] [2 nodejs 31.4 MB/38.7 MB 81%] [Waiting for headers]                                                                              Get:67 http://deb.debian.org/debian trixie/main amd64 libfile-stripnondeterminism-perl all 1.14.1-2 [19.7 kB]
34% [67 libfile-stripnondeterminism-perl 4096 B/19.7 kB 21%] [2 nodejs 31.7 MB/                                                                               34% [Waiting for headers] [2 nodejs 31.8 MB/38.7 MB 82%] [Waiting for headers]                                                                              Get:68 http://deb.debian.org/debian trixie/main amd64 dh-strip-nondeterminism all 1.14.1-2 [8620 B]
34% [68 dh-strip-nondeterminism 0 B/8620 B 0%] [2 nodejs 31.9 MB/38.7 MB 82%] [                                                                               34% [2 nodejs 31.9 MB/38.7 MB 82%] [Waiting for headers]                                                        Get:69 http://deb.debian.org/debian trixie/main amd64 libelf1t64 amd64 0.192-4 [189 kB]
34% [69 libelf1t64 13.2 kB/189 kB 7%] [2 nodejs 32.0 MB/38.7 MB 83%] [Waiting f                                                                               34% [Waiting for headers] [2 nodejs 32.1 MB/38.7 MB 83%] [Waiting for headers]                                                                              Get:70 http://deb.debian.org/debian trixie/main amd64 dwz amd64 0.15-1+b1 [110 kB]
34% [70 dwz 19.8 kB/110 kB 18%] [2 nodejs 32.2 MB/38.7 MB 83%] [Waiting for hea                                                                               34% [Waiting for headers] [2 nodejs 32.3 MB/38.7 MB 83%] [Waiting for headers]                                                                              Get:71 http://deb.debian.org/debian trixie/main amd64 gettext amd64 0.23.1-2 [1680 kB]
35% [71 gettext 0 B/1680 kB 0%] [2 nodejs 33.3 MB/38.7 MB 86%] [Waiting for hea                                                                               36% [Waiting for headers] [2 nodejs 33.8 MB/38.7 MB 87%] [Waiting for headers]                                                                              Get:72 http://deb.debian.org/debian trixie/main amd64 intltool-debian all 0.35.0+20060710.6 [22.9 kB]
36% [72 intltool-debian 22.9 kB/22.9 kB 100%] [2 nodejs 33.8 MB/38.7 MB 87%] [W                                                                               36% [Waiting for headers] [2 nodejs 33.8 MB/38.7 MB 87%] [Waiting for headers]                                                                              Get:73 http://deb.debian.org/debian trixie/main amd64 po-debconf all 1.0.21+nmu1 [248 kB]
37% [73 po-debconf 52.8 kB/248 kB 21%] [2 nodejs 34.8 MB/38.7 MB 90%] [Waiting                                                                                37% [Waiting for headers] [2 nodejs 34.9 MB/38.7 MB 90%] [Waiting for headers]                                                                              Get:74 http://deb.debian.org/debian trixie/main amd64 debhelper all 13.24.2 [919 kB]
37% [74 debhelper 28.7 kB/919 kB 3%] [2 nodejs 35.9 MB/38.7 MB 93%] [Waiting fo                                                                               38% [Waiting for headers] [2 nodejs 36.2 MB/38.7 MB 93%] [Waiting for headers]                                                                              Get:75 http://deb.debian.org/debian trixie/main amd64 dh-apparmor all 4.1.0-1 [17.3 kB]
38% [Waiting for headers] [2 nodejs 36.2 MB/38.7 MB 93%] [Waiting for headers]                                                                              Get:76 http://deb.debian.org/debian trixie/main amd64 dh-exec amd64 0.30 [25.6 kB]
38% [Waiting for headers] [2 nodejs 36.2 MB/38.7 MB 93%] [Waiting for headers]                                                                              Get:77 http://deb.debian.org/debian trixie/main amd64 libfreetype6 amd64 2.13.3+dfsg-1+deb13u1 [452 kB]
38% [77 libfreetype6 0 B/452 kB 0%] [2 nodejs 36.4 MB/38.7 MB 94%] [Waiting for                                                                               39% [Waiting for headers] [2 nodejs 36.5 MB/38.7 MB 94%] [Waiting for headers]                                                                              Get:78 http://deb.debian.org/debian trixie/main amd64 fonts-dejavu-mono all 2.37-8 [489 kB]
39% [78 fonts-dejavu-mono 12.3 kB/489 kB 3%] [2 nodejs 36.5 MB/38.7 MB 94%] [Wa                                                                               39% [Waiting for headers] [2 nodejs 36.6 MB/38.7 MB 95%] [Waiting for headers]                                                                              Get:79 http://deb.debian.org/debian trixie/main amd64 fonts-dejavu-core all 2.37-8 [840 kB]
39% [79 fonts-dejavu-core 6400 B/840 kB 1%] [2 nodejs 37.5 MB/38.7 MB 97%] [Wai                                                                               40% [Waiting for headers] [2 nodejs 37.8 MB/38.7 MB 98%] [Waiting for headers]                                                                              Get:80 http://deb.debian.org/debian trixie/main amd64 fontconfig-config amd64 2.15.0-2.3 [318 kB]
40% [80 fontconfig-config 122 kB/318 kB 38%] [2 nodejs 37.9 MB/38.7 MB 98%] [Wa                                                                               40% [Waiting for headers] [2 nodejs 38.0 MB/38.7 MB 98%] [Waiting for headers]                                                                              Get:81 http://deb.debian.org/debian trixie/main amd64 libfontconfig1 amd64 2.15.0-2.3 [392 kB]
40% [81 libfontconfig1 116 kB/392 kB 30%] [2 nodejs 38.0 MB/38.7 MB 98%] [Waiti                                                                               41% [Waiting for headers] [2 nodejs 38.1 MB/38.7 MB 98%] [Waiting for headers]                                                                              Get:82 http://deb.debian.org/debian trixie/main amd64 fontconfig amd64 2.15.0-2.3 [463 kB]
41% [82 fontconfig 263 kB/463 kB 57%] [2 nodejs 38.2 MB/38.7 MB 99%] [Waiting f                                                                               41% [Waiting for headers] [2 nodejs 38.2 MB/38.7 MB 99%] [Waiting for headers]                                                                              Get:83 http://deb.debian.org/debian trixie/main amd64 libasound2-data all 1.2.14-1 [21.1 kB]
41% [83 libasound2-data 21.1 kB/21.1 kB 100%] [2 nodejs 38.2 MB/38.7 MB 99%] [W                                                                               Get:84 http://deb.debian.org/debian trixie/main amd64 libasound2t64 amd64 1.2.14-1 [381 kB]
41% [84 libasound2t64 170 kB/381 kB 45%] [2 nodejs 38.2 MB/38.7 MB 99%] [Waitin                                                                               41% [Waiting for headers] [2 nodejs 38.3 MB/38.7 MB 99%] [Waiting for headers]                                                                              Get:85 http://deb.debian.org/debian trixie/main amd64 libatk1.0-0t64 amd64 2.56.2-1+deb13u1 [52.0 kB]
42% [85 libatk1.0-0t64 52.0 kB/52.0 kB 100%] [2 nodejs 38.4 MB/38.7 MB 99%] [Wa                                                                               Get:86 http://deb.debian.org/debian trixie/main amd64 libxau6 amd64 1:1.0.11-1 [20.4 kB]
42% [86 libxau6 20.4 kB/20.4 kB 100%] [2 nodejs 38.5 MB/38.7 MB 99%] [Waiting f                                                                               Get:87 http://deb.debian.org/debian trixie/main amd64 libxdmcp6 amd64 1:1.1.5-1 [27.8 kB]
                                                                               Get:88 http://deb.debian.org/debian trixie/main amd64 libxcb1 amd64 1.17.0-2+b1 [144 kB]
42% [88 libxcb1 144 kB/144 kB 100%] [2 nodejs 38.5 MB/38.7 MB 99%] [Waiting for42% [Waiting for headers] [2 nodejs 38.6 MB/38.7 MB 100%] [Waiting for headers]                                                                               42% [Waiting for headers] [Waiting for headers]                                               Get:89 http://deb.debian.org/debian trixie/main amd64 libx11-data all 2:1.8.12-1 [343 kB]
42% [89 libx11-data 8192 B/343 kB 2%] [Waiting for headers]                                                           43% [Waiting for headers] [Waiting for headers]                                               Get:90 http://deb.debian.org/debian trixie/main amd64 libx11-6 amd64 2:1.8.12-1 [815 kB]
43% [90 libx11-6 115 kB/815 kB 14%] [Waiting for headers]                                                         43% [Waiting for headers] [Waiting for headers]                                               Get:91 http://deb.debian.org/debian trixie/main amd64 libxext6 amd64 2:1.3.4-1+b3 [50.4 kB]
43% [91 libxext6 50.4 kB/50.4 kB 100%] [Waiting for headers]                                                            43% [Waiting for headers]                         Get:92 http://deb.debian.org/debian trixie/main amd64 libxi6 amd64 2:1.8.2-1 [78.9 kB]
43% [92 libxi6 34.2 kB/78.9 kB 43%] [Waiting for headers]                                                         43% [Waiting for headers]                         Get:93 http://deb.debian.org/debian trixie/main amd64 libatspi2.0-0t64 amd64 2.56.2-1+deb13u1 [80.7 kB]
43% [93 libatspi2.0-0t64 80.7 kB/80.7 kB 100%] [Waiting for headers]                                                                    44% [Waiting for headers] [Waiting for headers]                                               Get:94 http://deb.debian.org/debian trixie/main amd64 libatk-bridge2.0-0t64 amd64 2.56.2-1+deb13u1 [68.4 kB]
44% [94 libatk-bridge2.0-0t64 16.4 kB/68.4 kB 24%] [Waiting for headers]                                                                        44% [Waiting for headers] [Waiting for headers]                                               Get:95 http://deb.debian.org/debian trixie/main amd64 libavahi-common-data amd64 0.8-16 [112 kB]
44% [95 libavahi-common-data 66.1 kB/112 kB 59%] [Waiting for headers]                                                                      44% [Waiting for headers] [Waiting for headers]                                               Get:96 http://deb.debian.org/debian trixie/main amd64 libavahi-common3 amd64 0.8-16 [44.2 kB]
44% [96 libavahi-common3 20.5 kB/44.2 kB 46%] [Waiting for headers]                                                                   Get:97 http://deb.debian.org/debian trixie/main amd64 libavahi-client3 amd64 0.8-16 [48.4 kB]
44% [97 libavahi-client3 48.4 kB/48.4 kB 100%] [Waiting for headers]                                                                    44% [Waiting for headers] [Waiting for headers]                                               Get:98 http://deb.debian.org/debian trixie/main amd64 libpixman-1-0 amd64 0.44.0-3 [248 kB]
44% [98 libpixman-1-0 55.3 kB/248 kB 22%] [Waiting for headers]                                                               44% [Waiting for headers] [Waiting for headers]                                               Get:99 http://deb.debian.org/debian trixie/main amd64 libxcb-render0 amd64 1.17.0-2+b1 [115 kB]
44% [99 libxcb-render0 68.9 kB/115 kB 60%] [Waiting for headers]                                                                44% [Waiting for headers]                         Get:100 http://deb.debian.org/debian trixie/main amd64 libxcb-shm0 amd64 1.17.0-2+b1 [105 kB]
44% [100 libxcb-shm0 0 B/105 kB 0%] [Waiting for headers]                                                         45% [Waiting for headers] [Waiting for headers]                                               Get:101 http://deb.debian.org/debian trixie/main amd64 libxrender1 amd64 1:0.9.12-1 [27.9 kB]
45% [101 libxrender1 27.9 kB/27.9 kB 100%] [Waiting for headers]                                                                45% [Waiting for headers]                         Get:102 http://deb.debian.org/debian trixie/main amd64 libcairo2 amd64 1.18.4-1+b1 [538 kB]
45% [102 libcairo2 64.8 kB/538 kB 12%] [Waiting for headers]                                                            45% [Waiting for headers] [Waiting for headers]                                               Get:103 http://deb.debian.org/debian trixie/main amd64 libcairo-gobject2 amd64 1.18.4-1+b1 [130 kB]
45% [103 libcairo-gobject2 50.9 kB/130 kB 39%] [Waiting for headers]                                                                    45% [Waiting for headers] [Waiting for headers]                                               Get:104 http://deb.debian.org/debian trixie/main amd64 libgc1 amd64 1:8.2.8-1 [247 kB]
45% [104 libgc1 52.8 kB/247 kB 21%] [Waiting for headers]                                                         46% [Waiting for headers] [Waiting for headers]                                               Get:105 http://deb.debian.org/debian trixie/main amd64 libobjc4 amd64 14.2.0-19 [43.3 kB]
46% [105 libobjc4 1285 B/43.3 kB 3%] [Waiting for headers]                                                          46% [Waiting for headers] [Waiting for headers]                                               Get:106 http://deb.debian.org/debian trixie/main amd64 libobjc-14-dev amd64 14.2.0-19 [173 kB]
46% [106 libobjc-14-dev 49.2 kB/173 kB 28%] [Waiting for headers]                                                                 46% [Waiting for headers] [Waiting for headers]                                               Get:107 http://deb.debian.org/debian trixie/main amd64 libedit2 amd64 3.1-20250104-1 [93.8 kB]
46% [107 libedit2 46.1 kB/93.8 kB 49%] [Waiting for headers]                                                            46% [Waiting for headers]                         Get:108 http://deb.debian.org/debian trixie/main amd64 libz3-4 amd64 4.13.3-1 [8560 kB]
46% [108 libz3-4 0 B/8560 kB 0%] [Waiting for headers]                                                      Get:109 https://deb.qubes-os.org/r4.3/vm trixie/main amd64 libqubesdb amd64 4.3.3-1+deb13u1 [9804 B]
46% [108 libz3-4 360 kB/8560 kB 4%] [109 libqubesdb 9804 B/9804 B 100%]                                                                       46% [108 libz3-4 422 kB/8560 kB 5%]50% [Waiting for headers] [Waiting for headers]                                               Get:110 http://deb.debian.org/debian trixie/main amd64 libllvm19 amd64 1:19.1.7-3+b1 [26.0 MB]
50% [110 libllvm19 32.7 kB/26.0 MB 0%] [Waiting for headers]                                                            Get:111 https://deb.qubes-os.org/r4.3/vm trixie/main amd64 qubesdb-dev amd64 4.3.3-1+deb13u1 [7800 B]
59% [110 libllvm19 19.8 MB/26.0 MB 76%] [111 qubesdb-dev 7800 B/7800 B 100%]                                                                            59% [110 libllvm19 20.0 MB/26.0 MB 77%]                                       62% [Waiting for headers]                         Get:112 http://deb.debian.org/debian trixie/main amd64 libclang1-19 amd64 1:19.1.7-3+b1 [7623 kB]
62% [112 libclang1-19 21.4 kB/7623 kB 0%]                                         66% [Waiting for headers]                         Get:113 http://deb.debian.org/debian trixie/main amd64 libclang-common-19-dev amd64 1:19.1.7-3+b1 [740 kB]
66% [113 libclang-common-19-dev 32.8 kB/740 kB 4%]                                                  66% [Waiting for headers]                         Get:114 http://deb.debian.org/debian trixie/main amd64 libclang-19-dev amd64 1:19.1.7-3+b1 [28.3 MB]
66% [114 libclang-19-dev 52.1 kB/28.3 MB 0%]                                            79% [Waiting for headers]                         Get:115 http://deb.debian.org/debian trixie/main amd64 libclang-dev amd64 1:19.0-63 [5828 B]
79% [Waiting for headers]                         Get:116 http://deb.debian.org/debian trixie/main amd64 libcloudproviders0 amd64 0.3.6-2 [29.2 kB]
79% [116 libcloudproviders0 29.2 kB/29.2 kB 100%]                                                 79% [Working]             Get:117 http://deb.debian.org/debian trixie/main amd64 liblcms2-2 amd64 2.16-2+deb13u2 [160 kB]
79% [117 liblcms2-2 6324 B/160 kB 4%]                                     79% [Waiting for headers]                         Get:118 http://deb.debian.org/debian trixie/main amd64 libcolord2 amd64 1.4.7-3 [139 kB]
79% [118 libcolord2 34.3 kB/139 kB 25%]                                       80% [Waiting for headers]                         Get:119 http://deb.debian.org/debian trixie/main amd64 libcups2t64 amd64 2.4.10-3+deb13u2 [252 kB]
80% [119 libcups2t64 4096 B/252 kB 2%]                                      80% [Waiting for headers]                         Get:120 http://deb.debian.org/debian trixie/main amd64 libdatrie1 amd64 0.2.13-3+b1 [38.1 kB]
80% [120 libdatrie1 35.3 kB/38.1 kB 92%]                                        80% [Working]             Get:121 http://deb.debian.org/debian trixie/main amd64 libdrm-common all 2.4.124-2 [8288 B]
80% [Waiting for headers]                         Get:122 http://deb.debian.org/debian trixie/main amd64 libdrm2 amd64 2.4.124-2 [39.0 kB]
                         Get:123 http://deb.debian.org/debian trixie/main amd64 libdrm-amdgpu1 amd64 2.4.124-2 [22.6 kB]
80% [123 libdrm-amdgpu1 22.6 kB/22.6 kB 100%]                                             Get:124 http://deb.debian.org/debian trixie/main amd64 libpciaccess0 amd64 0.17-3+b3 [51.9 kB]
                                             80% [124 libpciaccess0 51.9 kB/51.9 kB 100%]                                            80% [Waiting for headers]                         Get:125 http://deb.debian.org/debian trixie/main amd64 libdrm-intel1 amd64 2.4.124-2 [64.1 kB]
81% [125 libdrm-intel1 64.1 kB/64.1 kB 100%]                                            81% [Working]             Get:126 http://deb.debian.org/debian trixie/main amd64 libepoxy0 amd64 1.5.10-2 [193 kB]
81% [126 libepoxy0 65.5 kB/193 kB 34%]                                      81% [Waiting for headers]                         Get:127 http://deb.debian.org/debian trixie/main amd64 libfribidi0 amd64 1.0.16-1 [26.5 kB]
81% [127 libfribidi0 26.5 kB/26.5 kB 100%]                                          81% [Working]             Get:128 http://deb.debian.org/debian trixie/main amd64 libwayland-server0 amd64 1.23.1-3 [34.4 kB]
81% [128 libwayland-server0 34.4 kB/34.4 kB 100%]                                                 81% [Working]             Get:129 http://deb.debian.org/debian trixie/main amd64 libsensors-config all 1:3.6.2-2 [16.2 kB]
81% [129 libsensors-config 686 B/16.2 kB 4%]                                            81% [Waiting for headers]                         Get:130 http://deb.debian.org/debian trixie/main amd64 libsensors5 amd64 1:3.6.2-2 [37.5 kB]
81% [130 libsensors5 0 B/37.5 kB 0%]                                    81% [Waiting for headers]                         Get:131 http://deb.debian.org/debian trixie/main amd64 libx11-xcb1 amd64 2:1.8.12-1 [247 kB]
81% [131 libx11-xcb1 19.1 kB/247 kB 8%]                                       82% [Waiting for headers]                         Get:132 http://deb.debian.org/debian trixie/main amd64 libxcb-dri3-0 amd64 1.17.0-2+b1 [107 kB]
82% [132 libxcb-dri3-0 33.4 kB/107 kB 31%]                                          82% [Working]             Get:133 http://deb.debian.org/debian trixie/main amd64 libxcb-present0 amd64 1.17.0-2+b1 [106 kB]
82% [133 libxcb-present0 56.9 kB/106 kB 54%]                                            82% [Waiting for headers]                         Get:134 http://deb.debian.org/debian trixie/main amd64 libxcb-randr0 amd64 1.17.0-2+b1 [117 kB]
82% [134 libxcb-randr0 34.0 kB/117 kB 29%]                                          82% [Waiting for headers]                         Get:135 http://deb.debian.org/debian trixie/main amd64 libxcb-sync1 amd64 1.17.0-2+b1 [109 kB]
82% [135 libxcb-sync1 15.7 kB/109 kB 14%]                                         82% [Working]             Get:136 http://deb.debian.org/debian trixie/main amd64 libxcb-xfixes0 amd64 1.17.0-2+b1 [109 kB]
82% [136 libxcb-xfixes0 0 B/109 kB 0%]                                      82% [Waiting for headers]                         Get:137 http://deb.debian.org/debian trixie/main amd64 libxshmfence1 amd64 1.3.3-1 [10.9 kB]
82% [137 libxshmfence1 8192 B/10.9 kB 75%]                                          82% [Working]             Get:138 http://deb.debian.org/debian trixie/main amd64 mesa-libgallium amd64 25.0.7-2+deb13u1 [9630 kB]
82% [138 mesa-libgallium 654 B/9630 kB 0%]                                          87% [Waiting for headers]                         Get:139 http://deb.debian.org/debian trixie/main amd64 libgbm1 amd64 25.0.7-2+deb13u1 [44.6 kB]
87% [139 libgbm1 44.6 kB/44.6 kB 100%]                                      87% [Working]             Get:140 http://deb.debian.org/debian trixie/main amd64 libgraphite2-3 amd64 1.3.14-2+deb13u1 [75.2 kB]
87% [140 libgraphite2-3 34.3 kB/75.2 kB 46%]                                            87% [Working]             Get:141 http://deb.debian.org/debian trixie/main amd64 libharfbuzz0b amd64 10.2.0-1+deb13u1 [479 kB]
87% [141 libharfbuzz0b 73.2 kB/479 kB 15%]                                          88% [Waiting for headers]                         Get:142 http://deb.debian.org/debian trixie/main amd64 libthai-data all 0.1.29-2 [168 kB]
88% [142 libthai-data 0 B/168 kB 0%]                                    88% [Waiting for headers]                         Get:143 http://deb.debian.org/debian trixie/main amd64 libthai0 amd64 0.1.29-2+b1 [49.4 kB]
88% [143 libthai0 15.2 kB/49.4 kB 31%]                                      88% [Waiting for headers]                         Get:144 http://deb.debian.org/debian trixie/main amd64 libpango-1.0-0 amd64 1.56.3-1 [226 kB]
88% [144 libpango-1.0-0 65.5 kB/226 kB 29%]                                           88% [Waiting for headers]                         Get:145 http://deb.debian.org/debian trixie/main amd64 libpangoft2-1.0-0 amd64 1.56.3-1 [55.6 kB]
88% [145 libpangoft2-1.0-0 34.4 kB/55.6 kB 62%]                                               88% [Working]             Get:146 http://deb.debian.org/debian trixie/main amd64 libpangocairo-1.0-0 amd64 1.56.3-1 [35.7 kB]
88% [146 libpangocairo-1.0-0 35.7 kB/35.7 kB 100%]                                                  Get:147 http://deb.debian.org/debian trixie/main amd64 libwayland-client0 amd64 1.23.1-3 [26.8 kB]
                                                  88% [147 libwayland-client0 26.8 kB/26.8 kB 100%]                                                 Get:148 http://deb.debian.org/debian trixie/main amd64 libwayland-cursor0 amd64 1.23.1-3 [11.9 kB]
88% [148 libwayland-cursor0 11.9 kB/11.9 kB 100%]                                                 89% [Waiting for headers]                         Get:149 http://deb.debian.org/debian trixie/main amd64 libwayland-egl1 amd64 1.23.1-3 [5860 B]
89% [149 libwayland-egl1 2092 B/5860 B 36%]                                           89% [Waiting for headers]                         Get:150 http://deb.debian.org/debian trixie/main amd64 libxcomposite1 amd64 1:0.4.6-1 [16.3 kB]
89% [150 libxcomposite1 2170 B/16.3 kB 13%]                                           89% [Working]             Get:151 http://deb.debian.org/debian trixie/main amd64 libxfixes3 amd64 1:6.0.0-2+b4 [20.2 kB]
89% [151 libxfixes3 8192 B/20.2 kB 40%]                                       89% [Waiting for headers]                         Get:152 http://deb.debian.org/debian trixie/main amd64 libxcursor1 amd64 1:1.2.3-1 [39.7 kB]
89% [152 libxcursor1 1428 B/39.7 kB 4%]                                       89% [Waiting for headers]                         Get:153 http://deb.debian.org/debian trixie/main amd64 libxdamage1 amd64 1:1.1.6-1+b2 [15.5 kB]
89% [Waiting for headers]                         Get:154 http://deb.debian.org/debian trixie/main amd64 libxinerama1 amd64 2:1.1.4-3+b4 [16.0 kB]
89% [154 libxinerama1 492 B/16.0 kB 3%]                                       89% [Waiting for headers]                         Get:155 http://deb.debian.org/debian trixie/main amd64 xkb-data all 2.42-1 [790 kB]
89% [155 xkb-data 11.3 kB/790 kB 1%]                                    90% [Waiting for headers]                         Get:156 http://deb.debian.org/debian trixie/main amd64 libxkbcommon0 amd64 1.7.0-2 [113 kB]
90% [156 libxkbcommon0 72.8 kB/113 kB 65%]                                          90% [Waiting for headers]                         Get:157 http://deb.debian.org/debian trixie/main amd64 libxrandr2 amd64 2:1.5.4-1+b3 [36.3 kB]
90% [157 libxrandr2 28.0 kB/36.3 kB 77%]                                        90% [Working]             Get:158 http://deb.debian.org/debian trixie/main amd64 libgtk-3-common all 3.24.49-3 [4908 kB]
90% [158 libgtk-3-common 43.4 kB/4908 kB 1%]                                            90% [158 libgtk-3-common 363 kB/4908 kB 7%]                                           92% [Waiting for headers]                         Get:159 http://deb.debian.org/debian trixie/main amd64 libgtk-3-0t64 amd64 3.24.49-3 [2769 kB]
92% [159 libgtk-3-0t64 63.1 kB/2769 kB 2%]                                          94% [Waiting for headers]                         Get:160 http://deb.debian.org/debian trixie/main amd64 libnspr4 amd64 2:4.36-1 [110 kB]
94% [160 libnspr4 42.7 kB/110 kB 39%]                                     94% [Working]             Get:161 http://deb.debian.org/debian-security trixie-security/main amd64 libnss3 amd64 2:3.110-1+deb13u4 [1394 kB]
94% [161 libnss3 63.2 kB/1394 kB 5%]                                    95% [Waiting for headers]                         Get:162 http://deb.debian.org/debian trixie/main amd64 libpkgconf3 amd64 1.8.1-4 [36.4 kB]
95% [162 libpkgconf3 36.4 kB/36.4 kB 100%]                                          95% [Waiting for headers]                         Get:163 http://deb.debian.org/debian trixie/main amd64 libssl-dev amd64 3.5.6-1~deb13u2 [2959 kB]
95% [163 libssl-dev 196 kB/2959 kB 7%]                                      96% [Waiting for headers]                         Get:164 http://deb.debian.org/debian trixie/main amd64 pkgconf-bin amd64 1.8.1-4 [30.2 kB]
96% [164 pkgconf-bin 30.2 kB/30.2 kB 100%]                                          96% [Working]             Get:165 http://deb.debian.org/debian trixie/main amd64 pkgconf amd64 1.8.1-4 [26.2 kB]
96% [165 pkgconf 26.2 kB/26.2 kB 100%]                                      Get:166 http://deb.debian.org/debian trixie/main amd64 python3-autocommand all 2.2.2-3 [13.6 kB]
                                      Get:167 http://deb.debian.org/debian trixie/main amd64 python3-more-itertools all 10.7.0-1 [67.4 kB]
97% [167 python3-more-itertools 55.5 kB/67.4 kB 82%]                                                    97% [Working]             Get:168 http://deb.debian.org/debian trixie/main amd64 python3-typing-extensions all 4.13.2-1 [90.5 kB]
97% [168 python3-typing-extensions 52.9 kB/90.5 kB 58%]                                                       97% [Working]             Get:169 http://deb.debian.org/debian trixie/main amd64 python3-typeguard all 4.4.2-1 [37.3 kB]
97% [169 python3-typeguard 24.6 kB/37.3 kB 66%]                                               97% [Waiting for headers]                         Get:170 http://deb.debian.org/debian trixie/main amd64 python3-inflect all 7.3.1-2 [32.4 kB]
97% [170 python3-inflect 32.4 kB/32.4 kB 100%]                                              97% [Working]             Get:171 http://deb.debian.org/debian trixie/main amd64 python3-jaraco.functools all 4.1.0-1 [12.0 kB]
97% [171 python3-jaraco.functools 12.0 kB/12.0 kB 100%]                                                       97% [Waiting for headers]                         Get:172 http://deb.debian.org/debian trixie/main amd64 python3-pkg-resources all 78.1.1-0.1 [224 kB]
97% [172 python3-pkg-resources 0 B/224 kB 0%]                                             98% [Waiting for headers]                         Get:173 http://deb.debian.org/debian trixie/main amd64 python3-jaraco.text all 4.0.0-1 [11.4 kB]
98% [173 python3-jaraco.text 0 B/11.4 kB 0%]                                            98% [Waiting for headers]                         Get:174 http://deb.debian.org/debian trixie/main amd64 python3-zipp all 3.21.0-1 [10.6 kB]
98% [174 python3-zipp 0 B/10.6 kB 0%]                                     98% [Waiting for headers]                         Get:175 http://deb.debian.org/debian trixie/main amd64 python3-setuptools all 78.1.1-0.1 [738 kB]
98% [175 python3-setuptools 0 B/738 kB 0%]                                          98% [Waiting for headers]                         Get:176 http://deb.debian.org/debian trixie/main amd64 python3-jaraco.context all 6.0.1-1+deb13u1 [8492 B]
98% [176 python3-jaraco.context 8492 B/8492 B 100%]                                                   98% [Waiting for headers]                         Get:177 http://deb.debian.org/debian trixie/main amd64 python3-pip-whl all 25.1.1+dfsg-1 [1507 kB]
98% [177 python3-pip-whl 1428 B/1507 kB 0%]                                           99% [Waiting for headers]                         Get:178 http://deb.debian.org/debian trixie/main amd64 python3-setuptools-whl all 78.1.1-0.1 [1268 kB]
99% [178 python3-setuptools-whl 61.4 kB/1268 kB 5%]                                                   100% [Waiting for headers]                          Get:179 http://deb.debian.org/debian trixie-updates/main amd64 python3.13-venv amd64 3.13.5-2+deb13u4 [5472 B]
100% [Waiting for headers]                          Get:180 http://deb.debian.org/debian trixie/main amd64 python3-venv amd64 3.13.5-1 [1180 B]
                          100% [Working]              Fetched 176 MB in 2s (77.2 MB/s)
debconf: unable to initialize frontend: Dialog
debconf: (No usable dialog-like program is installed, so the dialog based frontend cannot be used. at /usr/share/perl5/Debconf/FrontEnd/Dialog.pm line 79, <STDIN> line 180.)
debconf: falling back to frontend: Readline
Extracting templates from packages: 16%Extracting templates from packages: 33%Extracting templates from packages: 50%Extracting templates from packages: 66%Extracting templates from packages: 83%Extracting templates from packages: 100%
Preconfiguring packages ...
Selecting previously unselected package libsystemd-shared:amd64.
(Reading database ... (Reading database ... 5%(Reading database ... 10%(Reading database ... 15%(Reading database ... 20%(Reading database ... 25%(Reading database ... 30%(Reading database ... 35%(Reading database ... 40%(Reading database ... 45%(Reading database ... 50%(Reading database ... 55%(Reading database ... 60%(Reading database ... 65%(Reading database ... 70%(Reading database ... 75%(Reading database ... 80%(Reading database ... 85%(Reading database ... 90%(Reading database ... 95%(Reading database ... 100%(Reading database ... 17946 files and directories currently installed.)
Preparing to unpack .../libsystemd-shared_257.13-1~deb13u1_amd64.deb ...
Unpacking libsystemd-shared:amd64 (257.13-1~deb13u1) ...
Selecting previously unselected package libapparmor1:amd64.
Preparing to unpack .../libapparmor1_4.1.0-1_amd64.deb ...
Unpacking libapparmor1:amd64 (4.1.0-1) ...
Setting up libsystemd-shared:amd64 (257.13-1~deb13u1) ...
Selecting previously unselected package systemd.
(Reading database ... (Reading database ... 5%(Reading database ... 10%(Reading database ... 15%(Reading database ... 20%(Reading database ... 25%(Reading database ... 30%(Reading database ... 35%(Reading database ... 40%(Reading database ... 45%(Reading database ... 50%(Reading database ... 55%(Reading database ... 60%(Reading database ... 65%(Reading database ... 70%(Reading database ... 75%(Reading database ... 80%(Reading database ... 85%(Reading database ... 90%(Reading database ... 95%(Reading database ... 100%(Reading database ... 17959 files and directories currently installed.)
Preparing to unpack .../systemd_257.13-1~deb13u1_amd64.deb ...
Unpacking systemd (257.13-1~deb13u1) ...
Setting up libapparmor1:amd64 (4.1.0-1) ...
Setting up systemd (257.13-1~deb13u1) ...
Created symlink '/etc/systemd/system/getty.target.wants/getty@tty1.service' → '/usr/lib/systemd/system/getty@.service'.
Created symlink '/etc/systemd/system/multi-user.target.wants/remote-fs.target' → '/usr/lib/systemd/system/remote-fs.target'.
Created symlink '/etc/systemd/system/sysinit.target.wants/systemd-pstore.service' → '/usr/lib/systemd/system/systemd-pstore.service'.
Initializing machine ID from random generator.
Creating group 'systemd-journal' with GID 999.
Creating group 'systemd-network' with GID 998.
Creating user 'systemd-network' (systemd Network Management) with UID 998 and GID 998.
[0;1;39m/usr/lib/tmpfiles.d/legacy.conf:14: Duplicate line for path "/run/lock", ignoring.[0m
Selecting previously unselected package systemd-sysv.
(Reading database ... (Reading database ... 5%(Reading database ... 10%(Reading database ... 15%(Reading database ... 20%(Reading database ... 25%(Reading database ... 30%(Reading database ... 35%(Reading database ... 40%(Reading database ... 45%(Reading database ... 50%(Reading database ... 55%(Reading database ... 60%(Reading database ... 65%(Reading database ... 70%(Reading database ... 75%(Reading database ... 80%(Reading database ... 85%(Reading database ... 90%(Reading database ... 95%(Reading database ... 100%(Reading database ... 18896 files and directories currently installed.)
Preparing to unpack .../0-systemd-sysv_257.13-1~deb13u1_amd64.deb ...
Unpacking systemd-sysv (257.13-1~deb13u1) ...
Selecting previously unselected package libdbus-1-3:amd64.
Preparing to unpack .../1-libdbus-1-3_1.16.2-2_amd64.deb ...
Unpacking libdbus-1-3:amd64 (1.16.2-2) ...
Selecting previously unselected package dbus-bin.
Preparing to unpack .../2-dbus-bin_1.16.2-2_amd64.deb ...
Unpacking dbus-bin (1.16.2-2) ...
Selecting previously unselected package dbus-session-bus-common.
Preparing to unpack .../3-dbus-session-bus-common_1.16.2-2_all.deb ...
Unpacking dbus-session-bus-common (1.16.2-2) ...
Selecting previously unselected package libexpat1:amd64.
Preparing to unpack .../4-libexpat1_2.8.2-1~deb13u1_amd64.deb ...
Unpacking libexpat1:amd64 (2.8.2-1~deb13u1) ...
Selecting previously unselected package dbus-daemon.
Preparing to unpack .../5-dbus-daemon_1.16.2-2_amd64.deb ...
Unpacking dbus-daemon (1.16.2-2) ...
Selecting previously unselected package dbus-system-bus-common.
Preparing to unpack .../6-dbus-system-bus-common_1.16.2-2_all.deb ...
Unpacking dbus-system-bus-common (1.16.2-2) ...
Selecting previously unselected package dbus.
Preparing to unpack .../7-dbus_1.16.2-2_amd64.deb ...
Unpacking dbus (1.16.2-2) ...
Selecting previously unselected package libpython3.13-minimal:amd64.
Preparing to unpack .../8-libpython3.13-minimal_3.13.5-2+deb13u4_amd64.deb ...
Unpacking libpython3.13-minimal:amd64 (3.13.5-2+deb13u4) ...
Selecting previously unselected package python3.13-minimal.
Preparing to unpack .../9-python3.13-minimal_3.13.5-2+deb13u4_amd64.deb ...
Unpacking python3.13-minimal (3.13.5-2+deb13u4) ...
Setting up libpython3.13-minimal:amd64 (3.13.5-2+deb13u4) ...
Setting up libexpat1:amd64 (2.8.2-1~deb13u1) ...
Setting up python3.13-minimal (3.13.5-2+deb13u4) ...
Selecting previously unselected package python3-minimal.
(Reading database ... (Reading database ... 5%(Reading database ... 10%(Reading database ... 15%(Reading database ... 20%(Reading database ... 25%(Reading database ... 30%(Reading database ... 35%(Reading database ... 40%(Reading database ... 45%(Reading database ... 50%(Reading database ... 55%(Reading database ... 60%(Reading database ... 65%(Reading database ... 70%(Reading database ... 75%(Reading database ... 80%(Reading database ... 85%(Reading database ... 90%(Reading database ... 95%(Reading database ... 100%(Reading database ... 19322 files and directories currently installed.)
Preparing to unpack .../0-python3-minimal_3.13.5-1_amd64.deb ...
Unpacking python3-minimal (3.13.5-1) ...
Selecting previously unselected package media-types.
Preparing to unpack .../1-media-types_13.0.0_all.deb ...
Unpacking media-types (13.0.0) ...
Selecting previously unselected package libncursesw6:amd64.
Preparing to unpack .../2-libncursesw6_6.5+20250216-2_amd64.deb ...
Unpacking libncursesw6:amd64 (6.5+20250216-2) ...
Selecting previously unselected package readline-common.
Preparing to unpack .../3-readline-common_8.2-6_all.deb ...
Unpacking readline-common (8.2-6) ...
Selecting previously unselected package libreadline8t64:amd64.
Preparing to unpack .../4-libreadline8t64_8.2-6_amd64.deb ...
Adding 'diversion of /lib/x86_64-linux-gnu/libhistory.so.8 to /lib/x86_64-linux-gnu/libhistory.so.8.usr-is-merged by libreadline8t64'
Adding 'diversion of /lib/x86_64-linux-gnu/libhistory.so.8.2 to /lib/x86_64-linux-gnu/libhistory.so.8.2.usr-is-merged by libreadline8t64'
Adding 'diversion of /lib/x86_64-linux-gnu/libreadline.so.8 to /lib/x86_64-linux-gnu/libreadline.so.8.usr-is-merged by libreadline8t64'
Adding 'diversion of /lib/x86_64-linux-gnu/libreadline.so.8.2 to /lib/x86_64-linux-gnu/libreadline.so.8.2.usr-is-merged by libreadline8t64'
Unpacking libreadline8t64:amd64 (8.2-6) ...
Selecting previously unselected package libpython3.13-stdlib:amd64.
Preparing to unpack .../5-libpython3.13-stdlib_3.13.5-2+deb13u4_amd64.deb ...
Unpacking libpython3.13-stdlib:amd64 (3.13.5-2+deb13u4) ...
Selecting previously unselected package python3.13.
Preparing to unpack .../6-python3.13_3.13.5-2+deb13u4_amd64.deb ...
Unpacking python3.13 (3.13.5-2+deb13u4) ...
Selecting previously unselected package libpython3-stdlib:amd64.
Preparing to unpack .../7-libpython3-stdlib_3.13.5-1_amd64.deb ...
Unpacking libpython3-stdlib:amd64 (3.13.5-1) ...
Setting up python3-minimal (3.13.5-1) ...
Selecting previously unselected package python3.
(Reading database ... (Reading database ... 5%(Reading database ... 10%(Reading database ... 15%(Reading database ... 20%(Reading database ... 25%(Reading database ... 30%(Reading database ... 35%(Reading database ... 40%(Reading database ... 45%(Reading database ... 50%(Reading database ... 55%(Reading database ... 60%(Reading database ... 65%(Reading database ... 70%(Reading database ... 75%(Reading database ... 80%(Reading database ... 85%(Reading database ... 90%(Reading database ... 95%(Reading database ... 100%(Reading database ... 19817 files and directories currently installed.)
Preparing to unpack .../000-python3_3.13.5-1_amd64.deb ...
Unpacking python3 (3.13.5-1) ...
Selecting previously unselected package libproc2-0:amd64.
Preparing to unpack .../001-libproc2-0_2%3a4.0.4-9_amd64.deb ...
Unpacking libproc2-0:amd64 (2:4.0.4-9) ...
Selecting previously unselected package procps.
Preparing to unpack .../002-procps_2%3a4.0.4-9_amd64.deb ...
Unpacking procps (2:4.0.4-9) ...
Selecting previously unselected package sensible-utils.
Preparing to unpack .../003-sensible-utils_0.0.25_all.deb ...
Unpacking sensible-utils (0.0.25) ...
Selecting previously unselected package libmagic-mgc.
Preparing to unpack .../004-libmagic-mgc_1%3a5.46-5_amd64.deb ...
Unpacking libmagic-mgc (1:5.46-5) ...
Selecting previously unselected package libmagic1t64:amd64.
Preparing to unpack .../005-libmagic1t64_1%3a5.46-5_amd64.deb ...
Unpacking libmagic1t64:amd64 (1:5.46-5) ...
Selecting previously unselected package file.
Preparing to unpack .../006-file_1%3a5.46-5_amd64.deb ...
Unpacking file (1:5.46-5) ...
Selecting previously unselected package gettext-base.
Preparing to unpack .../007-gettext-base_0.23.1-2_amd64.deb ...
Unpacking gettext-base (0.23.1-2) ...
Selecting previously unselected package libuchardet0:amd64.
Preparing to unpack .../008-libuchardet0_0.0.8-1+b2_amd64.deb ...
Unpacking libuchardet0:amd64 (0.0.8-1+b2) ...
Selecting previously unselected package groff-base.
Preparing to unpack .../009-groff-base_1.23.0-9_amd64.deb ...
Unpacking groff-base (1.23.0-9) ...
Selecting previously unselected package libpam-systemd:amd64.
Preparing to unpack .../010-libpam-systemd_257.13-1~deb13u1_amd64.deb ...
Unpacking libpam-systemd:amd64 (257.13-1~deb13u1) ...
Selecting previously unselected package bsdextrautils.
Preparing to unpack .../011-bsdextrautils_2.41-5_amd64.deb ...
Unpacking bsdextrautils (2.41-5) ...
Selecting previously unselected package libpipeline1:amd64.
Preparing to unpack .../012-libpipeline1_1.5.8-1_amd64.deb ...
Unpacking libpipeline1:amd64 (1.5.8-1) ...
Selecting previously unselected package man-db.
Preparing to unpack .../013-man-db_2.13.1-1_amd64.deb ...
Unpacking man-db (2.13.1-1) ...
Selecting previously unselected package libgdk-pixbuf2.0-common.
Preparing to unpack .../014-libgdk-pixbuf2.0-common_2.42.12+dfsg-4+deb13u1_all.deb ...
Unpacking libgdk-pixbuf2.0-common (2.42.12+dfsg-4+deb13u1) ...
Selecting previously unselected package libglib2.0-0t64:amd64.
Preparing to unpack .../015-libglib2.0-0t64_2.84.4-3~deb13u3_amd64.deb ...
Unpacking libglib2.0-0t64:amd64 (2.84.4-3~deb13u3) ...
Selecting previously unselected package libxml2:amd64.
Preparing to unpack .../016-libxml2_2.12.7+dfsg+really2.9.14-2.1+deb13u3_amd64.deb ...
Unpacking libxml2:amd64 (2.12.7+dfsg+really2.9.14-2.1+deb13u3) ...
Selecting previously unselected package shared-mime-info.
Preparing to unpack .../017-shared-mime-info_2.4-5+b2_amd64.deb ...
Unpacking shared-mime-info (2.4-5+b2) ...
Selecting previously unselected package libjpeg62-turbo:amd64.
Preparing to unpack .../018-libjpeg62-turbo_1%3a2.1.5-4_amd64.deb ...
Unpacking libjpeg62-turbo:amd64 (1:2.1.5-4) ...
Selecting previously unselected package libpng16-16t64:amd64.
Preparing to unpack .../019-libpng16-16t64_1.6.48-1+deb13u5_amd64.deb ...
Unpacking libpng16-16t64:amd64 (1.6.48-1+deb13u5) ...
Selecting previously unselected package libdeflate0:amd64.
Preparing to unpack .../020-libdeflate0_1.23-2_amd64.deb ...
Unpacking libdeflate0:amd64 (1.23-2) ...
Selecting previously unselected package libjbig0:amd64.
Preparing to unpack .../021-libjbig0_2.1-6.1+b2_amd64.deb ...
Unpacking libjbig0:amd64 (2.1-6.1+b2) ...
Selecting previously unselected package liblerc4:amd64.
Preparing to unpack .../022-liblerc4_4.0.0+ds-5_amd64.deb ...
Unpacking liblerc4:amd64 (4.0.0+ds-5) ...
Selecting previously unselected package libsharpyuv0:amd64.
Preparing to unpack .../023-libsharpyuv0_1.5.0-0.1_amd64.deb ...
Unpacking libsharpyuv0:amd64 (1.5.0-0.1) ...
Selecting previously unselected package libwebp7:amd64.
Preparing to unpack .../024-libwebp7_1.5.0-0.1_amd64.deb ...
Unpacking libwebp7:amd64 (1.5.0-0.1) ...
Selecting previously unselected package libtiff6:amd64.
Preparing to unpack .../025-libtiff6_4.7.0-3+deb13u3_amd64.deb ...
Unpacking libtiff6:amd64 (4.7.0-3+deb13u3) ...
Selecting previously unselected package libgdk-pixbuf-2.0-0:amd64.
Preparing to unpack .../026-libgdk-pixbuf-2.0-0_2.42.12+dfsg-4+deb13u1_amd64.deb ...
Unpacking libgdk-pixbuf-2.0-0:amd64 (2.42.12+dfsg-4+deb13u1) ...
Selecting previously unselected package gtk-update-icon-cache.
Preparing to unpack .../027-gtk-update-icon-cache_4.18.6+ds-2_amd64.deb ...
No diversion 'diversion of /usr/sbin/update-icon-caches to /usr/sbin/update-icon-caches.gtk2 by libgtk-3-bin', none removed.
No diversion 'diversion of /usr/share/man/man8/update-icon-caches.8.gz to /usr/share/man/man8/update-icon-caches.gtk2.8.gz by libgtk-3-bin', none removed.
Unpacking gtk-update-icon-cache (4.18.6+ds-2) ...
Selecting previously unselected package hicolor-icon-theme.
Preparing to unpack .../028-hicolor-icon-theme_0.18-2_all.deb ...
Unpacking hicolor-icon-theme (0.18-2) ...
Selecting previously unselected package adwaita-icon-theme.
Preparing to unpack .../029-adwaita-icon-theme_48.1-1_all.deb ...
Unpacking adwaita-icon-theme (48.1-1) ...
Selecting previously unselected package at-spi2-common.
Preparing to unpack .../030-at-spi2-common_2.56.2-1+deb13u1_all.deb ...
Unpacking at-spi2-common (2.56.2-1+deb13u1) ...
Selecting previously unselected package m4.
Preparing to unpack .../031-m4_1.4.19-8_amd64.deb ...
Unpacking m4 (1.4.19-8) ...
Selecting previously unselected package autoconf.
Preparing to unpack .../032-autoconf_2.72-3.1_all.deb ...
Unpacking autoconf (2.72-3.1) ...
Selecting previously unselected package autotools-dev.
Preparing to unpack .../033-autotools-dev_20240727.1_all.deb ...
Unpacking autotools-dev (20240727.1) ...
Selecting previously unselected package automake.
Preparing to unpack .../034-automake_1%3a1.17-4_all.deb ...
Unpacking automake (1:1.17-4) ...
Selecting previously unselected package autopoint.
Preparing to unpack .../035-autopoint_0.23.1-2_all.deb ...
Unpacking autopoint (0.23.1-2) ...
Selecting previously unselected package dbus-user-session.
Preparing to unpack .../036-dbus-user-session_1.16.2-2_amd64.deb ...
Unpacking dbus-user-session (1.16.2-2) ...
Selecting previously unselected package libdconf1:amd64.
Preparing to unpack .../037-libdconf1_0.40.0-5_amd64.deb ...
Unpacking libdconf1:amd64 (0.40.0-5) ...
Selecting previously unselected package dconf-service.
Preparing to unpack .../038-dconf-service_0.40.0-5_amd64.deb ...
Unpacking dconf-service (0.40.0-5) ...
Selecting previously unselected package dconf-gsettings-backend:amd64.
Preparing to unpack .../039-dconf-gsettings-backend_0.40.0-5_amd64.deb ...
Unpacking dconf-gsettings-backend:amd64 (0.40.0-5) ...
Selecting previously unselected package libdebhelper-perl.
Preparing to unpack .../040-libdebhelper-perl_13.24.2_all.deb ...
Unpacking libdebhelper-perl (13.24.2) ...
Selecting previously unselected package libtool.
Preparing to unpack .../041-libtool_2.5.4-4_all.deb ...
Unpacking libtool (2.5.4-4) ...
Selecting previously unselected package dh-autoreconf.
Preparing to unpack .../042-dh-autoreconf_20_all.deb ...
Unpacking dh-autoreconf (20) ...
Selecting previously unselected package libarchive-zip-perl.
Preparing to unpack .../043-libarchive-zip-perl_1.68-1_all.deb ...
Unpacking libarchive-zip-perl (1.68-1) ...
Selecting previously unselected package libfile-stripnondeterminism-perl.
Preparing to unpack .../044-libfile-stripnondeterminism-perl_1.14.1-2_all.deb ...
Unpacking libfile-stripnondeterminism-perl (1.14.1-2) ...
Selecting previously unselected package dh-strip-nondeterminism.
Preparing to unpack .../045-dh-strip-nondeterminism_1.14.1-2_all.deb ...
Unpacking dh-strip-nondeterminism (1.14.1-2) ...
Selecting previously unselected package libelf1t64:amd64.
Preparing to unpack .../046-libelf1t64_0.192-4_amd64.deb ...
Unpacking libelf1t64:amd64 (0.192-4) ...
Selecting previously unselected package dwz.
Preparing to unpack .../047-dwz_0.15-1+b1_amd64.deb ...
Unpacking dwz (0.15-1+b1) ...
Selecting previously unselected package gettext.
Preparing to unpack .../048-gettext_0.23.1-2_amd64.deb ...
Unpacking gettext (0.23.1-2) ...
Selecting previously unselected package intltool-debian.
Preparing to unpack .../049-intltool-debian_0.35.0+20060710.6_all.deb ...
Unpacking intltool-debian (0.35.0+20060710.6) ...
Selecting previously unselected package po-debconf.
Preparing to unpack .../050-po-debconf_1.0.21+nmu1_all.deb ...
Unpacking po-debconf (1.0.21+nmu1) ...
Selecting previously unselected package debhelper.
Preparing to unpack .../051-debhelper_13.24.2_all.deb ...
Unpacking debhelper (13.24.2) ...
Selecting previously unselected package dh-apparmor.
Preparing to unpack .../052-dh-apparmor_4.1.0-1_all.deb ...
Unpacking dh-apparmor (4.1.0-1) ...
Selecting previously unselected package dh-exec.
Preparing to unpack .../053-dh-exec_0.30_amd64.deb ...
Unpacking dh-exec (0.30) ...
Selecting previously unselected package libfreetype6:amd64.
Preparing to unpack .../054-libfreetype6_2.13.3+dfsg-1+deb13u1_amd64.deb ...
Unpacking libfreetype6:amd64 (2.13.3+dfsg-1+deb13u1) ...
Selecting previously unselected package fonts-dejavu-mono.
Preparing to unpack .../055-fonts-dejavu-mono_2.37-8_all.deb ...
Unpacking fonts-dejavu-mono (2.37-8) ...
Selecting previously unselected package fonts-dejavu-core.
Preparing to unpack .../056-fonts-dejavu-core_2.37-8_all.deb ...
Unpacking fonts-dejavu-core (2.37-8) ...
Selecting previously unselected package fontconfig-config.
Preparing to unpack .../057-fontconfig-config_2.15.0-2.3_amd64.deb ...
Unpacking fontconfig-config (2.15.0-2.3) ...
Selecting previously unselected package libfontconfig1:amd64.
Preparing to unpack .../058-libfontconfig1_2.15.0-2.3_amd64.deb ...
Unpacking libfontconfig1:amd64 (2.15.0-2.3) ...
Selecting previously unselected package fontconfig.
Preparing to unpack .../059-fontconfig_2.15.0-2.3_amd64.deb ...
Unpacking fontconfig (2.15.0-2.3) ...
Selecting previously unselected package libasound2-data.
Preparing to unpack .../060-libasound2-data_1.2.14-1_all.deb ...
Unpacking libasound2-data (1.2.14-1) ...
Selecting previously unselected package libasound2t64:amd64.
Preparing to unpack .../061-libasound2t64_1.2.14-1_amd64.deb ...
Unpacking libasound2t64:amd64 (1.2.14-1) ...
Selecting previously unselected package libatk1.0-0t64:amd64.
Preparing to unpack .../062-libatk1.0-0t64_2.56.2-1+deb13u1_amd64.deb ...
Unpacking libatk1.0-0t64:amd64 (2.56.2-1+deb13u1) ...
Selecting previously unselected package libxau6:amd64.
Preparing to unpack .../063-libxau6_1%3a1.0.11-1_amd64.deb ...
Unpacking libxau6:amd64 (1:1.0.11-1) ...
Selecting previously unselected package libxdmcp6:amd64.
Preparing to unpack .../064-libxdmcp6_1%3a1.1.5-1_amd64.deb ...
Unpacking libxdmcp6:amd64 (1:1.1.5-1) ...
Selecting previously unselected package libxcb1:amd64.
Preparing to unpack .../065-libxcb1_1.17.0-2+b1_amd64.deb ...
Unpacking libxcb1:amd64 (1.17.0-2+b1) ...
Selecting previously unselected package libx11-data.
Preparing to unpack .../066-libx11-data_2%3a1.8.12-1_all.deb ...
Unpacking libx11-data (2:1.8.12-1) ...
Selecting previously unselected package libx11-6:amd64.
Preparing to unpack .../067-libx11-6_2%3a1.8.12-1_amd64.deb ...
Unpacking libx11-6:amd64 (2:1.8.12-1) ...
Selecting previously unselected package libxext6:amd64.
Preparing to unpack .../068-libxext6_2%3a1.3.4-1+b3_amd64.deb ...
Unpacking libxext6:amd64 (2:1.3.4-1+b3) ...
Selecting previously unselected package libxi6:amd64.
Preparing to unpack .../069-libxi6_2%3a1.8.2-1_amd64.deb ...
Unpacking libxi6:amd64 (2:1.8.2-1) ...
Selecting previously unselected package libatspi2.0-0t64:amd64.
Preparing to unpack .../070-libatspi2.0-0t64_2.56.2-1+deb13u1_amd64.deb ...
Unpacking libatspi2.0-0t64:amd64 (2.56.2-1+deb13u1) ...
Selecting previously unselected package libatk-bridge2.0-0t64:amd64.
Preparing to unpack .../071-libatk-bridge2.0-0t64_2.56.2-1+deb13u1_amd64.deb ...
Unpacking libatk-bridge2.0-0t64:amd64 (2.56.2-1+deb13u1) ...
Selecting previously unselected package libavahi-common-data:amd64.
Preparing to unpack .../072-libavahi-common-data_0.8-16_amd64.deb ...
Unpacking libavahi-common-data:amd64 (0.8-16) ...
Selecting previously unselected package libavahi-common3:amd64.
Preparing to unpack .../073-libavahi-common3_0.8-16_amd64.deb ...
Unpacking libavahi-common3:amd64 (0.8-16) ...
Selecting previously unselected package libavahi-client3:amd64.
Preparing to unpack .../074-libavahi-client3_0.8-16_amd64.deb ...
Unpacking libavahi-client3:amd64 (0.8-16) ...
Selecting previously unselected package libpixman-1-0:amd64.
Preparing to unpack .../075-libpixman-1-0_0.44.0-3_amd64.deb ...
Unpacking libpixman-1-0:amd64 (0.44.0-3) ...
Selecting previously unselected package libxcb-render0:amd64.
Preparing to unpack .../076-libxcb-render0_1.17.0-2+b1_amd64.deb ...
Unpacking libxcb-render0:amd64 (1.17.0-2+b1) ...
Selecting previously unselected package libxcb-shm0:amd64.
Preparing to unpack .../077-libxcb-shm0_1.17.0-2+b1_amd64.deb ...
Unpacking libxcb-shm0:amd64 (1.17.0-2+b1) ...
Selecting previously unselected package libxrender1:amd64.
Preparing to unpack .../078-libxrender1_1%3a0.9.12-1_amd64.deb ...
Unpacking libxrender1:amd64 (1:0.9.12-1) ...
Selecting previously unselected package libcairo2:amd64.
Preparing to unpack .../079-libcairo2_1.18.4-1+b1_amd64.deb ...
Unpacking libcairo2:amd64 (1.18.4-1+b1) ...
Selecting previously unselected package libcairo-gobject2:amd64.
Preparing to unpack .../080-libcairo-gobject2_1.18.4-1+b1_amd64.deb ...
Unpacking libcairo-gobject2:amd64 (1.18.4-1+b1) ...
Selecting previously unselected package libgc1:amd64.
Preparing to unpack .../081-libgc1_1%3a8.2.8-1_amd64.deb ...
Unpacking libgc1:amd64 (1:8.2.8-1) ...
Selecting previously unselected package libobjc4:amd64.
Preparing to unpack .../082-libobjc4_14.2.0-19_amd64.deb ...
Unpacking libobjc4:amd64 (14.2.0-19) ...
Selecting previously unselected package libobjc-14-dev:amd64.
Preparing to unpack .../083-libobjc-14-dev_14.2.0-19_amd64.deb ...
Unpacking libobjc-14-dev:amd64 (14.2.0-19) ...
Selecting previously unselected package libedit2:amd64.
Preparing to unpack .../084-libedit2_3.1-20250104-1_amd64.deb ...
Unpacking libedit2:amd64 (3.1-20250104-1) ...
Selecting previously unselected package libz3-4:amd64.
Preparing to unpack .../085-libz3-4_4.13.3-1_amd64.deb ...
Unpacking libz3-4:amd64 (4.13.3-1) ...
Selecting previously unselected package libllvm19:amd64.
Preparing to unpack .../086-libllvm19_1%3a19.1.7-3+b1_amd64.deb ...
Unpacking libllvm19:amd64 (1:19.1.7-3+b1) ...
Selecting previously unselected package libclang1-19.
Preparing to unpack .../087-libclang1-19_1%3a19.1.7-3+b1_amd64.deb ...
Unpacking libclang1-19 (1:19.1.7-3+b1) ...
Selecting previously unselected package libclang-common-19-dev:amd64.
Preparing to unpack .../088-libclang-common-19-dev_1%3a19.1.7-3+b1_amd64.deb ...
Unpacking libclang-common-19-dev:amd64 (1:19.1.7-3+b1) ...
Selecting previously unselected package libclang-19-dev.
Preparing to unpack .../089-libclang-19-dev_1%3a19.1.7-3+b1_amd64.deb ...
Unpacking libclang-19-dev (1:19.1.7-3+b1) ...
Selecting previously unselected package libclang-dev.
Preparing to unpack .../090-libclang-dev_1%3a19.0-63_amd64.deb ...
Unpacking libclang-dev (1:19.0-63) ...
Selecting previously unselected package libcloudproviders0:amd64.
Preparing to unpack .../091-libcloudproviders0_0.3.6-2_amd64.deb ...
Unpacking libcloudproviders0:amd64 (0.3.6-2) ...
Selecting previously unselected package liblcms2-2:amd64.
Preparing to unpack .../092-liblcms2-2_2.16-2+deb13u2_amd64.deb ...
Unpacking liblcms2-2:amd64 (2.16-2+deb13u2) ...
Selecting previously unselected package libcolord2:amd64.
Preparing to unpack .../093-libcolord2_1.4.7-3_amd64.deb ...
Unpacking libcolord2:amd64 (1.4.7-3) ...
Selecting previously unselected package libcups2t64:amd64.
Preparing to unpack .../094-libcups2t64_2.4.10-3+deb13u2_amd64.deb ...
Unpacking libcups2t64:amd64 (2.4.10-3+deb13u2) ...
Selecting previously unselected package libdatrie1:amd64.
Preparing to unpack .../095-libdatrie1_0.2.13-3+b1_amd64.deb ...
Unpacking libdatrie1:amd64 (0.2.13-3+b1) ...
Selecting previously unselected package libdrm-common.
Preparing to unpack .../096-libdrm-common_2.4.124-2_all.deb ...
Unpacking libdrm-common (2.4.124-2) ...
Selecting previously unselected package libdrm2:amd64.
Preparing to unpack .../097-libdrm2_2.4.124-2_amd64.deb ...
Unpacking libdrm2:amd64 (2.4.124-2) ...
Selecting previously unselected package libdrm-amdgpu1:amd64.
Preparing to unpack .../098-libdrm-amdgpu1_2.4.124-2_amd64.deb ...
Unpacking libdrm-amdgpu1:amd64 (2.4.124-2) ...
Selecting previously unselected package libpciaccess0:amd64.
Preparing to unpack .../099-libpciaccess0_0.17-3+b3_amd64.deb ...
Unpacking libpciaccess0:amd64 (0.17-3+b3) ...
Selecting previously unselected package libdrm-intel1:amd64.
Preparing to unpack .../100-libdrm-intel1_2.4.124-2_amd64.deb ...
Unpacking libdrm-intel1:amd64 (2.4.124-2) ...
Selecting previously unselected package libepoxy0:amd64.
Preparing to unpack .../101-libepoxy0_1.5.10-2_amd64.deb ...
Unpacking libepoxy0:amd64 (1.5.10-2) ...
Selecting previously unselected package libfribidi0:amd64.
Preparing to unpack .../102-libfribidi0_1.0.16-1_amd64.deb ...
Unpacking libfribidi0:amd64 (1.0.16-1) ...
Selecting previously unselected package libwayland-server0:amd64.
Preparing to unpack .../103-libwayland-server0_1.23.1-3_amd64.deb ...
Unpacking libwayland-server0:amd64 (1.23.1-3) ...
Selecting previously unselected package libsensors-config.
Preparing to unpack .../104-libsensors-config_1%3a3.6.2-2_all.deb ...
Unpacking libsensors-config (1:3.6.2-2) ...
Selecting previously unselected package libsensors5:amd64.
Preparing to unpack .../105-libsensors5_1%3a3.6.2-2_amd64.deb ...
Unpacking libsensors5:amd64 (1:3.6.2-2) ...
Selecting previously unselected package libx11-xcb1:amd64.
Preparing to unpack .../106-libx11-xcb1_2%3a1.8.12-1_amd64.deb ...
Unpacking libx11-xcb1:amd64 (2:1.8.12-1) ...
Selecting previously unselected package libxcb-dri3-0:amd64.
Preparing to unpack .../107-libxcb-dri3-0_1.17.0-2+b1_amd64.deb ...
Unpacking libxcb-dri3-0:amd64 (1.17.0-2+b1) ...
Selecting previously unselected package libxcb-present0:amd64.
Preparing to unpack .../108-libxcb-present0_1.17.0-2+b1_amd64.deb ...
Unpacking libxcb-present0:amd64 (1.17.0-2+b1) ...
Selecting previously unselected package libxcb-randr0:amd64.
Preparing to unpack .../109-libxcb-randr0_1.17.0-2+b1_amd64.deb ...
Unpacking libxcb-randr0:amd64 (1.17.0-2+b1) ...
Selecting previously unselected package libxcb-sync1:amd64.
Preparing to unpack .../110-libxcb-sync1_1.17.0-2+b1_amd64.deb ...
Unpacking libxcb-sync1:amd64 (1.17.0-2+b1) ...
Selecting previously unselected package libxcb-xfixes0:amd64.
Preparing to unpack .../111-libxcb-xfixes0_1.17.0-2+b1_amd64.deb ...
Unpacking libxcb-xfixes0:amd64 (1.17.0-2+b1) ...
Selecting previously unselected package libxshmfence1:amd64.
Preparing to unpack .../112-libxshmfence1_1.3.3-1_amd64.deb ...
Unpacking libxshmfence1:amd64 (1.3.3-1) ...
Selecting previously unselected package mesa-libgallium:amd64.
Preparing to unpack .../113-mesa-libgallium_25.0.7-2+deb13u1_amd64.deb ...
Unpacking mesa-libgallium:amd64 (25.0.7-2+deb13u1) ...
Selecting previously unselected package libgbm1:amd64.
Preparing to unpack .../114-libgbm1_25.0.7-2+deb13u1_amd64.deb ...
Unpacking libgbm1:amd64 (25.0.7-2+deb13u1) ...
Selecting previously unselected package libgraphite2-3:amd64.
Preparing to unpack .../115-libgraphite2-3_1.3.14-2+deb13u1_amd64.deb ...
Unpacking libgraphite2-3:amd64 (1.3.14-2+deb13u1) ...
Selecting previously unselected package libharfbuzz0b:amd64.
Preparing to unpack .../116-libharfbuzz0b_10.2.0-1+deb13u1_amd64.deb ...
Unpacking libharfbuzz0b:amd64 (10.2.0-1+deb13u1) ...
Selecting previously unselected package libthai-data.
Preparing to unpack .../117-libthai-data_0.1.29-2_all.deb ...
Unpacking libthai-data (0.1.29-2) ...
Selecting previously unselected package libthai0:amd64.
Preparing to unpack .../118-libthai0_0.1.29-2+b1_amd64.deb ...
Unpacking libthai0:amd64 (0.1.29-2+b1) ...
Selecting previously unselected package libpango-1.0-0:amd64.
Preparing to unpack .../119-libpango-1.0-0_1.56.3-1_amd64.deb ...
Unpacking libpango-1.0-0:amd64 (1.56.3-1) ...
Selecting previously unselected package libpangoft2-1.0-0:amd64.
Preparing to unpack .../120-libpangoft2-1.0-0_1.56.3-1_amd64.deb ...
Unpacking libpangoft2-1.0-0:amd64 (1.56.3-1) ...
Selecting previously unselected package libpangocairo-1.0-0:amd64.
Preparing to unpack .../121-libpangocairo-1.0-0_1.56.3-1_amd64.deb ...
Unpacking libpangocairo-1.0-0:amd64 (1.56.3-1) ...
Selecting previously unselected package libwayland-client0:amd64.
Preparing to unpack .../122-libwayland-client0_1.23.1-3_amd64.deb ...
Unpacking libwayland-client0:amd64 (1.23.1-3) ...
Selecting previously unselected package libwayland-cursor0:amd64.
Preparing to unpack .../123-libwayland-cursor0_1.23.1-3_amd64.deb ...
Unpacking libwayland-cursor0:amd64 (1.23.1-3) ...
Selecting previously unselected package libwayland-egl1:amd64.
Preparing to unpack .../124-libwayland-egl1_1.23.1-3_amd64.deb ...
Unpacking libwayland-egl1:amd64 (1.23.1-3) ...
Selecting previously unselected package libxcomposite1:amd64.
Preparing to unpack .../125-libxcomposite1_1%3a0.4.6-1_amd64.deb ...
Unpacking libxcomposite1:amd64 (1:0.4.6-1) ...
Selecting previously unselected package libxfixes3:amd64.
Preparing to unpack .../126-libxfixes3_1%3a6.0.0-2+b4_amd64.deb ...
Unpacking libxfixes3:amd64 (1:6.0.0-2+b4) ...
Selecting previously unselected package libxcursor1:amd64.
Preparing to unpack .../127-libxcursor1_1%3a1.2.3-1_amd64.deb ...
Unpacking libxcursor1:amd64 (1:1.2.3-1) ...
Selecting previously unselected package libxdamage1:amd64.
Preparing to unpack .../128-libxdamage1_1%3a1.1.6-1+b2_amd64.deb ...
Unpacking libxdamage1:amd64 (1:1.1.6-1+b2) ...
Selecting previously unselected package libxinerama1:amd64.
Preparing to unpack .../129-libxinerama1_2%3a1.1.4-3+b4_amd64.deb ...
Unpacking libxinerama1:amd64 (2:1.1.4-3+b4) ...
Selecting previously unselected package xkb-data.
Preparing to unpack .../130-xkb-data_2.42-1_all.deb ...
Unpacking xkb-data (2.42-1) ...
Selecting previously unselected package libxkbcommon0:amd64.
Preparing to unpack .../131-libxkbcommon0_1.7.0-2_amd64.deb ...
Unpacking libxkbcommon0:amd64 (1.7.0-2) ...
Selecting previously unselected package libxrandr2:amd64.
Preparing to unpack .../132-libxrandr2_2%3a1.5.4-1+b3_amd64.deb ...
Unpacking libxrandr2:amd64 (2:1.5.4-1+b3) ...
Selecting previously unselected package libgtk-3-common.
Preparing to unpack .../133-libgtk-3-common_3.24.49-3_all.deb ...
Unpacking libgtk-3-common (3.24.49-3) ...
Selecting previously unselected package libgtk-3-0t64:amd64.
Preparing to unpack .../134-libgtk-3-0t64_3.24.49-3_amd64.deb ...
Unpacking libgtk-3-0t64:amd64 (3.24.49-3) ...
Selecting previously unselected package libnspr4:amd64.
Preparing to unpack .../135-libnspr4_2%3a4.36-1_amd64.deb ...
Unpacking libnspr4:amd64 (2:4.36-1) ...
Selecting previously unselected package libnss3:amd64.
Preparing to unpack .../136-libnss3_2%3a3.110-1+deb13u4_amd64.deb ...
Unpacking libnss3:amd64 (2:3.110-1+deb13u4) ...
Selecting previously unselected package libpkgconf3:amd64.
Preparing to unpack .../137-libpkgconf3_1.8.1-4_amd64.deb ...
Unpacking libpkgconf3:amd64 (1.8.1-4) ...
Selecting previously unselected package libssl-dev:amd64.
Preparing to unpack .../138-libssl-dev_3.5.6-1~deb13u2_amd64.deb ...
Unpacking libssl-dev:amd64 (3.5.6-1~deb13u2) ...
Selecting previously unselected package nodejs.
Preparing to unpack .../139-nodejs_24.19.0-1nodesource1_amd64.deb ...
Unpacking nodejs (24.19.0-1nodesource1) ...
Selecting previously unselected package pkgconf-bin.
Preparing to unpack .../140-pkgconf-bin_1.8.1-4_amd64.deb ...
Unpacking pkgconf-bin (1.8.1-4) ...
Selecting previously unselected package pkgconf:amd64.
Preparing to unpack .../141-pkgconf_1.8.1-4_amd64.deb ...
Unpacking pkgconf:amd64 (1.8.1-4) ...
Selecting previously unselected package python3-autocommand.
Preparing to unpack .../142-python3-autocommand_2.2.2-3_all.deb ...
Unpacking python3-autocommand (2.2.2-3) ...
Selecting previously unselected package python3-more-itertools.
Preparing to unpack .../143-python3-more-itertools_10.7.0-1_all.deb ...
Unpacking python3-more-itertools (10.7.0-1) ...
Selecting previously unselected package python3-typing-extensions.
Preparing to unpack .../144-python3-typing-extensions_4.13.2-1_all.deb ...
Unpacking python3-typing-extensions (4.13.2-1) ...
Selecting previously unselected package python3-typeguard.
Preparing to unpack .../145-python3-typeguard_4.4.2-1_all.deb ...
Unpacking python3-typeguard (4.4.2-1) ...
Selecting previously unselected package python3-inflect.
Preparing to unpack .../146-python3-inflect_7.3.1-2_all.deb ...
Unpacking python3-inflect (7.3.1-2) ...
Selecting previously unselected package python3-jaraco.functools.
Preparing to unpack .../147-python3-jaraco.functools_4.1.0-1_all.deb ...
Unpacking python3-jaraco.functools (4.1.0-1) ...
Selecting previously unselected package python3-pkg-resources.
Preparing to unpack .../148-python3-pkg-resources_78.1.1-0.1_all.deb ...
Unpacking python3-pkg-resources (78.1.1-0.1) ...
Selecting previously unselected package python3-jaraco.text.
Preparing to unpack .../149-python3-jaraco.text_4.0.0-1_all.deb ...
Unpacking python3-jaraco.text (4.0.0-1) ...
Selecting previously unselected package python3-zipp.
Preparing to unpack .../150-python3-zipp_3.21.0-1_all.deb ...
Unpacking python3-zipp (3.21.0-1) ...
Selecting previously unselected package python3-setuptools.
Preparing to unpack .../151-python3-setuptools_78.1.1-0.1_all.deb ...
Unpacking python3-setuptools (78.1.1-0.1) ...
Selecting previously unselected package python3-jaraco.context.
Preparing to unpack .../152-python3-jaraco.context_6.0.1-1+deb13u1_all.deb ...
Unpacking python3-jaraco.context (6.0.1-1+deb13u1) ...
Selecting previously unselected package python3-pip-whl.
Preparing to unpack .../153-python3-pip-whl_25.1.1+dfsg-1_all.deb ...
Unpacking python3-pip-whl (25.1.1+dfsg-1) ...
Selecting previously unselected package python3-setuptools-whl.
Preparing to unpack .../154-python3-setuptools-whl_78.1.1-0.1_all.deb ...
Unpacking python3-setuptools-whl (78.1.1-0.1) ...
Selecting previously unselected package python3.13-venv.
Preparing to unpack .../155-python3.13-venv_3.13.5-2+deb13u4_amd64.deb ...
Unpacking python3.13-venv (3.13.5-2+deb13u4) ...
Selecting previously unselected package python3-venv.
Preparing to unpack .../156-python3-venv_3.13.5-1_amd64.deb ...
Unpacking python3-venv (3.13.5-1) ...
Selecting previously unselected package libqubesdb.
Preparing to unpack .../157-libqubesdb_4.3.3-1+deb13u1_amd64.deb ...
Unpacking libqubesdb (4.3.3-1+deb13u1) ...
Selecting previously unselected package qubesdb-dev.
Preparing to unpack .../158-qubesdb-dev_4.3.3-1+deb13u1_amd64.deb ...
Unpacking qubesdb-dev (4.3.3-1+deb13u1) ...
Setting up media-types (13.0.0) ...
Setting up libpipeline1:amd64 (1.5.8-1) ...
Setting up libgraphite2-3:amd64 (1.3.14-2+deb13u1) ...
Setting up liblcms2-2:amd64 (2.16-2+deb13u2) ...
Setting up libpixman-1-0:amd64 (0.44.0-3) ...
Setting up libsharpyuv0:amd64 (1.5.0-0.1) ...
Setting up libwayland-server0:amd64 (1.23.1-3) ...
Setting up libpciaccess0:amd64 (0.17-3+b3) ...
Setting up systemd-sysv (257.13-1~deb13u1) ...
Setting up libxau6:amd64 (1:1.0.11-1) ...
Setting up libxdmcp6:amd64 (1:1.1.5-1) ...
Setting up python3-setuptools-whl (78.1.1-0.1) ...
Setting up libxcb1:amd64 (1.17.0-2+b1) ...
Setting up libxcb-xfixes0:amd64 (1.17.0-2+b1) ...
Setting up liblerc4:amd64 (4.0.0+ds-5) ...
Setting up bsdextrautils (2.41-5) ...
Setting up hicolor-icon-theme (0.18-2) ...
Setting up libdatrie1:amd64 (0.2.13-3+b1) ...
Setting up libmagic-mgc (1:5.46-5) ...
Setting up libclang-common-19-dev:amd64 (1:19.1.7-3+b1) ...
Setting up python3-pip-whl (25.1.1+dfsg-1) ...
Setting up libxcb-render0:amd64 (1.17.0-2+b1) ...
Setting up libarchive-zip-perl (1.68-1) ...
Setting up libdebhelper-perl (13.24.2) ...
Setting up libedit2:amd64 (3.1-20250104-1) ...
Setting up libgdk-pixbuf2.0-common (2.42.12+dfsg-4+deb13u1) ...
Setting up libmagic1t64:amd64 (1:5.46-5) ...
Setting up libsensors-config (1:3.6.2-2) ...
Setting up libdeflate0:amd64 (1.23-2) ...
Setting up gettext-base (0.23.1-2) ...
Setting up m4 (1.4.19-8) ...
Setting up xkb-data (2.42-1) ...
Setting up libxcb-shm0:amd64 (1.17.0-2+b1) ...
Setting up file (1:5.46-5) ...
Setting up libjbig0:amd64 (2.1-6.1+b2) ...
Setting up libelf1t64:amd64 (0.192-4) ...
Setting up libxcb-present0:amd64 (1.17.0-2+b1) ...
Setting up libasound2-data (1.2.14-1) ...
Setting up autotools-dev (20240727.1) ...
Setting up libz3-4:amd64 (4.13.3-1) ...
Setting up libglib2.0-0t64:amd64 (2.84.4-3~deb13u3) ...
Setting up libpkgconf3:amd64 (1.8.1-4) ...
Setting up libasound2t64:amd64 (1.2.14-1) ...
Setting up libjpeg62-turbo:amd64 (1:2.1.5-4) ...
Setting up libx11-data (2:1.8.12-1) ...
Setting up libepoxy0:amd64 (1.5.10-2) ...
Setting up libnspr4:amd64 (2:4.36-1) ...
Setting up libxcb-sync1:amd64 (1.17.0-2+b1) ...
Setting up libavahi-common-data:amd64 (0.8-16) ...
Setting up libdbus-1-3:amd64 (1.16.2-2) ...
Setting up libfribidi0:amd64 (1.0.16-1) ...
Setting up libproc2-0:amd64 (2:4.0.4-9) ...
Setting up fonts-dejavu-mono (2.37-8) ...
Setting up libssl-dev:amd64 (3.5.6-1~deb13u2) ...
Setting up libpng16-16t64:amd64 (1.6.48-1+deb13u5) ...
Setting up autopoint (0.23.1-2) ...
Setting up fonts-dejavu-core (2.37-8) ...
Setting up pkgconf-bin (1.8.1-4) ...
Setting up libsensors5:amd64 (1:3.6.2-2) ...
Setting up libncursesw6:amd64 (6.5+20250216-2) ...
Setting up libgc1:amd64 (1:8.2.8-1) ...
Setting up autoconf (2.72-3.1) ...
Setting up libwebp7:amd64 (1.5.0-0.1) ...
Setting up libqubesdb (4.3.3-1+deb13u1) ...
Setting up dwz (0.15-1+b1) ...
Setting up sensible-utils (0.0.25) ...
Setting up libxshmfence1:amd64 (1.3.3-1) ...
Setting up at-spi2-common (2.56.2-1+deb13u1) ...
Setting up libtiff6:amd64 (4.7.0-3+deb13u3) ...
Setting up libxcb-randr0:amd64 (1.17.0-2+b1) ...
Setting up dbus-session-bus-common (1.16.2-2) ...
Setting up libuchardet0:amd64 (0.0.8-1+b2) ...
Setting up procps (2:4.0.4-9) ...
Setting up qubesdb-dev (4.3.3-1+deb13u1) ...
Setting up libx11-6:amd64 (2:1.8.12-1) ...
Setting up libthai-data (0.1.29-2) ...
Setting up libwayland-egl1:amd64 (1.23.1-3) ...
Setting up dbus-system-bus-common (1.16.2-2) ...
Creating group 'messagebus' with GID 997.
Creating user 'messagebus' (System Message Bus) with UID 997 and GID 997.
Setting up dh-apparmor (4.1.0-1) ...
Setting up libdrm-common (2.4.124-2) ...
Setting up libxcomposite1:amd64 (1:0.4.6-1) ...
Setting up readline-common (8.2-6) ...
Setting up libxml2:amd64 (2.12.7+dfsg+really2.9.14-2.1+deb13u3) ...
Setting up dbus-bin (1.16.2-2) ...
Setting up libxkbcommon0:amd64 (1.7.0-2) ...
Setting up libwayland-client0:amd64 (1.23.1-3) ...
Setting up automake (1:1.17-4) ...
update-alternatives: using /usr/bin/automake-1.17 to provide /usr/bin/automake (automake) in auto mode
Setting up libfile-stripnondeterminism-perl (1.14.1-2) ...
Setting up libxcb-dri3-0:amd64 (1.17.0-2+b1) ...
Setting up libllvm19:amd64 (1:19.1.7-3+b1) ...
Setting up libx11-xcb1:amd64 (2:1.8.12-1) ...
Setting up gettext (0.23.1-2) ...
Setting up libxdamage1:amd64 (1:1.1.6-1+b2) ...
Setting up libatk1.0-0t64:amd64 (2.56.2-1+deb13u1) ...
Setting up libclang1-19 (1:19.1.7-3+b1) ...
Setting up libxrender1:amd64 (1:0.9.12-1) ...
Setting up libtool (2.5.4-4) ...
Setting up fontconfig-config (2.15.0-2.3) ...
debconf: unable to initialize frontend: Dialog
debconf: (No usable dialog-like program is installed, so the dialog based frontend cannot be used. at /usr/share/perl5/Debconf/FrontEnd/Dialog.pm line 79.)
debconf: falling back to frontend: Readline
Setting up libavahi-common3:amd64 (0.8-16) ...
Setting up libcloudproviders0:amd64 (0.3.6-2) ...
Setting up libxext6:amd64 (2:1.3.4-1+b3) ...
Setting up libobjc4:amd64 (14.2.0-19) ...
Setting up libnss3:amd64 (2:3.110-1+deb13u4) ...
Setting up dbus-daemon (1.16.2-2) ...
Setting up libobjc-14-dev:amd64 (14.2.0-19) ...
Setting up libcolord2:amd64 (1.4.7-3) ...
Setting up pkgconf:amd64 (1.8.1-4) ...
Setting up intltool-debian (0.35.0+20060710.6) ...
Setting up libdconf1:amd64 (0.40.0-5) ...
Setting up dh-autoreconf (20) ...
Setting up libthai0:amd64 (0.1.29-2+b1) ...
Setting up libfreetype6:amd64 (2.13.3+dfsg-1+deb13u1) ...
Setting up libxfixes3:amd64 (1:6.0.0-2+b4) ...
Setting up dbus (1.16.2-2) ...
invoke-rc.d: could not determine current runlevel
invoke-rc.d: policy-rc.d denied execution of start.
Setting up shared-mime-info (2.4-5+b2) ...
Setting up libxinerama1:amd64 (2:1.1.4-3+b4) ...
Setting up libxrandr2:amd64 (2:1.5.4-1+b3) ...
Setting up libreadline8t64:amd64 (8.2-6) ...
Setting up dh-strip-nondeterminism (1.14.1-2) ...
Setting up libdrm2:amd64 (2.4.124-2) ...
Setting up groff-base (1.23.0-9) ...
Setting up libwayland-cursor0:amd64 (1.23.1-3) ...
Setting up libpam-systemd:amd64 (257.13-1~deb13u1) ...
debconf: unable to initialize frontend: Dialog
debconf: (No usable dialog-like program is installed, so the dialog based frontend cannot be used. at /usr/share/perl5/Debconf/FrontEnd/Dialog.pm line 79.)
debconf: falling back to frontend: Readline
Setting up libharfbuzz0b:amd64 (10.2.0-1+deb13u1) ...
Setting up libgdk-pixbuf-2.0-0:amd64 (2.42.12+dfsg-4+deb13u1) ...
Setting up libfontconfig1:amd64 (2.15.0-2.3) ...
Setting up libclang-19-dev (1:19.1.7-3+b1) ...
Setting up libpython3.13-stdlib:amd64 (3.13.5-2+deb13u4) ...
Setting up libavahi-client3:amd64 (0.8-16) ...
Setting up libpython3-stdlib:amd64 (3.13.5-1) ...
Setting up libdrm-amdgpu1:amd64 (2.4.124-2) ...
Setting up gtk-update-icon-cache (4.18.6+ds-2) ...
Setting up fontconfig (2.15.0-2.3) ...
Regenerating fonts cache... done.
Setting up libclang-dev (1:19.0-63) ...
Setting up libxi6:amd64 (2:1.8.2-1) ...
Setting up python3.13 (3.13.5-2+deb13u4) ...
Setting up po-debconf (1.0.21+nmu1) ...
Setting up libxcursor1:amd64 (1:1.2.3-1) ...
Setting up libpango-1.0-0:amd64 (1.56.3-1) ...
Setting up libdrm-intel1:amd64 (2.4.124-2) ...
Setting up python3 (3.13.5-1) ...
running python rtupdate hooks for python3.13...
running python post-rtupdate hooks for python3.13...
Setting up python3-zipp (3.21.0-1) ...
Setting up python3.13-venv (3.13.5-2+deb13u4) ...
Setting up python3-autocommand (2.2.2-3) ...
Setting up nodejs (24.19.0-1nodesource1) ...
Setting up man-db (2.13.1-1) ...
debconf: unable to initialize frontend: Dialog
debconf: (No usable dialog-like program is installed, so the dialog based frontend cannot be used. at /usr/share/perl5/Debconf/FrontEnd/Dialog.pm line 79.)
debconf: falling back to frontend: Readline
Building database of manual pages ...
Created symlink '/etc/systemd/system/timers.target.wants/man-db.timer' → '/usr/lib/systemd/system/man-db.timer'.
Setting up libcairo2:amd64 (1.18.4-1+b1) ...
Setting up dbus-user-session (1.16.2-2) ...
Setting up python3-venv (3.13.5-1) ...
Setting up adwaita-icon-theme (48.1-1) ...
update-alternatives: using /usr/share/icons/Adwaita/cursor.theme to provide /usr/share/icons/default/index.theme (x-cursor-theme) in auto mode
Setting up libatspi2.0-0t64:amd64 (2.56.2-1+deb13u1) ...
Setting up python3-typing-extensions (4.13.2-1) ...
Setting up libcairo-gobject2:amd64 (1.18.4-1+b1) ...
Setting up libpangoft2-1.0-0:amd64 (1.56.3-1) ...
Setting up libcups2t64:amd64 (2.4.10-3+deb13u2) ...
Setting up libpangocairo-1.0-0:amd64 (1.56.3-1) ...
Setting up libatk-bridge2.0-0t64:amd64 (2.56.2-1+deb13u1) ...
Setting up python3-more-itertools (10.7.0-1) ...
Setting up mesa-libgallium:amd64 (25.0.7-2+deb13u1) ...
Setting up python3-jaraco.functools (4.1.0-1) ...
Setting up python3-jaraco.context (6.0.1-1+deb13u1) ...
Setting up libgbm1:amd64 (25.0.7-2+deb13u1) ...
Setting up python3-typeguard (4.4.2-1) ...
Setting up debhelper (13.24.2) ...
Setting up dconf-service (0.40.0-5) ...
Setting up dh-exec (0.30) ...
Setting up python3-inflect (7.3.1-2) ...
Setting up python3-jaraco.text (4.0.0-1) ...
Setting up python3-pkg-resources (78.1.1-0.1) ...
Setting up python3-setuptools (78.1.1-0.1) ...
Setting up dconf-gsettings-backend:amd64 (0.40.0-5) ...
Setting up libgtk-3-common (3.24.49-3) ...
Setting up libgtk-3-0t64:amd64 (3.24.49-3) ...
Processing triggers for systemd (257.13-1~deb13u1) ...
Processing triggers for libc-bin (2.41-12+deb13u3) ...
+ ./scripts/fixup-changelog.sh
+ source /etc/os-release
++ PRETTY_NAME='Debian GNU/Linux 13 (trixie)'
++ NAME='Debian GNU/Linux'
++ VERSION_ID=13
++ VERSION='13 (trixie)'
++ VERSION_CODENAME=trixie
++ DEBIAN_VERSION_FULL=13.6
++ ID=debian
++ HOME_URL=https://www.debian.org/
++ SUPPORT_URL=https://www.debian.org/support
++ BUG_REPORT_URL=https://bugs.debian.org/
+ [[ trixie == '' ]]
++ dpkg-parsechangelog -S Version
+ VERSION=1.7.0~rc1
+ NIGHTLY=1
+ [[ -n 1 ]]
++ date +%Y%m%d%H%M%S
+ NEW_VERSION=1.7.0~rc1.dev20260805193300
+ sed -i '0,/1.7.0~rc1/ s//1.7.0~rc1.dev20260805193300+trixie/' debian/changelog
+ dpkg-buildpackage --no-sign
[1mdpkg-buildpackage: [0m[32minfo[0m: source package securedrop-client
[1mdpkg-buildpackage: [0m[32minfo[0m: source version 1.7.0~rc1.dev20260805193300+trixie
[1mdpkg-buildpackage: [0m[32minfo[0m: source distribution unstable
[1mdpkg-buildpackage: [0m[32minfo[0m: source changed by SecureDrop Team <securedrop@freedom.press>
[1mdpkg-buildpackage: [0m[32minfo[0m: host architecture amd64
[1;35m dpkg-source --before-build .
[0m[1mdpkg-source: [0m[32minfo[0m: using options from securedrop-client/debian/source/options: --compression=gzip --tar-ignore=build --tar-ignore=.* --tar-ignore=__pycache__ --tar-ignore=htmlcov --tar-ignore=target --tar-ignore=node_modules
[1;35m debian/rules clean
[0mdh clean
   dh_auto_clean
   dh_clean
[1;35m dpkg-source -b .
[0m[1mdpkg-source: [0m[32minfo[0m: using options from securedrop-client/debian/source/options: --compression=gzip --tar-ignore=build --tar-ignore=.* --tar-ignore=__pycache__ --tar-ignore=htmlcov --tar-ignore=target --tar-ignore=node_modules
[1mdpkg-source: [0m[32minfo[0m: using source format '3.0 (native)'
[1mdpkg-source: [0m[32minfo[0m: building securedrop-client in securedrop-client_1.7.0~rc1.dev20260805193300+trixie.tar.gz
[1mdpkg-source: [0m[32minfo[0m: building securedrop-client in securedrop-client_1.7.0~rc1.dev20260805193300+trixie.dsc
[1;35m debian/rules binary
[0mdh binary
   dh_update_autotools_config
   dh_autoreconf
   dh_auto_configure
   dh_auto_build
	make -j4 "INSTALL=install --strip-program=true"
make[1]: Entering directory '/srv/securedrop-client'
Makefile for developing and testing the SecureDrop client.
Subcommands:

[36mbuild-debs[0m          Build Debian packages
[36mfix[0m                 Fix lint and formatting issues
[36mhelp[0m                Print this message and exit.
[36minstall-deps-app[0m    Install dependencies needed to run the Electron app
[36mlint[0m                Run linters and formatters
[36mlint-apparmor[0m       Lint AppArmor profiles
[36mlint-desktop[0m        Lint .desktop files
[36mrust-lint[0m           Lint Rust code
[36mrust-test[0m           Run Rust tests
[36msemgrep[0m             Run Semgrep security checks on all components
[36msemgrep-app[0m         Run Semgrep on app/ (JavaScript/TypeScript)
[36msemgrep-export[0m      Run Semgrep on export/ (Python)
[36mshellcheck[0m          Lint shell scripts
[36mzizmor[0m              Lint GitHub Actions workflows
make[1]: Leaving directory '/srv/securedrop-client'
   dh_auto_test
   create-stamp debian/debhelper-build-stamp
   dh_prep
   debian/rules override_dh_auto_install
make[1]: Entering directory '/srv/securedrop-client'
sed -i s/##VERSION_CODENAME##/trixie/ keyring/apt_freedom_press.sources
bash ./debian/setup-venv.sh export
+ NAME=export
+ WHEELS_DIR=/builder/securedrop-export/wheels
+ PIP_ARGS='--ignore-installed --no-index --find-links /builder/securedrop-export/wheels --no-deps --no-cache-dir --no-build-isolation'
+ /usr/bin/python3 -m venv --system-site-packages ./debian/securedrop-export/opt/venvs/securedrop-export
+ ./debian/securedrop-export/opt/venvs/securedrop-export/bin/pip install --ignore-installed --no-index --find-links /builder/securedrop-export/wheels --no-deps --no-cache-dir --no-build-isolation --require-hashes -r export/build-requirements.txt
Looking in links: /builder/securedrop-export/wheels
Processing /builder/securedrop-export/wheels/pexpect-4.9.0-py2.py3-none-any.whl (from -r export/build-requirements.txt (line 1))
Processing /builder/securedrop-export/wheels/ptyprocess-0.7.0-py2.py3-none-any.whl (from -r export/build-requirements.txt (line 2))
Installing collected packages: ptyprocess, pexpect
Successfully installed pexpect-4.9.0 ptyprocess-0.7.0
+ ./debian/securedrop-export/opt/venvs/securedrop-export/bin/pip install --ignore-installed --no-index --find-links /builder/securedrop-export/wheels --no-deps --no-cache-dir --no-build-isolation ./export
Looking in links: /builder/securedrop-export/wheels
Processing ./export
  Preparing metadata (pyproject.toml) ... [?25l- done
[?25hBuilding wheels for collected packages: securedrop-export
  Building wheel for securedrop-export (pyproject.toml) ... [?25l- done
[?25h  Created wheel for securedrop-export: filename=securedrop_export-0.0.0-py3-none-any.whl size=38594 sha256=8e30b15b3a67d9781660911aa1ae39d9c1d63e0cf956aef87345e0d4b88191f4
  Stored in directory: /tmp/pip-ephem-wheel-cache-bh15uf9p/wheels/1e/52/81/afbf1faf4f91e7f1c2233576161ef202cccceb9bddd776a73b
Successfully built securedrop-export
Installing collected packages: securedrop-export
Successfully installed securedrop-export-0.0.0
++ pwd
+ find ./debian/securedrop-export/ -type f -exec sed -i s#/srv/securedrop-client/debian/securedrop-export## '{}' ';'
+ rm -rf ./debian/securedrop-export/opt/venvs/securedrop-export/share/python-wheels
bash ./debian/setup-venv.sh log
+ NAME=log
+ WHEELS_DIR=/builder/securedrop-log/wheels
+ PIP_ARGS='--ignore-installed --no-index --find-links /builder/securedrop-log/wheels --no-deps --no-cache-dir --no-build-isolation'
+ /usr/bin/python3 -m venv --system-site-packages ./debian/securedrop-log/opt/venvs/securedrop-log
+ ./debian/securedrop-log/opt/venvs/securedrop-log/bin/pip install --ignore-installed --no-index --find-links /builder/securedrop-log/wheels --no-deps --no-cache-dir --no-build-isolation --require-hashes -r log/build-requirements.txt
Looking in links: /builder/securedrop-log/wheels
+ ./debian/securedrop-log/opt/venvs/securedrop-log/bin/pip install --ignore-installed --no-index --find-links /builder/securedrop-log/wheels --no-deps --no-cache-dir --no-build-isolation ./log
Looking in links: /builder/securedrop-log/wheels
Processing ./log
  Preparing metadata (pyproject.toml) ... [?25l- done
[?25hBuilding wheels for collected packages: securedrop-log
  Building wheel for securedrop-log (pyproject.toml) ... [?25l- done
[?25h  Created wheel for securedrop-log: filename=securedrop_log-0.0.0-py3-none-any.whl size=16655 sha256=418419b497ff53de81b19260655faa0e7755ca1f2d2921786338f4dd0f2cd2aa
  Stored in directory: /tmp/pip-ephem-wheel-cache-7yr16z8d/wheels/c2/0e/2b/e2691c97b5c70a737898a010a7948b066c829fc89439df0a9d
Successfully built securedrop-log
Installing collected packages: securedrop-log
Successfully installed securedrop-log-0.0.0
++ pwd
+ find ./debian/securedrop-log/ -type f -exec sed -i s#/srv/securedrop-client/debian/securedrop-log## '{}' ';'
+ rm -rf ./debian/securedrop-log/opt/venvs/securedrop-log/share/python-wheels
cargo build --release --locked --features qubesdb
    Updating crates.io index
 Downloading crates ...
  Downloaded atomic-waker v1.1.2
  Downloaded adler2 v2.0.1
  Downloaded anyhow v1.0.75
  Downloaded stable_deref_trait v1.2.0
  Downloaded futures-macro v0.3.31
  Downloaded serde_urlencoded v0.7.1
  Downloaded pin-project-lite v0.2.13
  Downloaded smallvec v1.13.2
  Downloaded futures-io v0.3.31
  Downloaded fnv v1.0.7
  Downloaded futures-core v0.3.31
  Downloaded foreign-types v0.3.2
  Downloaded find-msvc-tools v0.1.1
  Downloaded futures-sink v0.3.31
  Downloaded lazy_static v1.4.0
  Downloaded home v0.5.9
  Downloaded socket2 v0.5.5
  Downloaded yoke-derive v0.7.5
  Downloaded want v0.3.1
  Downloaded write16 v1.0.0
  Downloaded which v4.4.2
  Downloaded tower-layer v0.3.2
  Downloaded pin-utils v0.1.0
  Downloaded tower-service v0.3.2
  Downloaded utf8_iter v1.0.4
  Downloaded tokio-macros v2.5.0
  Downloaded zerofrom-derive v0.1.5
  Downloaded icu_provider_macros v1.5.0
  Downloaded http-body-util v0.1.1
  Downloaded thiserror-impl v1.0.65
  Downloaded openssl-macros v0.1.1
  Downloaded zerofrom v0.1.5
  Downloaded writeable v0.5.5
  Downloaded tokio-native-tls v0.3.1
  Downloaded rustc-hash v1.1.0
  Downloaded rustls-pemfile v2.1.2
  Downloaded yoke v0.7.5
  Downloaded unicode-ident v1.0.12
  Downloaded zerovec-derive v0.10.3
  Downloaded url v2.5.4
  Downloaded tracing v0.1.40
  Downloaded ryu v1.0.16
  Downloaded tower v0.4.13
  Downloaded tokio-util v0.7.10
  Downloaded miniz_oxide v0.8.9
  Downloaded zerovec v0.10.4
  Downloaded pin-project v1.1.5
  Downloaded mio v1.0.3
  Downloaded nom v7.1.3
  Downloaded http v1.1.0
  Downloaded vcpkg v0.2.15
  Downloaded reqwest v0.12.4
  Downloaded h2 v0.4.5
  Downloaded futures-util v0.3.31
  Downloaded regex v1.10.3
  Downloaded bindgen v0.69.4
  Downloaded serde_json v1.0.113
  Downloaded openssl v0.10.80
  Downloaded icu_properties_data v1.5.0
  Downloaded itertools v0.12.1
  Downloaded regex-syntax v0.8.2
  Downloaded idna v1.0.3
  Downloaded rustix v0.38.31
  Downloaded hyper v1.3.1
  Downloaded hashbrown v0.14.3
  Downloaded aho-corasick v1.1.2
  Downloaded cc v1.2.36
  Downloaded minimal-lexical v0.2.1
  Downloaded memchr v2.7.1
  Downloaded icu_collections v1.5.0
  Downloaded bitflags v2.4.2
  Downloaded syn v2.0.58
  Downloaded serde v1.0.196
  Downloaded indexmap v2.2.3
  Downloaded icu_properties v1.5.1
  Downloaded icu_normalizer v1.5.0
  Downloaded regex-automata v0.4.5
  Downloaded icu_locid v1.5.0
  Downloaded bytes v1.11.1
  Downloaded base64 v0.22.1
  Downloaded proc-macro2 v1.0.78
  Downloaded prettyplease v0.2.16
  Downloaded openssl-sys v0.9.116
  Downloaded libc v0.2.171
  Downloaded once_cell v1.19.0
  Downloaded tokio v1.44.2
  Downloaded icu_provider v1.5.0
  Downloaded hyper-util v0.1.3
  Downloaded flate2 v1.1.2
  Downloaded serde_derive v1.0.196
  Downloaded log v0.4.20
  Downloaded ipnet v2.9.0
  Downloaded icu_normalizer_data v1.5.0
  Downloaded httparse v1.8.0
  Downloaded crc32fast v1.4.0
  Downloaded clang-sys v1.7.0
  Downloaded icu_locid_transform_data v1.5.0
  Downloaded quote v1.0.35
  Downloaded tracing-core v0.1.32
  Downloaded tokio-socks v0.5.2
  Downloaded slab v0.4.9
  Downloaded shlex v1.3.0
  Downloaded rustls-pki-types v1.7.0
  Downloaded native-tls v0.2.11
  Downloaded libloading v0.8.1
  Downloaded displaydoc v0.2.5
  Downloaded pin-project-internal v1.1.5
  Downloaded hyper-tls v0.6.0
  Downloaded tinystr v0.7.6
  Downloaded thiserror v1.0.65
  Downloaded synstructure v0.13.1
  Downloaded icu_locid_transform v1.5.0
  Downloaded pkg-config v0.3.29
  Downloaded litemap v0.7.4
  Downloaded glob v0.3.1
  Downloaded cexpr v0.6.0
  Downloaded openssl-probe v0.1.5
  Downloaded autocfg v1.1.0
  Downloaded encoding_rs v0.8.33
  Downloaded itoa v1.0.10
  Downloaded idna_adapter v1.2.0
  Downloaded linux-raw-sys v0.4.13
  Downloaded http-body v1.0.0
  Downloaded futures-channel v0.3.31
  Downloaded errno v0.3.8
  Downloaded either v1.10.0
  Downloaded try-lock v0.2.5
  Downloaded futures-task v0.3.31
  Downloaded sync_wrapper v0.1.2
  Downloaded cfg-if v1.0.0
  Downloaded lazycell v1.3.0
  Downloaded utf16_iter v1.0.5
  Downloaded percent-encoding v2.3.1
  Downloaded async-compression v0.4.6
  Downloaded form_urlencoded v1.2.1
  Downloaded equivalent v1.0.1
  Downloaded mime v0.3.17
  Downloaded foreign-types-shared v0.1.1
   Compiling proc-macro2 v1.0.78
   Compiling unicode-ident v1.0.12
   Compiling libc v0.2.171
   Compiling pin-project-lite v0.2.13
   Compiling shlex v1.3.0
   Compiling bytes v1.11.1
   Compiling stable_deref_trait v1.2.0
   Compiling futures-core v0.3.31
   Compiling find-msvc-tools v0.1.1
   Compiling autocfg v1.1.0
   Compiling quote v1.0.35
   Compiling slab v0.4.9
   Compiling mio v1.0.3
   Compiling socket2 v0.5.5
   Compiling syn v2.0.58
   Compiling cc v1.2.36
   Compiling pkg-config v0.3.29
   Compiling itoa v1.0.10
   Compiling log v0.4.20
   Compiling vcpkg v0.2.15
   Compiling writeable v0.5.5
   Compiling litemap v0.7.4
   Compiling cfg-if v1.0.0
   Compiling once_cell v1.19.0
   Compiling openssl-sys v0.9.116
   Compiling tracing-core v0.1.32
   Compiling fnv v1.0.7
   Compiling smallvec v1.13.2
   Compiling http v1.1.0
   Compiling tracing v0.1.40
   Compiling futures-task v0.3.31
   Compiling icu_locid_transform_data v1.5.0
   Compiling pin-utils v0.1.0
   Compiling glob v0.3.1
   Compiling synstructure v0.13.1
   Compiling clang-sys v1.7.0
   Compiling rustix v0.38.31
   Compiling openssl v0.10.80
   Compiling equivalent v1.0.1
   Compiling futures-sink v0.3.31
   Compiling foreign-types-shared v0.1.1
   Compiling httparse v1.8.0
   Compiling icu_properties_data v1.5.0
   Compiling prettyplease v0.2.16
   Compiling hashbrown v0.14.3
   Compiling foreign-types v0.3.2
   Compiling http-body v1.0.0
   Compiling zerofrom-derive v0.1.5
   Compiling yoke-derive v0.7.5
   Compiling zerovec-derive v0.10.3
   Compiling displaydoc v0.2.5
   Compiling tokio-macros v2.5.0
   Compiling icu_provider_macros v1.5.0
   Compiling tokio v1.44.2
   Compiling futures-macro v0.3.31
   Compiling pin-project-internal v1.1.5
   Compiling futures-util v0.3.31
   Compiling zerofrom v0.1.5
   Compiling yoke v0.7.5
   Compiling zerovec v0.10.4
   Compiling openssl-macros v0.1.1
   Compiling indexmap v2.2.3
   Compiling utf8_iter v1.0.4
   Compiling tinystr v0.7.6
   Compiling icu_locid v1.5.0
   Compiling icu_collections v1.5.0
   Compiling icu_provider v1.5.0
   Compiling icu_locid_transform v1.5.0
   Compiling tokio-util v0.7.10
   Compiling icu_properties v1.5.1
   Compiling serde v1.0.196
   Compiling bitflags v2.4.2
   Compiling crc32fast v1.4.0
   Compiling memchr v2.7.1
   Compiling native-tls v0.2.11
   Compiling linux-raw-sys v0.4.13
   Compiling write16 v1.0.0
   Compiling utf16_iter v1.0.5
   Compiling try-lock v0.2.5
   Compiling atomic-waker v1.1.2
   Compiling regex-syntax v0.8.2
   Compiling either v1.10.0
   Compiling minimal-lexical v0.2.1
   Compiling icu_normalizer_data v1.5.0
   Compiling icu_normalizer v1.5.0
   Compiling regex-automata v0.4.5
   Compiling nom v7.1.3
   Compiling h2 v0.4.5
   Compiling want v0.3.1
   Compiling libloading v0.8.1
   Compiling pin-project v1.1.5
   Compiling serde_derive v1.0.196
   Compiling futures-channel v0.3.31
   Compiling tower-layer v0.3.2
   Compiling adler2 v2.0.1
   Compiling openssl-probe v0.1.5
   Compiling home v0.5.9
   Compiling tower-service v0.3.2
   Compiling percent-encoding v2.3.1
   Compiling thiserror v1.0.65
   Compiling bindgen v0.69.4
   Compiling form_urlencoded v1.2.1
   Compiling tower v0.4.13
   Compiling which v4.4.2
   Compiling miniz_oxide v0.8.9
   Compiling hyper v1.3.1
   Compiling cexpr v0.6.0
   Compiling regex v1.10.3
   Compiling idna_adapter v1.2.0
   Compiling itertools v0.12.1
   Compiling thiserror-impl v1.0.65
   Compiling lazycell v1.3.0
   Compiling lazy_static v1.4.0
   Compiling ryu v1.0.16
   Compiling rustc-hash v1.1.0
   Compiling idna v1.0.3
   Compiling hyper-util v0.1.3
   Compiling flate2 v1.1.2
   Compiling tokio-native-tls v0.3.1
   Compiling aho-corasick v1.1.2
   Compiling http-body-util v0.1.1
   Compiling anyhow v1.0.75
   Compiling rustls-pki-types v1.7.0
   Compiling serde_json v1.0.113
   Compiling base64 v0.22.1
   Compiling tokio-socks v0.5.2
   Compiling rustls-pemfile v2.1.2
   Compiling securedrop-proxy v0.1.0 (/srv/securedrop-client/proxy)
   Compiling hyper-tls v0.6.0
   Compiling async-compression v0.4.6
   Compiling url v2.5.4
   Compiling serde_urlencoded v0.7.1
   Compiling encoding_rs v0.8.33
   Compiling ipnet v2.9.0
   Compiling sync_wrapper v0.1.2
   Compiling mime v0.3.17
   Compiling reqwest v0.12.4
    Finished `release` profile [optimized + debuginfo] target(s) in 1m 00s
bash ./debian/build-app.sh
+ cd app
+ corepack enable
+ corepack install
Adding pnpm@10.14.0+sha512.ad27a79641b49c3e481a16a805baa71817a04bbe06a38d17e60e2eaee83f6a146c6a688125f5792e48dd5ba30e7da52a5cda4c3992b9ccf333f9ce223af84748 to the cache...
+ pnpm install --frozen-lockfile
Lockfile is up to date, resolution step is skipped
Packages: [32m+1099[39m

Progress: resolved [96m0[39m, reused [96m1[39m, downloaded [96m0[39m, added [96m0[39m
[1A[33m[39m[0K
[33m   ╭───────────────────────────────────────────────╮[39m
   [33m│[39m                                               [33m│[39m
   [33m│[39m     Update available! [31m10.14.0[39m → [32m11.20.0[39m.      [33m│[39m
   [33m│[39m     [35mChangelog:[39m https://pnpm.io/v/11.20.0      [33m│[39m
   [33m│[39m   To update, run: [35mcorepack use pnpm@11.20.0[39m   [33m│[39m
   [33m│[39m                                               [33m│[39m
[33m   ╰───────────────────────────────────────────────╯[39m
[33m[39m
Progress: resolved [96m0[39m, reused [96m1[39m, downloaded [96m0[39m, added [96m0[39m
[1AProgress: resolved [96m0[39m, reused [96m1[39m, downloaded [96m10[39m, added [96m1[39m
[1AProgress: resolved [96m0[39m, reused [96m1[39m, downloaded [96m22[39m, added [96m5[39m
Downloading antd@5.29.3: [96m0.00 B[39m/[96m10.27 MB[39m
[1ADownloading antd@5.29.3: [96m429.00 B[39m/[96m10.27 MB[39m
[2AProgress: resolved [96m0[39m, reused [96m1[39m, downloaded [96m44[39m, added [96m17[39m
[1B[2AProgress: resolved [96m0[39m, reused [96m1[39m, downloaded [96m48[39m, added [96m22[39m
[1B[2ADownloading antd@5.29.3: [96m10.27 MB[39m/[96m10.27 MB[39m, done[0K
Progress: resolved [96m0[39m, reused [96m1[39m, downloaded [96m48[39m, added [96m22[39m
[1AProgress: resolved [96m0[39m, reused [96m1[39m, downloaded [96m62[39m, added [96m27[39m
[1AProgress: resolved [96m0[39m, reused [96m1[39m, downloaded [96m75[39m, added [96m34[39m
[1AProgress: resolved [96m0[39m, reused [96m1[39m, downloaded [96m81[39m, added [96m35[39m
Downloading @dbmate/linux-x64@2.29.3: [96m0.00 B[39m/[96m11.94 MB[39m
[1ADownloading @dbmate/linux-x64@2.29.3: [96m15.44 kB[39m/[96m11.94 MB[39m
[2AProgress: resolved [96m0[39m, reused [96m1[39m, downloaded [96m85[39m, added [96m35[39m
[1B[2AProgress: resolved [96m0[39m, reused [96m1[39m, downloaded [96m93[39m, added [96m39[39m
[1B[2AProgress: resolved [96m0[39m, reused [96m1[39m, downloaded [96m104[39m, added [96m43[39m
[1B[2ADownloading @dbmate/linux-x64@2.29.3: [96m11.94 MB[39m/[96m11.94 MB[39m, done
Progress: resolved [96m0[39m, reused [96m1[39m, downloaded [96m104[39m, added [96m43[39m
[1AProgress: resolved [96m0[39m, reused [96m1[39m, downloaded [96m129[39m, added [96m52[39m
[1AProgress: resolved [96m0[39m, reused [96m1[39m, downloaded [96m160[39m, added [96m65[39m
[1AProgress: resolved [96m0[39m, reused [96m1[39m, downloaded [96m176[39m, added [96m71[39m
[1AProgress: resolved [96m0[39m, reused [96m1[39m, downloaded [96m198[39m, added [96m81[39m
[1AProgress: resolved [96m0[39m, reused [96m1[39m, downloaded [96m235[39m, added [96m108[39m
[1AProgress: resolved [96m0[39m, reused [96m1[39m, downloaded [96m294[39m, added [96m163[39m
[1AProgress: resolved [96m0[39m, reused [96m1[39m, downloaded [96m352[39m, added [96m206[39m
[1AProgress: resolved [96m0[39m, reused [96m1[39m, downloaded [96m382[39m, added [96m220[39m
[1AProgress: resolved [96m0[39m, reused [96m1[39m, downloaded [96m424[39m, added [96m252[39m
[1AProgress: resolved [96m0[39m, reused [96m1[39m, downloaded [96m486[39m, added [96m374[39m
[1AProgress: resolved [96m0[39m, reused [96m1[39m, downloaded [96m547[39m, added [96m473[39m
[1AProgress: resolved [96m0[39m, reused [96m1[39m, downloaded [96m586[39m, added [96m522[39m
[1AProgress: resolved [96m0[39m, reused [96m1[39m, downloaded [96m614[39m, added [96m537[39m
[1AProgress: resolved [96m0[39m, reused [96m1[39m, downloaded [96m664[39m, added [96m591[39m
[1AProgress: resolved [96m0[39m, reused [96m1[39m, downloaded [96m683[39m, added [96m616[39m
Downloading electron-winstaller@5.4.0: [96m0.00 B[39m/[96m9.14 MB[39m
[1ADownloading electron-winstaller@5.4.0: [96m15.45 kB[39m/[96m9.14 MB[39m
Downloading 7zip-bin@5.2.0: [96m0.00 B[39m/[96m5.63 MB[39m
[1ADownloading 7zip-bin@5.2.0: [96m3.27 kB[39m/[96m5.63 MB[39m
Downloading app-builder-bin@5.0.0-alpha.12: [96m0.00 B[39m/[96m72.51 MB[39m
[1ADownloading app-builder-bin@5.0.0-alpha.12: [96m11.47 kB[39m/[96m72.51 MB[39m
[4AProgress: resolved [96m0[39m, reused [96m1[39m, downloaded [96m718[39m, added [96m649[39m
[3B[4AProgress: resolved [96m0[39m, reused [96m1[39m, downloaded [96m741[39m, added [96m662[39m
[3B[4ADownloading electron-winstaller@5.4.0: [96m9.14 MB[39m/[96m9.14 MB[39m, done
Progress: resolved [96m0[39m, reused [96m1[39m, downloaded [96m741[39m, added [96m662[39m
[2B[3APackages are hard linked from the content-addressable store to the virtual store.
  Content-addressable store is at: /root/.local/share/pnpm/store/v10
  Virtual store is at:             node_modules/.pnpm[0K
Progress: resolved [96m0[39m, reused [96m1[39m, downloaded [96m741[39m, added [96m662[39m
Downloading 7zip-bin@5.2.0: [96m3.27 kB[39m/[96m5.63 MB[39m
Downloading app-builder-bin@5.0.0-alpha.12: [96m11.47 kB[39m/[96m72.51 MB[39m
[3ADownloading 7zip-bin@5.2.0: [96m5.63 MB[39m/[96m5.63 MB[39m, done[0K
Progress: resolved [96m0[39m, reused [96m1[39m, downloaded [96m741[39m, added [96m662[39m
[1B[2ADownloading app-builder-bin@5.0.0-alpha.12: [96m72.51 MB[39m/[96m72.51 MB[39m, done
Progress: resolved [96m0[39m, reused [96m1[39m, downloaded [96m741[39m, added [96m662[39m[0K
[1AProgress: resolved [96m0[39m, reused [96m1[39m, downloaded [96m767[39m, added [96m679[39m
[1AProgress: resolved [96m0[39m, reused [96m1[39m, downloaded [96m808[39m, added [96m710[39m
[1AProgress: resolved [96m0[39m, reused [96m1[39m, downloaded [96m869[39m, added [96m786[39m
[1AProgress: resolved [96m0[39m, reused [96m1[39m, downloaded [96m930[39m, added [96m864[39m
[1AProgress: resolved [96m0[39m, reused [96m1[39m, downloaded [96m983[39m, added [96m966[39m
[1AProgress: resolved [96m0[39m, reused [96m1[39m, downloaded [96m1014[39m, added [96m1031[39m
[1AProgress: resolved [96m0[39m, reused [96m1[39m, downloaded [96m1014[39m, added [96m1096[39m
[1AProgress: resolved [96m0[39m, reused [96m1[39m, downloaded [96m1015[39m, added [96m1097[39m
[1AProgress: resolved [96m0[39m, reused [96m1[39m, downloaded [96m1016[39m, added [96m1097[39m
[1AProgress: resolved [96m0[39m, reused [96m1[39m, downloaded [96m1016[39m, added [96m1099[39m, done
[90mnode_modules/[39melectron: Running postinstall script...
[1A[90mnode_modules/[39melectron: Running postinstall script, done in 1.6s
. [96mpostinstall[39m$ 
[95m└─[39m [95mRunning...[39m
[1A[95m│[39m [0K
[95m└─[39m [95mRunning...[39m
[1A[95m│[39m [0K
[95m└─[39m [95mRunning...[39m
[1A[95m│[39m [0K
[95m└─[39m [95mRunning...[39m
[1A[95m│[39m [0K
[95m└─[39m [95mRunning...[39m
[1A[95m│[39m [0K
[95m└─[39m [95mRunning...[39m
[1A[95m│[39m [0K
[95m└─[39m [95mRunning...[39m
[1A[95m│[39m [0K
[95m└─[39m [95mRunning...[39m
[1A[95m│[39m [0K
[95m└─[39m [95mRunning...[39m
[1A[95m│[39m [0K
[95m└─[39m [95mRunning...[39m
[1A[95m│[39m [0K
[95m└─[39m [95mRunning...[39m
[11A[1 lines collapsed]
[9B[95m│[39m [0K
[95m└─[39m [95mRunning...[39m
[1C[12A2[2D[12B[1C[12A3[2D[12B[1A[95m└─[39m [95mDone in 545ms[39m
Done in 13.3s using pnpm v10.14.0
+ pnpm run build:unpack

> securedrop-app@1.7.0-rc1 build:unpack /srv/securedrop-client/app
> pnpm run build && electron-builder --dir


> securedrop-app@1.7.0-rc1 build /srv/securedrop-client/app
> electron-vite build

Building in production mode
Using main vars: {
  __RENDERER_ONLY__: [32m'false'[39m,
  __IS_PRODUCTION__: [32m'true'[39m,
  __PROXY_CMD__: [32m'""'[39m,
  __PROXY_ORIGIN__: [32m'""'[39m,
  __VITE_NONCE__: [32m'""'[39m
}
[36mvite v7.0.8 [32mbuilding SSR bundle for production...[36m[39m
[2K[1G[2K[1G[2K[1G[32m✓[39m 19 modules transformed.
[2K[1G[2K[1G[2K[1G[2mout/main/[22m[32mworker-xSqxdqOT.js  [39m[1m[2m108.69 kB[22m[1m[22m
[2mout/main/[22m[36mindex.js            [39m[1m[2m141.43 kB[22m[1m[22m[2m │ map: 289.76 kB[22m
[32m✓ built in 521ms[39m
[36mvite v7.0.8 [32mbuilding SSR bundle for production...[36m[39m
[2K[1G[2K[1G[32m✓[39m 1 modules transformed.
[2K[1G[2K[1G[2K[1G[2mout/preload/[22m[36mindex.js  [39m[1m[2m6.34 kB[22m[1m[22m[2m │ map: 12.59 kB[22m
[32m✓ built in 16ms[39m
[36mvite v7.0.8 [32mbuilding for production...[36m[39m
[2K[1G[2K[1G[2K[1G[2K[1G[2K[1G[2K[1G[2K[1G[2K[1G[2K[1G[2K[1G[2K[1G[2K[1G[2K[1G[2K[1G[2K[1G[2K[1G[2K[1G[2K[1G[2K[1G[2K[1G[2K[1G[2K[1G[2K[1G[2K[1G[2K[1G[2K[1G[2K[1G[2K[1G[2K[1G[2K[1G[2K[1G[2K[1G[2K[1G[2K[1G[2K[1G[2K[1G[2K[1G[2K[1G[2K[1G[2K[1G[2K[1G[2K[1G[2K[1G[2K[1G[2K[1G[2K[1G[2K[1G[2K[1G[2K[1G[2K[1G[2K[1G[2K[1G[2K[1G[2K[1G[2K[1G[2K[1G[2K[1G[2K[1G[2K[1G[2K[1G[2K[1G[2K[1G[2K[1G[2K[1G[2K[1G[2K[1G[2K[1G[2K[1G[2K[1G[2K[1G[2K[1G[2K[1G[2K[1G[2K[1G[2K[1G[2K[1G[2K[1G[2K[1G[2K[1G[2K[1G[2K[1G[2K[1G[2K[1G[2K[1G[2K[1G[2K[1G[2K[1G[2K[1G[2K[1G[2K[1G[2K[1G[2K[1G[2K[1G[2K[1G[2K[1G[2K[1G[2K[1G[2K[1G[2K[1G[2K[1G[2K[1G[2K[1G[2K[1G[2K[1G[2K[1G[2K[1G[2K[1G[2K[1G[2K[1G[2K[1G[2K[1G[2K[1G[2K[1G[2K[1G[2K[1G[2K[1G[2K[1G[2K[1G[2K[1G[2K[1G[2K[1G[2K[1G[2K[1G[2K[1G[2K[1G[2K[1G[2K[1G[2K[1G[2K[1G[2K[1G[2K[1G[2K[1G[2K[1G[2K[1G[2K[1G[2K[1G[2K[1G[2K[1G[2K[1G[2K[1G[2K[1G[2K[1G[2K[1G[2K[1G[2K[1G[2K[1G[2K[1G[2K[1G[2K[1G[2K[1G[2K[1G[2K[1G[2K[1G[2K[1G[2K[1G[2K[1G[2K[1G[2K[1G[2K[1G[2K[1G[2K[1G[2K[1G[2K[1G[2K[1G[2K[1G[2K[1G[2K[1G[2K[1G[2K[1G[2K[1G[2K[1G[2K[1G[2K[1G[2K[1G[2K[1G[2K[1G[2K[1G[2K[1G[2K[1G[2K[1G[2K[1G[2K[1G[2K[1G[2K[1G[2K[1G[2K[1G[2K[1G[2K[1G[2K[1G[2K[1G[2K[1G[2K[1G[2K[1G[2K[1G[2K[1G[2K[1G[2K[1G[2K[1G[2K[1G[2K[1G[2K[1G[2K[1G[2K[1G[2K[1G[2K[1G[2K[1G[2K[1G[2K[1G[2K[1G[2K[1G[2K[1G[2K[1G[2K[1G[2K[1G[2K[1G[2K[1G[2K[1G[2K[1G[2K[1G[2K[1G[2K[1G[2K[1G[2K[1G[2K[1G[2K[1G[2K[1G[2K[1G[2K[1G[2K[1G[2K[1G[2K[1G[2K[1G[2K[1G[2K[1G[2K[1G[2K[1G[2K[1G[2K[1G[2K[1G[2K[1G[2K[1G[2K[1G[2K[1G[2K[1G[2K[1G[2K[1G[2K[1G[2K[1G[2K[1G[2K[1G[2K[1G[2K[1G[2K[1G[2K[1G[2K[1G[2K[1G[2K[1G[2K[1G[2K[1G[2K[1G[2K[1G[2K[1G[2K[1G[2K[1G[2K[1G[2K[1G[2K[1G[2K[1G[2K[1G[2K[1G[2K[1G[2K[1G[2K[1G[2K[1G[2K[1G[2K[1G[2K[1G[2K[1G[2K[1G[2K[1G[2K[1G[2K[1G[2K[1G[2K[1G[2K[1G[2K[1G[2K[1G[2K[1G[2K[1G[2K[1G[2K[1G[2K[1G[2K[1G[2K[1G[2K[1G[2K[1G[2K[1G[2K[1G[2K[1G[2K[1G[2K[1G[2K[1G[2K[1G[2K[1G[2K[1G[2K[1G[2K[1G[2K[1G[2K[1G[2K[1G[2K[1G[2K[1G[2K[1G[2K[1G[2K[1G[2K[1G[2K[1G[2K[1G[2K[1G[2K[1G[2K[1G[2K[1G[2K[1G[2K[1G[2K[1G[2K[1G[2K[1G[2K[1G[2K[1G[2K[1G[2K[1G[2K[1G[2K[1G[2K[1G[2K[1G[2K[1G[2K[1G[2K[1G[2K[1G[2K[1G[2K[1G[2K[1G[2K[1G[2K[1G[2K[1G[2K[1G[2K[1G[2K[1G[2K[1G[2K[1G[2K[1G[2K[1G[2K[1G[2K[1G[2K[1G[2K[1G[2K[1G[2K[1G[2K[1G[2K[1G[2K[1G[2K[1G[2K[1G[2K[1G[2K[1G[2K[1G[2K[1G[2K[1G[2K[1G[2K[1G[2K[1G[2K[1G[2K[1G[2K[1G[2K[1G[2K[1G[2K[1G[2K[1G[2K[1G[2K[1G[2K[1G[2K[1G[2K[1G[2K[1G[2K[1G[2K[1G[2K[1G[2K[1G[2K[1G[2K[1G[2K[1G[2K[1G[2K[1G[2K[1G[2K[1G[2K[1G[2K[1G[2K[1G[2K[1G[2K[1G[2K[1G[2K[1G[2K[1G[2K[1G[2K[1G[2K[1G[2K[1G[2K[1G[2K[1G[2K[1G[2K[1G[2K[1G[2K[1G[2K[1G[2K[1G[2K[1G[2K[1G[2K[1G[2K[1G[2K[1G[2K[1G[2K[1G[2K[1G[2K[1G[2K[1G[2K[1G[2K[1G[2K[1G[2K[1G[2K[1G[2K[1G[2K[1G[2K[1G[2K[1G[2K[1G[2K[1G[2K[1G[2K[1G[2K[1G[2K[1G[2K[1G[2K[1G[2K[1G[2K[1G[2K[1G[2K[1G[2K[1G[2K[1G[2K[1G[2K[1G[2K[1G[2K[1G[2K[1G[2K[1G[2K[1G[2K[1G[2K[1G[2K[1G[2K[1G[2K[1G[2K[1G[2K[1G[2K[1G[2K[1G[2K[1G[2K[1G[2K[1G[2K[1G[2K[1G[2K[1G[2K[1G[2K[1G[2K[1G[2K[1G[2K[1G[2K[1G[2K[1G[2K[1G[2K[1G[2K[1G[2K[1G[2K[1G[2K[1G[2K[1G[2K[1G[2K[1G[2K[1G[2K[1G[2K[1G[2K[1G[2K[1G[2K[1G[2K[1G[2K[1G[2K[1G[2K[1G[2K[1G[2K[1G[2K[1G[2K[1G[2K[1G[2K[1G[2K[1G[2K[1G[2K[1G[2K[1G[2K[1G[2K[1G[2K[1G[2K[1G[2K[1G[2K[1G[2K[1G[2K[1G[2K[1G[2K[1G[2K[1G[2K[1G[2K[1G[2K[1G[2K[1G[2K[1G[2K[1G[2K[1G[2K[1G[2K[1G[32m✓[39m 4872 modules transformed.
[2K[1G[2K[1G[2K[1G[2m../../out/renderer/[22m[32mindex.html                              [39m[1m[2m    0.32 kB[22m[1m[22m
[2m../../out/renderer/[22m[2massets/[22m[32minbox-empty-state-DHAdWWN3.svg   [39m[1m[2m    3.91 kB[22m[1m[22m
[2m../../out/renderer/[22m[2massets/[22m[32mlogo-BQgemeIF.png                [39m[1m[2m   18.13 kB[22m[1m[22m
[2m../../out/renderer/[22m[2massets/[22m[32msign-in-background-DPb9oMgs.svg  [39m[1m[2m   24.41 kB[22m[1m[22m
[2m../../out/renderer/[22m[2massets/[22m[35mindex-CszgIEWQ.css               [39m[1m[2m   34.53 kB[22m[1m[22m
[2m../../out/renderer/[22m[2massets/[22m[36mindex-CeNctFUi.js                [39m[1m[33m2,318.38 kB[39m[22m[2m │ map: 4,782.19 kB[22m
[32m✓ built in 7.32s[39m
  [34m•[39m electron-builder  [34mversion[39m=26.15.3 [34mos[39m=6.17.0-1020-azure
  [34m•[39m loaded configuration  [34mfile[39m=/srv/securedrop-client/app/electron-builder.yml
  [34m•[39m detected workspace root for project using packageManager field  [34mpm[39m=pnpm [34mconfig[39m=pnpm@10.14.0+sha512.ad27a79641b49c3e481a16a805baa71817a04bbe06a38d17e60e2eaee83f6a146c6a688125f5792e48dd5ba30e7da52a5cda4c3992b9ccf333f9ce223af84748 [34mresolved[39m=/srv/securedrop-client/app [34mprojectDir[39m=/srv/securedrop-client/app
  [34m•[39m writing effective config  [34mfile[39m=dist/builder-effective-config.yaml
  [34m•[39m skipped dependencies rebuild  [34mreason[39m=npmRebuild is set to false
  [34m•[39m packaging       [34mplatform[39m=linux [34march[39m=x64 [34melectron[39m=41.10.3 [34mappOutDir[39m=dist/linux-unpacked
  [34m•[39m downloading     [34mlabel[39m=electron
[1A
[1G    [] 0% | electron[0K[1G    [] 100% | electron[0K
  [34m•[39m downloaded electron zip extracted successfully  [34moutput[39m=/srv/securedrop-client/app/dist/linux-unpacked
  [34m•[39m searching for node modules  [34mpm[39m=pnpm [34msearchDir[39m=/srv/securedrop-client/app
  [33m•[39m platform-specific optional dependencies not bundled — add them to your project's optionalDependencies if your app requires them (pnpm 10+ does not auto-install transitive platform binaries)  [33mdependencies[39m=["@dbmate/darwin-arm64@2.29.3","@dbmate/darwin-x64@2.29.3","@dbmate/linux-arm@2.29.3","@dbmate/linux-arm64@2.29.3","@dbmate/linux-ia32@2.29.3","@dbmate/win32-x64@2.29.3"]
  [34m•[39m executing @electron/fuses  [34melectronPath[39m=dist/linux-unpacked/securedrop-app
dh_auto_install
dh_apparmor --profile-name=usr.bin.securedrop-proxy -psecuredrop-proxy
make[1]: Leaving directory '/srv/securedrop-client'
   debian/rules override_dh_install
make[1]: Entering directory '/srv/securedrop-client'
dh_install
mv debian/securedrop-app/usr/lib/securedrop-app/linux-unpacked/* debian/securedrop-app/usr/lib/securedrop-app/
rmdir debian/securedrop-app/usr/lib/securedrop-app/linux-unpacked
rm -rf debian/securedrop-app/usr/lib/securedrop-app/resources/app.asar.unpacked/node_modules/better-sqlite3/deps/
rm -rf debian/securedrop-app/usr/lib/securedrop-app/resources/app.asar.unpacked/node_modules/better-sqlite3/src/
rm -rf debian/securedrop-app/usr/lib/securedrop-app/resources/app.asar.unpacked/node_modules/@dbmate/
install -Dm755 debian/securedrop-app-wrapper debian/securedrop-app/usr/bin/securedrop-app
make[1]: Leaving directory '/srv/securedrop-client'
   dh_installdocs
   dh_installchangelogs
   debian/rules override_dh_installsystemd
make[1]: Entering directory '/srv/securedrop-client'
dh_installsystemd --name securedrop-log-server
dh_installsystemd --name securedrop-logging-disabled
dh_installsystemd --name securedrop-get-secret-keys
dh_installsystemd --name securedrop-proxy-onion-config
dh_installsystemd --name securedrop-mime-handling
make[1]: Leaving directory '/srv/securedrop-client'
   dh_lintian
   dh_perl
   dh_link
   debian/rules override_dh_strip_nondeterminism
make[1]: Entering directory '/srv/securedrop-client'
find ./debian/ -type f -name '*.pyc' -delete
find ./debian/ -type d -name '__pycache__' -delete
find ./debian/ -type f -name 'pip-selfcheck.json' -delete
find ./debian/ -type f -name 'direct_url.json' -delete
find ./debian/ -type f -name 'RECORD' -delete
dh_strip_nondeterminism override_dh_strip_nondeterminism
make[1]: Leaving directory '/srv/securedrop-client'
   dh_compress
   debian/rules override_dh_fixperms
make[1]: Entering directory '/srv/securedrop-client'
dh_fixperms
chmod 4755 debian/securedrop-app/usr/lib/securedrop-app/chrome-sandbox
make[1]: Leaving directory '/srv/securedrop-client'
   dh_missing
   debian/rules override_dh_strip
make[1]: Entering directory '/srv/securedrop-client'
dh_strip --exclude=securedrop-app
make[1]: Leaving directory '/srv/securedrop-client'
   dh_makeshlibs
   debian/rules override_dh_shlibdeps
make[1]: Entering directory '/srv/securedrop-client'
dh_shlibdeps -psecuredrop-app -ldebian/securedrop-app/usr/lib/securedrop-app
[1mdpkg-shlibdeps: [0m[1;33mwarning[0m: diversions involved - output may be incorrect
 diversion by libc6 from: /lib64/ld-linux-x86-64.so.2
[1mdpkg-shlibdeps: [0m[1;33mwarning[0m: diversions involved - output may be incorrect
 diversion by libc6 to: /lib64/ld-linux-x86-64.so.2.usr-is-merged
[1mdpkg-shlibdeps: [0m[1;33mwarning[0m: can't extract name and version from library name 'libffmpeg.so'
[1mdpkg-shlibdeps: [0m[1;33mwarning[0m: can't extract name and version from library name 'libffmpeg.so'
[1mdpkg-shlibdeps: [0m[1;33mwarning[0m: can't extract name and version from library name 'libffmpeg.so'
[1mdpkg-shlibdeps: [0m[1;33mwarning[0m: debian/securedrop-app/usr/lib/securedrop-app/resources/app.asar.unpacked/node_modules/better-sqlite3/build/Release-electron/better_sqlite3.node contains an unresolvable reference to symbol _ZN2v86Object38SlowGetAlignedPointerFromInternalFieldEit: it's probably a plugin
[1mdpkg-shlibdeps: [0m[1;33mwarning[0m: 72 other similar warnings have been skipped (use -v to see them all)
dh_shlibdeps --remaining-packages --exclude=securedrop-app
[1mdpkg-shlibdeps: [0m[1;33mwarning[0m: diversions involved - output may be incorrect
 diversion by libc6 from: /lib64/ld-linux-x86-64.so.2
[1mdpkg-shlibdeps: [0m[1;33mwarning[0m: diversions involved - output may be incorrect
 diversion by libc6 to: /lib64/ld-linux-x86-64.so.2.usr-is-merged
make[1]: Leaving directory '/srv/securedrop-client'
   debian/rules override_dh_installdeb
make[1]: Entering directory '/srv/securedrop-client'
dh_installdeb
for pkg in `dh_listpackages`; do \
	cat /dev/null > /srv/securedrop-client/debian/$pkg/DEBIAN/conffiles; \
done
make[1]: Leaving directory '/srv/securedrop-client'
   dh_gencontrol
   dh_md5sums
   dh_builddeb
[1mdpkg-deb:[0m building package 'securedrop-keyring' in '../securedrop-keyring_1.7.0~rc1.dev20260805193300+trixie_all.deb'.
[1mdpkg-deb:[0m building package 'securedrop-proxy-dbgsym' in '../securedrop-proxy-dbgsym_1.7.0~rc1.dev20260805193300+trixie_amd64.deb'.
[1mdpkg-deb:[0m building package 'securedrop-app' in '../securedrop-app_1.7.0~rc1.dev20260805193300+trixie_amd64.deb'.
[1mdpkg-deb:[0m building package 'securedrop-log' in '../securedrop-log_1.7.0~rc1.dev20260805193300+trixie_all.deb'.
[1mdpkg-deb:[0m building package 'securedrop-proxy' in '../securedrop-proxy_1.7.0~rc1.dev20260805193300+trixie_amd64.deb'.
[1mdpkg-deb:[0m building package 'securedrop-workstation-config' in '../securedrop-workstation-config_1.7.0~rc1.dev20260805193300+trixie_all.deb'.
[1mdpkg-deb:[0m building package 'securedrop-workstation-viewer' in '../securedrop-workstation-viewer_1.7.0~rc1.dev20260805193300+trixie_all.deb'.
[1mdpkg-deb:[0m building package 'securedrop-export' in '../securedrop-export_1.7.0~rc1.dev20260805193300+trixie_all.deb'.
[1mdpkg-deb:[0m building package 'securedrop-gpg-config' in '../securedrop-gpg-config_1.7.0~rc1.dev20260805193300+trixie_all.deb'.
[1;35m dpkg-genbuildinfo -O../securedrop-client_1.7.0~rc1.dev20260805193300+trixie_amd64.buildinfo
[0m[1;35m dpkg-genchanges -O../securedrop-client_1.7.0~rc1.dev20260805193300+trixie_amd64.changes
[0m[1mdpkg-genchanges: [0m[32minfo[0m: including full source code in upload
[1;35m dpkg-source --after-build .
[0m[1mdpkg-source: [0m[32minfo[0m: using options from securedrop-client/debian/source/options: --compression=gzip --tar-ignore=build --tar-ignore=.* --tar-ignore=__pycache__ --tar-ignore=htmlcov --tar-ignore=target --tar-ignore=node_modules
[1mdpkg-buildpackage: [0m[32minfo[0m: full upload; Debian-native package (full source is included)
+ ls ../
securedrop-app_1.7.0~rc1.dev20260805193300+trixie_amd64.deb
securedrop-client
securedrop-client_1.7.0~rc1.dev20260805193300+trixie.dsc
securedrop-client_1.7.0~rc1.dev20260805193300+trixie.tar.gz
securedrop-client_1.7.0~rc1.dev20260805193300+trixie_amd64.buildinfo
securedrop-client_1.7.0~rc1.dev20260805193300+trixie_amd64.changes
securedrop-export_1.7.0~rc1.dev20260805193300+trixie_all.deb
securedrop-gpg-config_1.7.0~rc1.dev20260805193300+trixie_all.deb
securedrop-keyring_1.7.0~rc1.dev20260805193300+trixie_all.deb
securedrop-log_1.7.0~rc1.dev20260805193300+trixie_all.deb
securedrop-proxy-dbgsym_1.7.0~rc1.dev20260805193300+trixie_amd64.deb
securedrop-proxy_1.7.0~rc1.dev20260805193300+trixie_amd64.deb
securedrop-workstation-config_1.7.0~rc1.dev20260805193300+trixie_all.deb
securedrop-workstation-viewer_1.7.0~rc1.dev20260805193300+trixie_all.deb
+ mv -v ../securedrop-client_1.7.0~rc1.dev20260805193300+trixie_amd64.buildinfo ../securedrop-client_1.7.0~rc1.dev20260805193300+trixie_amd64.changes ../securedrop-app_1.7.0~rc1.dev20260805193300+trixie_amd64.deb ../securedrop-export_1.7.0~rc1.dev20260805193300+trixie_all.deb ../securedrop-gpg-config_1.7.0~rc1.dev20260805193300+trixie_all.deb ../securedrop-keyring_1.7.0~rc1.dev20260805193300+trixie_all.deb ../securedrop-log_1.7.0~rc1.dev20260805193300+trixie_all.deb ../securedrop-proxy-dbgsym_1.7.0~rc1.dev20260805193300+trixie_amd64.deb ../securedrop-proxy_1.7.0~rc1.dev20260805193300+trixie_amd64.deb ../securedrop-workstation-config_1.7.0~rc1.dev20260805193300+trixie_all.deb ../securedrop-workstation-viewer_1.7.0~rc1.dev20260805193300+trixie_all.deb ../securedrop-client_1.7.0~rc1.dev20260805193300+trixie.dsc ../securedrop-client_1.7.0~rc1.dev20260805193300+trixie.tar.gz /build/
copied '../securedrop-client_1.7.0~rc1.dev20260805193300+trixie_amd64.buildinfo' -> '/build/securedrop-client_1.7.0~rc1.dev20260805193300+trixie_amd64.buildinfo'
removed '../securedrop-client_1.7.0~rc1.dev20260805193300+trixie_amd64.buildinfo'
copied '../securedrop-client_1.7.0~rc1.dev20260805193300+trixie_amd64.changes' -> '/build/securedrop-client_1.7.0~rc1.dev20260805193300+trixie_amd64.changes'
removed '../securedrop-client_1.7.0~rc1.dev20260805193300+trixie_amd64.changes'
copied '../securedrop-app_1.7.0~rc1.dev20260805193300+trixie_amd64.deb' -> '/build/securedrop-app_1.7.0~rc1.dev20260805193300+trixie_amd64.deb'
removed '../securedrop-app_1.7.0~rc1.dev20260805193300+trixie_amd64.deb'
copied '../securedrop-export_1.7.0~rc1.dev20260805193300+trixie_all.deb' -> '/build/securedrop-export_1.7.0~rc1.dev20260805193300+trixie_all.deb'
removed '../securedrop-export_1.7.0~rc1.dev20260805193300+trixie_all.deb'
copied '../securedrop-gpg-config_1.7.0~rc1.dev20260805193300+trixie_all.deb' -> '/build/securedrop-gpg-config_1.7.0~rc1.dev20260805193300+trixie_all.deb'
removed '../securedrop-gpg-config_1.7.0~rc1.dev20260805193300+trixie_all.deb'
copied '../securedrop-keyring_1.7.0~rc1.dev20260805193300+trixie_all.deb' -> '/build/securedrop-keyring_1.7.0~rc1.dev20260805193300+trixie_all.deb'
removed '../securedrop-keyring_1.7.0~rc1.dev20260805193300+trixie_all.deb'
copied '../securedrop-log_1.7.0~rc1.dev20260805193300+trixie_all.deb' -> '/build/securedrop-log_1.7.0~rc1.dev20260805193300+trixie_all.deb'
removed '../securedrop-log_1.7.0~rc1.dev20260805193300+trixie_all.deb'
copied '../securedrop-proxy-dbgsym_1.7.0~rc1.dev20260805193300+trixie_amd64.deb' -> '/build/securedrop-proxy-dbgsym_1.7.0~rc1.dev20260805193300+trixie_amd64.deb'
removed '../securedrop-proxy-dbgsym_1.7.0~rc1.dev20260805193300+trixie_amd64.deb'
copied '../securedrop-proxy_1.7.0~rc1.dev20260805193300+trixie_amd64.deb' -> '/build/securedrop-proxy_1.7.0~rc1.dev20260805193300+trixie_amd64.deb'
removed '../securedrop-proxy_1.7.0~rc1.dev20260805193300+trixie_amd64.deb'
copied '../securedrop-workstation-config_1.7.0~rc1.dev20260805193300+trixie_all.deb' -> '/build/securedrop-workstation-config_1.7.0~rc1.dev20260805193300+trixie_all.deb'
removed '../securedrop-workstation-config_1.7.0~rc1.dev20260805193300+trixie_all.deb'
copied '../securedrop-workstation-viewer_1.7.0~rc1.dev20260805193300+trixie_all.deb' -> '/build/securedrop-workstation-viewer_1.7.0~rc1.dev20260805193300+trixie_all.deb'
removed '../securedrop-workstation-viewer_1.7.0~rc1.dev20260805193300+trixie_all.deb'
copied '../securedrop-client_1.7.0~rc1.dev20260805193300+trixie.dsc' -> '/build/securedrop-client_1.7.0~rc1.dev20260805193300+trixie.dsc'
removed '../securedrop-client_1.7.0~rc1.dev20260805193300+trixie.dsc'
copied '../securedrop-client_1.7.0~rc1.dev20260805193300+trixie.tar.gz' -> '/build/securedrop-client_1.7.0~rc1.dev20260805193300+trixie.tar.gz'
removed '../securedrop-client_1.7.0~rc1.dev20260805193300+trixie.tar.gz'
+ cd /build/
+ sha256sum ./securedrop-app_1.7.0~rc1.dev20260805193300+trixie_amd64.deb ./securedrop-client_1.7.0~rc1.dev20260805193300+trixie.dsc ./securedrop-client_1.7.0~rc1.dev20260805193300+trixie.tar.gz ./securedrop-client_1.7.0~rc1.dev20260805193300+trixie_amd64.buildinfo ./securedrop-client_1.7.0~rc1.dev20260805193300+trixie_amd64.changes ./securedrop-export_1.7.0~rc1.dev20260805193300+trixie_all.deb ./securedrop-gpg-config_1.7.0~rc1.dev20260805193300+trixie_all.deb ./securedrop-keyring_1.7.0~rc1.dev20260805193300+trixie_all.deb ./securedrop-log_1.7.0~rc1.dev20260805193300+trixie_all.deb ./securedrop-proxy-dbgsym_1.7.0~rc1.dev20260805193300+trixie_amd64.deb ./securedrop-proxy_1.7.0~rc1.dev20260805193300+trixie_amd64.deb ./securedrop-workstation-config_1.7.0~rc1.dev20260805193300+trixie_all.deb ./securedrop-workstation-viewer_1.7.0~rc1.dev20260805193300+trixie_all.deb
ebf6780fa41fc031f8716c30d9d2e6115139a54d3455c17d82427d096d9c7f2c  ./securedrop-app_1.7.0~rc1.dev20260805193300+trixie_amd64.deb
6b80ca3a5e9dc77fba192c67389faa592598cb534e30f8333532c0261656f038  ./securedrop-client_1.7.0~rc1.dev20260805193300+trixie.dsc
0909de4935f2bc0f3c16da7cede7e4afc1de1df39cbefcb8da686615b0732397  ./securedrop-client_1.7.0~rc1.dev20260805193300+trixie.tar.gz
f96ffdc8b35654bb897141b3b622399e1d7107ce62e3f00bf0973176668c4478  ./securedrop-client_1.7.0~rc1.dev20260805193300+trixie_amd64.buildinfo
340cf639fc276531bc70fa52751d41a49bf795f9447a75f05af31d3003d6a721  ./securedrop-client_1.7.0~rc1.dev20260805193300+trixie_amd64.changes
a1d1369d1d516ea8ffbb9996799b909006405016bbbe02dac1c16976e2ab0b24  ./securedrop-export_1.7.0~rc1.dev20260805193300+trixie_all.deb
875977a827aafca8227736d378edd63504d806dd0cdf8746c8c9062627c1b9e5  ./securedrop-gpg-config_1.7.0~rc1.dev20260805193300+trixie_all.deb
604fed11c95ffc053ea4e139bd818d8eca81bb0f33a9dd647b69a6122c10fab4  ./securedrop-keyring_1.7.0~rc1.dev20260805193300+trixie_all.deb
bbd31e3f9aa79caab179e76c37e95407c215eaeda2d7e90b01cfd0919e981fe8  ./securedrop-log_1.7.0~rc1.dev20260805193300+trixie_all.deb
adf03bc9562358a4f40b39a44975be9137323bff1c29a76f0a9638818955c79c  ./securedrop-proxy-dbgsym_1.7.0~rc1.dev20260805193300+trixie_amd64.deb
e75486f817af07374eeacb16ecb29e89ad96b76106fff833a83a41d6212d0d38  ./securedrop-proxy_1.7.0~rc1.dev20260805193300+trixie_amd64.deb
9f829e835eacec8b47b7b38a562f3a344bf369f0e60d1ba0aecc214320161a84  ./securedrop-workstation-config_1.7.0~rc1.dev20260805193300+trixie_all.deb
283df7b1168f8033a13f1beaf2dc6bc26acacb02c01e0a88b583a402fd5fc98f  ./securedrop-workstation-viewer_1.7.0~rc1.dev20260805193300+trixie_all.deb
+ ls /tmp/tmp.yj0agFZF2p
securedrop-app_1.7.0~rc1.dev20260805193300+trixie_amd64.deb
securedrop-client_1.7.0~rc1.dev20260805193300+trixie.dsc
securedrop-client_1.7.0~rc1.dev20260805193300+trixie.tar.gz
securedrop-client_1.7.0~rc1.dev20260805193300+trixie_amd64.buildinfo
securedrop-client_1.7.0~rc1.dev20260805193300+trixie_amd64.changes
securedrop-export_1.7.0~rc1.dev20260805193300+trixie_all.deb
securedrop-gpg-config_1.7.0~rc1.dev20260805193300+trixie_all.deb
securedrop-keyring_1.7.0~rc1.dev20260805193300+trixie_all.deb
securedrop-log_1.7.0~rc1.dev20260805193300+trixie_all.deb
securedrop-proxy-dbgsym_1.7.0~rc1.dev20260805193300+trixie_amd64.deb
securedrop-proxy_1.7.0~rc1.dev20260805193300+trixie_amd64.deb
securedrop-workstation-config_1.7.0~rc1.dev20260805193300+trixie_all.deb
securedrop-workstation-viewer_1.7.0~rc1.dev20260805193300+trixie_all.deb
+ mkdir -p build
+ cp /tmp/tmp.yj0agFZF2p/securedrop-app_1.7.0~rc1.dev20260805193300+trixie_amd64.deb /tmp/tmp.yj0agFZF2p/securedrop-client_1.7.0~rc1.dev20260805193300+trixie.dsc /tmp/tmp.yj0agFZF2p/securedrop-client_1.7.0~rc1.dev20260805193300+trixie.tar.gz /tmp/tmp.yj0agFZF2p/securedrop-client_1.7.0~rc1.dev20260805193300+trixie_amd64.buildinfo /tmp/tmp.yj0agFZF2p/securedrop-client_1.7.0~rc1.dev20260805193300+trixie_amd64.changes /tmp/tmp.yj0agFZF2p/securedrop-export_1.7.0~rc1.dev20260805193300+trixie_all.deb /tmp/tmp.yj0agFZF2p/securedrop-gpg-config_1.7.0~rc1.dev20260805193300+trixie_all.deb /tmp/tmp.yj0agFZF2p/securedrop-keyring_1.7.0~rc1.dev20260805193300+trixie_all.deb /tmp/tmp.yj0agFZF2p/securedrop-log_1.7.0~rc1.dev20260805193300+trixie_all.deb /tmp/tmp.yj0agFZF2p/securedrop-proxy-dbgsym_1.7.0~rc1.dev20260805193300+trixie_amd64.deb /tmp/tmp.yj0agFZF2p/securedrop-proxy_1.7.0~rc1.dev20260805193300+trixie_amd64.deb /tmp/tmp.yj0agFZF2p/securedrop-workstation-config_1.7.0~rc1.dev20260805193300+trixie_all.deb /tmp/tmp.yj0agFZF2p/securedrop-workstation-viewer_1.7.0~rc1.dev20260805193300+trixie_all.deb build/
+ [[ -z '' ]]
+ CONTAINER2=fpf.local/sd-client-lintian-trixie
+ docker build scripts/lintian -t fpf.local/sd-client-lintian-trixie --build-arg DISTRO=trixie
[1A[1B[0G[?25l[+] Building 0.0s (0/1)                                          docker:default
[?25h[1A[0G[?25l[+] Building 0.2s (1/2)                                          docker:default
[34m => [internal] load build definition from Dockerfile                       0.0s
[0m[34m => => transferring dockerfile: 153B                                       0.0s
[0m => [internal] load metadata for docker.io/library/debian:trixie           0.2s
[?25h[1A[1A[1A[1A[0G[?25l[+] Building 0.2s (2/2)                                          docker:default
[34m => [internal] load build definition from Dockerfile                       0.0s
[0m[34m => => transferring dockerfile: 153B                                       0.0s
[0m[34m => [internal] load metadata for docker.io/library/debian:trixie           0.2s
[0m[?25h[1A[1A[1A[1A[0G[?25l[+] Building 0.4s (4/5)                                          docker:default
[34m => [internal] load build definition from Dockerfile                       0.0s
[0m[34m => => transferring dockerfile: 153B                                       0.0s
[0m[34m => [internal] load metadata for docker.io/library/debian:trixie           0.2s
[0m[34m => [internal] load .dockerignore                                          0.0s
[0m[34m => => transferring context: 2B                                            0.0s
[0m[34m => CACHED [1/2] FROM docker.io/library/debian:trixie@sha256:34cd9e9fd437  0.0s
[0m => [2/2] RUN apt-get update && apt-get --yes upgrade && apt-get install   0.2s
[?25h[1A[1A[1A[1A[1A[1A[1A[1A[0G[?25l[+] Building 0.4s (4/5)                                          docker:default
[34m => [internal] load build definition from Dockerfile                       0.0s
[0m[34m => => transferring dockerfile: 153B                                       0.0s
[0m[34m => [internal] load metadata for docker.io/library/debian:trixie           0.2s
[0m[34m => [internal] load .dockerignore                                          0.0s
[0m[34m => => transferring context: 2B                                            0.0s
[0m[34m => CACHED [1/2] FROM docker.io/library/debian:trixie@sha256:34cd9e9fd437  0.0s
[0m => [2/2] RUN apt-get update && apt-get --yes upgrade && apt-get install   0.2s
[?25h[1A[1A[1A[1A[1A[1A[1A[1A[0G[?25l[+] Building 0.5s (4/5)                                          docker:default
[34m => [internal] load build definition from Dockerfile                       0.0s
[0m[34m => => transferring dockerfile: 153B                                       0.0s
[0m[34m => [internal] load metadata for docker.io/library/debian:trixie           0.2s
[0m[34m => [internal] load .dockerignore                                          0.0s
[0m[34m => => transferring context: 2B                                            0.0s
[0m[34m => CACHED [1/2] FROM docker.io/library/debian:trixie@sha256:34cd9e9fd437  0.0s
[0m => [2/2] RUN apt-get update && apt-get --yes upgrade && apt-get install   0.3s
[?25h[1A[1A[1A[1A[1A[1A[1A[1A[0G[?25l[+] Building 0.6s (4/5)                                          docker:default
[34m => [internal] load build definition from Dockerfile                       0.0s
[0m[34m => => transferring dockerfile: 153B                                       0.0s
[0m[34m => [internal] load metadata for docker.io/library/debian:trixie           0.2s
[0m[34m => [internal] load .dockerignore                                          0.0s
[0m[34m => => transferring context: 2B                                            0.0s
[0m[34m => CACHED [1/2] FROM docker.io/library/debian:trixie@sha256:34cd9e9fd437  0.0s
[0m => [2/2] RUN apt-get update && apt-get --yes upgrade && apt-get install   0.4s
[?25h[1A[1A[1A[1A[1A[1A[1A[1A[0G[?25l[+] Building 0.8s (4/5)                                          docker:default
[34m => [internal] load build definition from Dockerfile                       0.0s
[0m[34m => => transferring dockerfile: 153B                                       0.0s
[0m[34m => [internal] load metadata for docker.io/library/debian:trixie           0.2s
[0m[34m => [internal] load .dockerignore                                          0.0s
[0m[34m => => transferring context: 2B                                            0.0s
[0m[34m => CACHED [1/2] FROM docker.io/library/debian:trixie@sha256:34cd9e9fd437  0.0s
[0m => [2/2] RUN apt-get update && apt-get --yes upgrade && apt-get install   0.6s
[?25h[1A[1A[1A[1A[1A[1A[1A[1A[0G[?25l[+] Building 0.9s (4/5)                                          docker:default
[34m => [internal] load build definition from Dockerfile                       0.0s
[0m[34m => => transferring dockerfile: 153B                                       0.0s
[0m[34m => [internal] load metadata for docker.io/library/debian:trixie           0.2s
[0m[34m => [internal] load .dockerignore                                          0.0s
[0m[34m => => transferring context: 2B                                            0.0s
[0m[34m => CACHED [1/2] FROM docker.io/library/debian:trixie@sha256:34cd9e9fd437  0.0s
[0m => [2/2] RUN apt-get update && apt-get --yes upgrade && apt-get install   0.7s
[?25h[1A[1A[1A[1A[1A[1A[1A[1A[0G[?25l[+] Building 1.0s (4/5)                                          docker:default
[34m => [internal] load build definition from Dockerfile                       0.0s
[0m[34m => => transferring dockerfile: 153B                                       0.0s
[0m[34m => [internal] load metadata for docker.io/library/debian:trixie           0.2s
[0m[34m => [internal] load .dockerignore                                          0.0s
[0m[34m => => transferring context: 2B                                            0.0s
[0m[34m => CACHED [1/2] FROM docker.io/library/debian:trixie@sha256:34cd9e9fd437  0.0s
[0m => [2/2] RUN apt-get update && apt-get --yes upgrade && apt-get install   0.8s
[?25h[1A[1A[1A[1A[1A[1A[1A[1A[0G[?25l[+] Building 1.2s (4/5)                                          docker:default
[34m => [internal] load build definition from Dockerfile                       0.0s
[0m[34m => => transferring dockerfile: 153B                                       0.0s
[0m[34m => [internal] load metadata for docker.io/library/debian:trixie           0.2s
[0m[34m => [internal] load .dockerignore                                          0.0s
[0m[34m => => transferring context: 2B                                            0.0s
[0m[34m => CACHED [1/2] FROM docker.io/library/debian:trixie@sha256:34cd9e9fd437  0.0s
[0m => [2/2] RUN apt-get update && apt-get --yes upgrade && apt-get install   0.9s
[?25h[1A[1A[1A[1A[1A[1A[1A[1A[0G[?25l[+] Building 1.3s (4/5)                                          docker:default
[34m => [internal] load build definition from Dockerfile                       0.0s
[0m[34m => => transferring dockerfile: 153B                                       0.0s
[0m[34m => [internal] load metadata for docker.io/library/debian:trixie           0.2s
[0m[34m => [internal] load .dockerignore                                          0.0s
[0m[34m => => transferring context: 2B                                            0.0s
[0m[34m => CACHED [1/2] FROM docker.io/library/debian:trixie@sha256:34cd9e9fd437  0.0s
[0m => [2/2] RUN apt-get update && apt-get --yes upgrade && apt-get install   1.1s
[?25h[1A[1A[1A[1A[1A[1A[1A[1A[0G[?25l[+] Building 1.5s (4/5)                                          docker:default
[34m => [internal] load build definition from Dockerfile                       0.0s
[0m[34m => => transferring dockerfile: 153B                                       0.0s
[0m[34m => [internal] load metadata for docker.io/library/debian:trixie           0.2s
[0m[34m => [internal] load .dockerignore                                          0.0s
[0m[34m => => transferring context: 2B                                            0.0s
[0m[34m => CACHED [1/2] FROM docker.io/library/debian:trixie@sha256:34cd9e9fd437  0.0s
[0m => [2/2] RUN apt-get update && apt-get --yes upgrade && apt-get install   1.2s
[?25h[1A[1A[1A[1A[1A[1A[1A[1A[0G[?25l[+] Building 1.6s (4/5)                                          docker:default
[34m => [internal] load build definition from Dockerfile                       0.0s
[0m[34m => => transferring dockerfile: 153B                                       0.0s
[0m[34m => [internal] load metadata for docker.io/library/debian:trixie           0.2s
[0m[34m => [internal] load .dockerignore                                          0.0s
[0m[34m => => transferring context: 2B                                            0.0s
[0m[34m => CACHED [1/2] FROM docker.io/library/debian:trixie@sha256:34cd9e9fd437  0.0s
[0m => [2/2] RUN apt-get update && apt-get --yes upgrade && apt-get install   1.4s
[?25h[1A[1A[1A[1A[1A[1A[1A[1A[0G[?25l[+] Building 1.7s (4/5)                                          docker:default
[34m => [internal] load build definition from Dockerfile                       0.0s
[0m[34m => => transferring dockerfile: 153B                                       0.0s
[0m[34m => [internal] load metadata for docker.io/library/debian:trixie           0.2s
[0m[34m => [internal] load .dockerignore                                          0.0s
[0m[34m => => transferring context: 2B                                            0.0s
[0m[34m => CACHED [1/2] FROM docker.io/library/debian:trixie@sha256:34cd9e9fd437  0.0s
[0m => [2/2] RUN apt-get update && apt-get --yes upgrade && apt-get install   1.5s
[?25h[1A[1A[1A[1A[1A[1A[1A[1A[0G[?25l[+] Building 1.9s (4/5)                                          docker:default
[34m => [internal] load build definition from Dockerfile                       0.0s
[0m[34m => => transferring dockerfile: 153B                                       0.0s
[0m[34m => [internal] load metadata for docker.io/library/debian:trixie           0.2s
[0m[34m => [internal] load .dockerignore                                          0.0s
[0m[34m => => transferring context: 2B                                            0.0s
[0m[34m => CACHED [1/2] FROM docker.io/library/debian:trixie@sha256:34cd9e9fd437  0.0s
[0m => [2/2] RUN apt-get update && apt-get --yes upgrade && apt-get install   1.6s
[?25h[1A[1A[1A[1A[1A[1A[1A[1A[0G[?25l[+] Building 2.0s (4/5)                                          docker:default
[34m => [internal] load build definition from Dockerfile                       0.0s
[0m[34m => => transferring dockerfile: 153B                                       0.0s
[0m[34m => [internal] load metadata for docker.io/library/debian:trixie           0.2s
[0m[34m => [internal] load .dockerignore                                          0.0s
[0m[34m => => transferring context: 2B                                            0.0s
[0m[34m => CACHED [1/2] FROM docker.io/library/debian:trixie@sha256:34cd9e9fd437  0.0s
[0m => [2/2] RUN apt-get update && apt-get --yes upgrade && apt-get install   1.8s
[?25h[1A[1A[1A[1A[1A[1A[1A[1A[0G[?25l[+] Building 2.2s (4/5)                                          docker:default
[34m => [internal] load build definition from Dockerfile                       0.0s
[0m[34m => => transferring dockerfile: 153B                                       0.0s
[0m[34m => [internal] load metadata for docker.io/library/debian:trixie           0.2s
[0m[34m => [internal] load .dockerignore                                          0.0s
[0m[34m => => transferring context: 2B                                            0.0s
[0m[34m => CACHED [1/2] FROM docker.io/library/debian:trixie@sha256:34cd9e9fd437  0.0s
[0m => [2/2] RUN apt-get update && apt-get --yes upgrade && apt-get install   1.9s
[?25h[1A[1A[1A[1A[1A[1A[1A[1A[0G[?25l[+] Building 2.2s (4/5)                                          docker:default
[34m => [internal] load build definition from Dockerfile                       0.0s
[0m[34m => => transferring dockerfile: 153B                                       0.0s
[0m[34m => [internal] load metadata for docker.io/library/debian:trixie           0.2s
[0m[34m => [internal] load .dockerignore                                          0.0s
[0m[34m => => transferring context: 2B                                            0.0s
[0m[34m => CACHED [1/2] FROM docker.io/library/debian:trixie@sha256:34cd9e9fd437  0.0s
[0m => [2/2] RUN apt-get update && apt-get --yes upgrade && apt-get install   2.0s
[?25h[1A[1A[1A[1A[1A[1A[1A[1A[0G[?25l[+] Building 2.4s (4/5)                                          docker:default
[34m => [internal] load build definition from Dockerfile                       0.0s
[0m[34m => => transferring dockerfile: 153B                                       0.0s
[0m[34m => [internal] load metadata for docker.io/library/debian:trixie           0.2s
[0m[34m => [internal] load .dockerignore                                          0.0s
[0m[34m => => transferring context: 2B                                            0.0s
[0m[34m => CACHED [1/2] FROM docker.io/library/debian:trixie@sha256:34cd9e9fd437  0.0s
[0m => [2/2] RUN apt-get update && apt-get --yes upgrade && apt-get install   2.1s
[?25h[1A[1A[1A[1A[1A[1A[1A[1A[0G[?25l[+] Building 2.5s (4/5)                                          docker:default
[34m => [internal] load build definition from Dockerfile                       0.0s
[0m[34m => => transferring dockerfile: 153B                                       0.0s
[0m[34m => [internal] load metadata for docker.io/library/debian:trixie           0.2s
[0m[34m => [internal] load .dockerignore                                          0.0s
[0m[34m => => transferring context: 2B                                            0.0s
[0m[34m => CACHED [1/2] FROM docker.io/library/debian:trixie@sha256:34cd9e9fd437  0.0s
[0m => [2/2] RUN apt-get update && apt-get --yes upgrade && apt-get install   2.3s
[?25h[1A[1A[1A[1A[1A[1A[1A[1A[0G[?25l[+] Building 2.7s (4/5)                                          docker:default
[34m => [internal] load build definition from Dockerfile                       0.0s
[0m[34m => => transferring dockerfile: 153B                                       0.0s
[0m[34m => [internal] load metadata for docker.io/library/debian:trixie           0.2s
[0m[34m => [internal] load .dockerignore                                          0.0s
[0m[34m => => transferring context: 2B                                            0.0s
[0m[34m => CACHED [1/2] FROM docker.io/library/debian:trixie@sha256:34cd9e9fd437  0.0s
[0m => [2/2] RUN apt-get update && apt-get --yes upgrade && apt-get install   2.4s
[?25h[1A[1A[1A[1A[1A[1A[1A[1A[0G[?25l[+] Building 2.7s (4/5)                                          docker:default
[34m => [internal] load build definition from Dockerfile                       0.0s
[0m[34m => => transferring dockerfile: 153B                                       0.0s
[0m[34m => [internal] load metadata for docker.io/library/debian:trixie           0.2s
[0m[34m => [internal] load .dockerignore                                          0.0s
[0m[34m => => transferring context: 2B                                            0.0s
[0m[34m => CACHED [1/2] FROM docker.io/library/debian:trixie@sha256:34cd9e9fd437  0.0s
[0m => [2/2] RUN apt-get update && apt-get --yes upgrade && apt-get install   2.5s
[?25h[1A[1A[1A[1A[1A[1A[1A[1A[0G[?25l[+] Building 2.9s (4/5)                                          docker:default
[34m => [internal] load build definition from Dockerfile                       0.0s
[0m[34m => => transferring dockerfile: 153B                                       0.0s
[0m[34m => [internal] load metadata for docker.io/library/debian:trixie           0.2s
[0m[34m => [internal] load .dockerignore                                          0.0s
[0m[34m => => transferring context: 2B                                            0.0s
[0m[34m => CACHED [1/2] FROM docker.io/library/debian:trixie@sha256:34cd9e9fd437  0.0s
[0m => [2/2] RUN apt-get update && apt-get --yes upgrade && apt-get install   2.6s
[?25h[1A[1A[1A[1A[1A[1A[1A[1A[0G[?25l[+] Building 3.0s (4/5)                                          docker:default
[34m => [internal] load build definition from Dockerfile                       0.0s
[0m[34m => => transferring dockerfile: 153B                                       0.0s
[0m[34m => [internal] load metadata for docker.io/library/debian:trixie           0.2s
[0m[34m => [internal] load .dockerignore                                          0.0s
[0m[34m => => transferring context: 2B                                            0.0s
[0m[34m => CACHED [1/2] FROM docker.io/library/debian:trixie@sha256:34cd9e9fd437  0.0s
[0m => [2/2] RUN apt-get update && apt-get --yes upgrade && apt-get install   2.8s
[?25h[1A[1A[1A[1A[1A[1A[1A[1A[0G[?25l[+] Building 3.2s (4/5)                                          docker:default
[34m => [internal] load build definition from Dockerfile                       0.0s
[0m[34m => => transferring dockerfile: 153B                                       0.0s
[0m[34m => [internal] load metadata for docker.io/library/debian:trixie           0.2s
[0m[34m => [internal] load .dockerignore                                          0.0s
[0m[34m => => transferring context: 2B                                            0.0s
[0m[34m => CACHED [1/2] FROM docker.io/library/debian:trixie@sha256:34cd9e9fd437  0.0s
[0m => [2/2] RUN apt-get update && apt-get --yes upgrade && apt-get install   3.0s
[?25h[1A[1A[1A[1A[1A[1A[1A[1A[0G[?25l[+] Building 3.4s (4/5)                                          docker:default
[34m => [internal] load build definition from Dockerfile                       0.0s
[0m[34m => => transferring dockerfile: 153B                                       0.0s
[0m[34m => [internal] load metadata for docker.io/library/debian:trixie           0.2s
[0m[34m => [internal] load .dockerignore                                          0.0s
[0m[34m => => transferring context: 2B                                            0.0s
[0m[34m => CACHED [1/2] FROM docker.io/library/debian:trixie@sha256:34cd9e9fd437  0.0s
[0m => [2/2] RUN apt-get update && apt-get --yes upgrade && apt-get install   3.1s
[?25h[1A[1A[1A[1A[1A[1A[1A[1A[0G[?25l[+] Building 3.5s (4/5)                                          docker:default
[34m => [internal] load build definition from Dockerfile                       0.0s
[0m[34m => => transferring dockerfile: 153B                                       0.0s
[0m[34m => [internal] load metadata for docker.io/library/debian:trixie           0.2s
[0m[34m => [internal] load .dockerignore                                          0.0s
[0m[34m => => transferring context: 2B                                            0.0s
[0m[34m => CACHED [1/2] FROM docker.io/library/debian:trixie@sha256:34cd9e9fd437  0.0s
[0m => [2/2] RUN apt-get update && apt-get --yes upgrade && apt-get install   3.3s
[?25h[1A[1A[1A[1A[1A[1A[1A[1A[0G[?25l[+] Building 3.5s (4/5)                                          docker:default
[34m => [internal] load build definition from Dockerfile                       0.0s
[0m[34m => => transferring dockerfile: 153B                                       0.0s
[0m[34m => [internal] load metadata for docker.io/library/debian:trixie           0.2s
[0m[34m => [internal] load .dockerignore                                          0.0s
[0m[34m => => transferring context: 2B                                            0.0s
[0m[34m => CACHED [1/2] FROM docker.io/library/debian:trixie@sha256:34cd9e9fd437  0.0s
[0m => [2/2] RUN apt-get update && apt-get --yes upgrade && apt-get install   3.3s
[?25h[1A[1A[1A[1A[1A[1A[1A[1A[0G[?25l[+] Building 3.7s (4/5)                                          docker:default
[34m => [internal] load build definition from Dockerfile                       0.0s
[0m[34m => => transferring dockerfile: 153B                                       0.0s
[0m[34m => [internal] load metadata for docker.io/library/debian:trixie           0.2s
[0m[34m => [internal] load .dockerignore                                          0.0s
[0m[34m => => transferring context: 2B                                            0.0s
[0m[34m => CACHED [1/2] FROM docker.io/library/debian:trixie@sha256:34cd9e9fd437  0.0s
[0m => [2/2] RUN apt-get update && apt-get --yes upgrade && apt-get install   3.5s
[?25h[1A[1A[1A[1A[1A[1A[1A[1A[0G[?25l[+] Building 3.8s (4/5)                                          docker:default
[34m => [internal] load build definition from Dockerfile                       0.0s
[0m[34m => => transferring dockerfile: 153B                                       0.0s
[0m[34m => [internal] load metadata for docker.io/library/debian:trixie           0.2s
[0m[34m => [internal] load .dockerignore                                          0.0s
[0m[34m => => transferring context: 2B                                            0.0s
[0m[34m => CACHED [1/2] FROM docker.io/library/debian:trixie@sha256:34cd9e9fd437  0.0s
[0m => [2/2] RUN apt-get update && apt-get --yes upgrade && apt-get install   3.6s
[?25h[1A[1A[1A[1A[1A[1A[1A[1A[0G[?25l[+] Building 3.8s (4/5)                                          docker:default
[34m => [internal] load build definition from Dockerfile                       0.0s
[0m[34m => => transferring dockerfile: 153B                                       0.0s
[0m[34m => [internal] load metadata for docker.io/library/debian:trixie           0.2s
[0m[34m => [internal] load .dockerignore                                          0.0s
[0m[34m => => transferring context: 2B                                            0.0s
[0m[34m => CACHED [1/2] FROM docker.io/library/debian:trixie@sha256:34cd9e9fd437  0.0s
[0m => [2/2] RUN apt-get update && apt-get --yes upgrade && apt-get install   3.6s
[?25h[1A[1A[1A[1A[1A[1A[1A[1A[0G[?25l[+] Building 4.0s (4/5)                                          docker:default
[34m => [internal] load build definition from Dockerfile                       0.0s
[0m[34m => => transferring dockerfile: 153B                                       0.0s
[0m[34m => [internal] load metadata for docker.io/library/debian:trixie           0.2s
[0m[34m => [internal] load .dockerignore                                          0.0s
[0m[34m => => transferring context: 2B                                            0.0s
[0m[34m => CACHED [1/2] FROM docker.io/library/debian:trixie@sha256:34cd9e9fd437  0.0s
[0m => [2/2] RUN apt-get update && apt-get --yes upgrade && apt-get install   3.8s
[?25h[1A[1A[1A[1A[1A[1A[1A[1A[0G[?25l[+] Building 4.1s (4/5)                                          docker:default
[34m => [internal] load build definition from Dockerfile                       0.0s
[0m[34m => => transferring dockerfile: 153B                                       0.0s
[0m[34m => [internal] load metadata for docker.io/library/debian:trixie           0.2s
[0m[34m => [internal] load .dockerignore                                          0.0s
[0m[34m => => transferring context: 2B                                            0.0s
[0m[34m => CACHED [1/2] FROM docker.io/library/debian:trixie@sha256:34cd9e9fd437  0.0s
[0m => [2/2] RUN apt-get update && apt-get --yes upgrade && apt-get install   3.9s
[?25h[1A[1A[1A[1A[1A[1A[1A[1A[0G[?25l[+] Building 4.3s (4/5)                                          docker:default
[34m => [internal] load build definition from Dockerfile                       0.0s
[0m[34m => => transferring dockerfile: 153B                                       0.0s
[0m[34m => [internal] load metadata for docker.io/library/debian:trixie           0.2s
[0m[34m => [internal] load .dockerignore                                          0.0s
[0m[34m => => transferring context: 2B                                            0.0s
[0m[34m => CACHED [1/2] FROM docker.io/library/debian:trixie@sha256:34cd9e9fd437  0.0s
[0m => [2/2] RUN apt-get update && apt-get --yes upgrade && apt-get install   4.1s
[?25h[1A[1A[1A[1A[1A[1A[1A[1A[0G[?25l[+] Building 4.4s (4/5)                                          docker:default
[34m => [internal] load build definition from Dockerfile                       0.0s
[0m[34m => => transferring dockerfile: 153B                                       0.0s
[0m[34m => [internal] load metadata for docker.io/library/debian:trixie           0.2s
[0m[34m => [internal] load .dockerignore                                          0.0s
[0m[34m => => transferring context: 2B                                            0.0s
[0m[34m => CACHED [1/2] FROM docker.io/library/debian:trixie@sha256:34cd9e9fd437  0.0s
[0m => [2/2] RUN apt-get update && apt-get --yes upgrade && apt-get install   4.2s
[?25h[1A[1A[1A[1A[1A[1A[1A[1A[0G[?25l[+] Building 4.6s (4/5)                                          docker:default
[34m => [internal] load build definition from Dockerfile                       0.0s
[0m[34m => => transferring dockerfile: 153B                                       0.0s
[0m[34m => [internal] load metadata for docker.io/library/debian:trixie           0.2s
[0m[34m => [internal] load .dockerignore                                          0.0s
[0m[34m => => transferring context: 2B                                            0.0s
[0m[34m => CACHED [1/2] FROM docker.io/library/debian:trixie@sha256:34cd9e9fd437  0.0s
[0m => [2/2] RUN apt-get update && apt-get --yes upgrade && apt-get install   4.4s
[?25h[1A[1A[1A[1A[1A[1A[1A[1A[0G[?25l[+] Building 4.7s (4/5)                                          docker:default
[34m => [internal] load build definition from Dockerfile                       0.0s
[0m[34m => => transferring dockerfile: 153B                                       0.0s
[0m[34m => [internal] load metadata for docker.io/library/debian:trixie           0.2s
[0m[34m => [internal] load .dockerignore                                          0.0s
[0m[34m => => transferring context: 2B                                            0.0s
[0m[34m => CACHED [1/2] FROM docker.io/library/debian:trixie@sha256:34cd9e9fd437  0.0s
[0m => [2/2] RUN apt-get update && apt-get --yes upgrade && apt-get install   4.5s
[?25h[1A[1A[1A[1A[1A[1A[1A[1A[0G[?25l[+] Building 4.8s (4/5)                                          docker:default
[34m => [internal] load build definition from Dockerfile                       0.0s
[0m[34m => => transferring dockerfile: 153B                                       0.0s
[0m[34m => [internal] load metadata for docker.io/library/debian:trixie           0.2s
[0m[34m => [internal] load .dockerignore                                          0.0s
[0m[34m => => transferring context: 2B                                            0.0s
[0m[34m => CACHED [1/2] FROM docker.io/library/debian:trixie@sha256:34cd9e9fd437  0.0s
[0m => [2/2] RUN apt-get update && apt-get --yes upgrade && apt-get install   4.6s
[?25h[1A[1A[1A[1A[1A[1A[1A[1A[0G[?25l[+] Building 4.9s (4/5)                                          docker:default
[34m => [internal] load build definition from Dockerfile                       0.0s
[0m[34m => => transferring dockerfile: 153B                                       0.0s
[0m[34m => [internal] load metadata for docker.io/library/debian:trixie           0.2s
[0m[34m => [internal] load .dockerignore                                          0.0s
[0m[34m => => transferring context: 2B                                            0.0s
[0m[34m => CACHED [1/2] FROM docker.io/library/debian:trixie@sha256:34cd9e9fd437  0.0s
[0m => [2/2] RUN apt-get update && apt-get --yes upgrade && apt-get install   4.7s
[?25h[1A[1A[1A[1A[1A[1A[1A[1A[0G[?25l[+] Building 5.0s (4/5)                                          docker:default
[34m => [internal] load build definition from Dockerfile                       0.0s
[0m[34m => => transferring dockerfile: 153B                                       0.0s
[0m[34m => [internal] load metadata for docker.io/library/debian:trixie           0.2s
[0m[34m => [internal] load .dockerignore                                          0.0s
[0m[34m => => transferring context: 2B                                            0.0s
[0m[34m => CACHED [1/2] FROM docker.io/library/debian:trixie@sha256:34cd9e9fd437  0.0s
[0m => [2/2] RUN apt-get update && apt-get --yes upgrade && apt-get install   4.8s
[?25h[1A[1A[1A[1A[1A[1A[1A[1A[0G[?25l[+] Building 5.1s (4/5)                                          docker:default
[34m => [internal] load build definition from Dockerfile                       0.0s
[0m[34m => => transferring dockerfile: 153B                                       0.0s
[0m[34m => [internal] load metadata for docker.io/library/debian:trixie           0.2s
[0m[34m => [internal] load .dockerignore                                          0.0s
[0m[34m => => transferring context: 2B                                            0.0s
[0m[34m => CACHED [1/2] FROM docker.io/library/debian:trixie@sha256:34cd9e9fd437  0.0s
[0m => [2/2] RUN apt-get update && apt-get --yes upgrade && apt-get install   4.9s
[?25h[1A[1A[1A[1A[1A[1A[1A[1A[0G[?25l[+] Building 5.2s (4/5)                                          docker:default
[34m => [internal] load build definition from Dockerfile                       0.0s
[0m[34m => => transferring dockerfile: 153B                                       0.0s
[0m[34m => [internal] load metadata for docker.io/library/debian:trixie           0.2s
[0m[34m => [internal] load .dockerignore                                          0.0s
[0m[34m => => transferring context: 2B                                            0.0s
[0m[34m => CACHED [1/2] FROM docker.io/library/debian:trixie@sha256:34cd9e9fd437  0.0s
[0m => [2/2] RUN apt-get update && apt-get --yes upgrade && apt-get install   5.0s
[?25h[1A[1A[1A[1A[1A[1A[1A[1A[0G[?25l[+] Building 5.3s (4/5)                                          docker:default
[34m => [internal] load build definition from Dockerfile                       0.0s
[0m[34m => => transferring dockerfile: 153B                                       0.0s
[0m[34m => [internal] load metadata for docker.io/library/debian:trixie           0.2s
[0m[34m => [internal] load .dockerignore                                          0.0s
[0m[34m => => transferring context: 2B                                            0.0s
[0m[34m => CACHED [1/2] FROM docker.io/library/debian:trixie@sha256:34cd9e9fd437  0.0s
[0m => [2/2] RUN apt-get update && apt-get --yes upgrade && apt-get install   5.1s
[?25h[1A[1A[1A[1A[1A[1A[1A[1A[0G[?25l[+] Building 5.4s (4/5)                                          docker:default
[34m => [internal] load build definition from Dockerfile                       0.0s
[0m[34m => => transferring dockerfile: 153B                                       0.0s
[0m[34m => [internal] load metadata for docker.io/library/debian:trixie           0.2s
[0m[34m => [internal] load .dockerignore                                          0.0s
[0m[34m => => transferring context: 2B                                            0.0s
[0m[34m => CACHED [1/2] FROM docker.io/library/debian:trixie@sha256:34cd9e9fd437  0.0s
[0m => [2/2] RUN apt-get update && apt-get --yes upgrade && apt-get install   5.2s
[?25h[1A[1A[1A[1A[1A[1A[1A[1A[0G[?25l[+] Building 5.5s (4/5)                                          docker:default
[34m => [internal] load build definition from Dockerfile                       0.0s
[0m[34m => => transferring dockerfile: 153B                                       0.0s
[0m[34m => [internal] load metadata for docker.io/library/debian:trixie           0.2s
[0m[34m => [internal] load .dockerignore                                          0.0s
[0m[34m => => transferring context: 2B                                            0.0s
[0m[34m => CACHED [1/2] FROM docker.io/library/debian:trixie@sha256:34cd9e9fd437  0.0s
[0m => [2/2] RUN apt-get update && apt-get --yes upgrade && apt-get install   5.3s
[?25h[1A[1A[1A[1A[1A[1A[1A[1A[0G[?25l[+] Building 5.7s (4/5)                                          docker:default
[34m => [internal] load build definition from Dockerfile                       0.0s
[0m[34m => => transferring dockerfile: 153B                                       0.0s
[0m[34m => [internal] load metadata for docker.io/library/debian:trixie           0.2s
[0m[34m => [internal] load .dockerignore                                          0.0s
[0m[34m => => transferring context: 2B                                            0.0s
[0m[34m => CACHED [1/2] FROM docker.io/library/debian:trixie@sha256:34cd9e9fd437  0.0s
[0m => [2/2] RUN apt-get update && apt-get --yes upgrade && apt-get install   5.4s
[?25h[1A[1A[1A[1A[1A[1A[1A[1A[0G[?25l[+] Building 5.8s (4/5)                                          docker:default
[34m => [internal] load build definition from Dockerfile                       0.0s
[0m[34m => => transferring dockerfile: 153B                                       0.0s
[0m[34m => [internal] load metadata for docker.io/library/debian:trixie           0.2s
[0m[34m => [internal] load .dockerignore                                          0.0s
[0m[34m => => transferring context: 2B                                            0.0s
[0m[34m => CACHED [1/2] FROM docker.io/library/debian:trixie@sha256:34cd9e9fd437  0.0s
[0m => [2/2] RUN apt-get update && apt-get --yes upgrade && apt-get install   5.5s
[?25h[1A[1A[1A[1A[1A[1A[1A[1A[0G[?25l[+] Building 5.9s (4/5)                                          docker:default
[34m => [internal] load build definition from Dockerfile                       0.0s
[0m[34m => => transferring dockerfile: 153B                                       0.0s
[0m[34m => [internal] load metadata for docker.io/library/debian:trixie           0.2s
[0m[34m => [internal] load .dockerignore                                          0.0s
[0m[34m => => transferring context: 2B                                            0.0s
[0m[34m => CACHED [1/2] FROM docker.io/library/debian:trixie@sha256:34cd9e9fd437  0.0s
[0m => [2/2] RUN apt-get update && apt-get --yes upgrade && apt-get install   5.6s
[?25h[1A[1A[1A[1A[1A[1A[1A[1A[0G[?25l[+] Building 6.0s (4/5)                                          docker:default
[34m => [internal] load build definition from Dockerfile                       0.0s
[0m[34m => => transferring dockerfile: 153B                                       0.0s
[0m[34m => [internal] load metadata for docker.io/library/debian:trixie           0.2s
[0m[34m => [internal] load .dockerignore                                          0.0s
[0m[34m => => transferring context: 2B                                            0.0s
[0m[34m => CACHED [1/2] FROM docker.io/library/debian:trixie@sha256:34cd9e9fd437  0.0s
[0m => [2/2] RUN apt-get update && apt-get --yes upgrade && apt-get install   5.8s
[?25h[1A[1A[1A[1A[1A[1A[1A[1A[0G[?25l[+] Building 6.2s (4/5)                                          docker:default
[34m => [internal] load build definition from Dockerfile                       0.0s
[0m[34m => => transferring dockerfile: 153B                                       0.0s
[0m[34m => [internal] load metadata for docker.io/library/debian:trixie           0.2s
[0m[34m => [internal] load .dockerignore                                          0.0s
[0m[34m => => transferring context: 2B                                            0.0s
[0m[34m => CACHED [1/2] FROM docker.io/library/debian:trixie@sha256:34cd9e9fd437  0.0s
[0m => [2/2] RUN apt-get update && apt-get --yes upgrade && apt-get install   5.9s
[?25h[1A[1A[1A[1A[1A[1A[1A[1A[0G[?25l[+] Building 6.3s (4/5)                                          docker:default
[34m => [internal] load build definition from Dockerfile                       0.0s
[0m[34m => => transferring dockerfile: 153B                                       0.0s
[0m[34m => [internal] load metadata for docker.io/library/debian:trixie           0.2s
[0m[34m => [internal] load .dockerignore                                          0.0s
[0m[34m => => transferring context: 2B                                            0.0s
[0m[34m => CACHED [1/2] FROM docker.io/library/debian:trixie@sha256:34cd9e9fd437  0.0s
[0m => [2/2] RUN apt-get update && apt-get --yes upgrade && apt-get install   6.1s
[?25h[1A[1A[1A[1A[1A[1A[1A[1A[0G[?25l[+] Building 6.5s (4/5)                                          docker:default
[34m => [internal] load build definition from Dockerfile                       0.0s
[0m[34m => => transferring dockerfile: 153B                                       0.0s
[0m[34m => [internal] load metadata for docker.io/library/debian:trixie           0.2s
[0m[34m => [internal] load .dockerignore                                          0.0s
[0m[34m => => transferring context: 2B                                            0.0s
[0m[34m => CACHED [1/2] FROM docker.io/library/debian:trixie@sha256:34cd9e9fd437  0.0s
[0m => [2/2] RUN apt-get update && apt-get --yes upgrade && apt-get install   6.3s
[?25h[1A[1A[1A[1A[1A[1A[1A[1A[0G[?25l[+] Building 6.6s (4/5)                                          docker:default
[34m => [internal] load build definition from Dockerfile                       0.0s
[0m[34m => => transferring dockerfile: 153B                                       0.0s
[0m[34m => [internal] load metadata for docker.io/library/debian:trixie           0.2s
[0m[34m => [internal] load .dockerignore                                          0.0s
[0m[34m => => transferring context: 2B                                            0.0s
[0m[34m => CACHED [1/2] FROM docker.io/library/debian:trixie@sha256:34cd9e9fd437  0.0s
[0m => [2/2] RUN apt-get update && apt-get --yes upgrade && apt-get install   6.4s
[?25h[1A[1A[1A[1A[1A[1A[1A[1A[0G[?25l[+] Building 6.8s (4/5)                                          docker:default
[34m => [internal] load build definition from Dockerfile                       0.0s
[0m[34m => => transferring dockerfile: 153B                                       0.0s
[0m[34m => [internal] load metadata for docker.io/library/debian:trixie           0.2s
[0m[34m => [internal] load .dockerignore                                          0.0s
[0m[34m => => transferring context: 2B                                            0.0s
[0m[34m => CACHED [1/2] FROM docker.io/library/debian:trixie@sha256:34cd9e9fd437  0.0s
[0m => [2/2] RUN apt-get update && apt-get --yes upgrade && apt-get install   6.6s
[?25h[1A[1A[1A[1A[1A[1A[1A[1A[0G[?25l[+] Building 6.9s (4/5)                                          docker:default
[34m => [internal] load build definition from Dockerfile                       0.0s
[0m[34m => => transferring dockerfile: 153B                                       0.0s
[0m[34m => [internal] load metadata for docker.io/library/debian:trixie           0.2s
[0m[34m => [internal] load .dockerignore                                          0.0s
[0m[34m => => transferring context: 2B                                            0.0s
[0m[34m => CACHED [1/2] FROM docker.io/library/debian:trixie@sha256:34cd9e9fd437  0.0s
[0m => [2/2] RUN apt-get update && apt-get --yes upgrade && apt-get install   6.7s
[?25h[1A[1A[1A[1A[1A[1A[1A[1A[0G[?25l[+] Building 7.1s (4/5)                                          docker:default
[34m => [internal] load build definition from Dockerfile                       0.0s
[0m[34m => => transferring dockerfile: 153B                                       0.0s
[0m[34m => [internal] load metadata for docker.io/library/debian:trixie           0.2s
[0m[34m => [internal] load .dockerignore                                          0.0s
[0m[34m => => transferring context: 2B                                            0.0s
[0m[34m => CACHED [1/2] FROM docker.io/library/debian:trixie@sha256:34cd9e9fd437  0.0s
[0m => [2/2] RUN apt-get update && apt-get --yes upgrade && apt-get install   6.9s
[?25h[1A[1A[1A[1A[1A[1A[1A[1A[0G[?25l[+] Building 7.2s (4/5)                                          docker:default
[34m => [internal] load build definition from Dockerfile                       0.0s
[0m[34m => => transferring dockerfile: 153B                                       0.0s
[0m[34m => [internal] load metadata for docker.io/library/debian:trixie           0.2s
[0m[34m => [internal] load .dockerignore                                          0.0s
[0m[34m => => transferring context: 2B                                            0.0s
[0m[34m => CACHED [1/2] FROM docker.io/library/debian:trixie@sha256:34cd9e9fd437  0.0s
[0m => [2/2] RUN apt-get update && apt-get --yes upgrade && apt-get install   7.0s
[?25h[1A[1A[1A[1A[1A[1A[1A[1A[0G[?25l[+] Building 7.4s (4/5)                                          docker:default
[34m => [internal] load build definition from Dockerfile                       0.0s
[0m[34m => => transferring dockerfile: 153B                                       0.0s
[0m[34m => [internal] load metadata for docker.io/library/debian:trixie           0.2s
[0m[34m => [internal] load .dockerignore                                          0.0s
[0m[34m => => transferring context: 2B                                            0.0s
[0m[34m => CACHED [1/2] FROM docker.io/library/debian:trixie@sha256:34cd9e9fd437  0.0s
[0m => [2/2] RUN apt-get update && apt-get --yes upgrade && apt-get install   7.2s
[?25h[1A[1A[1A[1A[1A[1A[1A[1A[0G[?25l[+] Building 7.5s (4/5)                                          docker:default
[34m => [internal] load build definition from Dockerfile                       0.0s
[0m[34m => => transferring dockerfile: 153B                                       0.0s
[0m[34m => [internal] load metadata for docker.io/library/debian:trixie           0.2s
[0m[34m => [internal] load .dockerignore                                          0.0s
[0m[34m => => transferring context: 2B                                            0.0s
[0m[34m => CACHED [1/2] FROM docker.io/library/debian:trixie@sha256:34cd9e9fd437  0.0s
[0m => [2/2] RUN apt-get update && apt-get --yes upgrade && apt-get install   7.3s
[?25h[1A[1A[1A[1A[1A[1A[1A[1A[0G[?25l[+] Building 7.7s (4/5)                                          docker:default
[34m => [internal] load build definition from Dockerfile                       0.0s
[0m[34m => => transferring dockerfile: 153B                                       0.0s
[0m[34m => [internal] load metadata for docker.io/library/debian:trixie           0.2s
[0m[34m => [internal] load .dockerignore                                          0.0s
[0m[34m => => transferring context: 2B                                            0.0s
[0m[34m => CACHED [1/2] FROM docker.io/library/debian:trixie@sha256:34cd9e9fd437  0.0s
[0m => [2/2] RUN apt-get update && apt-get --yes upgrade && apt-get install   7.5s
[?25h[1A[1A[1A[1A[1A[1A[1A[1A[0G[?25l[+] Building 7.8s (4/5)                                          docker:default
[34m => [internal] load build definition from Dockerfile                       0.0s
[0m[34m => => transferring dockerfile: 153B                                       0.0s
[0m[34m => [internal] load metadata for docker.io/library/debian:trixie           0.2s
[0m[34m => [internal] load .dockerignore                                          0.0s
[0m[34m => => transferring context: 2B                                            0.0s
[0m[34m => CACHED [1/2] FROM docker.io/library/debian:trixie@sha256:34cd9e9fd437  0.0s
[0m => [2/2] RUN apt-get update && apt-get --yes upgrade && apt-get install   7.6s
[?25h[1A[1A[1A[1A[1A[1A[1A[1A[0G[?25l[+] Building 8.0s (4/5)                                          docker:default
[34m => [internal] load build definition from Dockerfile                       0.0s
[0m[34m => => transferring dockerfile: 153B                                       0.0s
[0m[34m => [internal] load metadata for docker.io/library/debian:trixie           0.2s
[0m[34m => [internal] load .dockerignore                                          0.0s
[0m[34m => => transferring context: 2B                                            0.0s
[0m[34m => CACHED [1/2] FROM docker.io/library/debian:trixie@sha256:34cd9e9fd437  0.0s
[0m => [2/2] RUN apt-get update && apt-get --yes upgrade && apt-get install   7.8s
[?25h[1A[1A[1A[1A[1A[1A[1A[1A[0G[?25l[+] Building 8.1s (4/5)                                          docker:default
[34m => [internal] load build definition from Dockerfile                       0.0s
[0m[34m => => transferring dockerfile: 153B                                       0.0s
[0m[34m => [internal] load metadata for docker.io/library/debian:trixie           0.2s
[0m[34m => [internal] load .dockerignore                                          0.0s
[0m[34m => => transferring context: 2B                                            0.0s
[0m[34m => CACHED [1/2] FROM docker.io/library/debian:trixie@sha256:34cd9e9fd437  0.0s
[0m => [2/2] RUN apt-get update && apt-get --yes upgrade && apt-get install   7.9s
[?25h[1A[1A[1A[1A[1A[1A[1A[1A[0G[?25l[+] Building 8.3s (4/5)                                          docker:default
[34m => [internal] load build definition from Dockerfile                       0.0s
[0m[34m => => transferring dockerfile: 153B                                       0.0s
[0m[34m => [internal] load metadata for docker.io/library/debian:trixie           0.2s
[0m[34m => [internal] load .dockerignore                                          0.0s
[0m[34m => => transferring context: 2B                                            0.0s
[0m[34m => CACHED [1/2] FROM docker.io/library/debian:trixie@sha256:34cd9e9fd437  0.0s
[0m => [2/2] RUN apt-get update && apt-get --yes upgrade && apt-get install   8.1s
[?25h[1A[1A[1A[1A[1A[1A[1A[1A[0G[?25l[+] Building 8.4s (4/5)                                          docker:default
[34m => [internal] load build definition from Dockerfile                       0.0s
[0m[34m => => transferring dockerfile: 153B                                       0.0s
[0m[34m => [internal] load metadata for docker.io/library/debian:trixie           0.2s
[0m[34m => [internal] load .dockerignore                                          0.0s
[0m[34m => => transferring context: 2B                                            0.0s
[0m[34m => CACHED [1/2] FROM docker.io/library/debian:trixie@sha256:34cd9e9fd437  0.0s
[0m => [2/2] RUN apt-get update && apt-get --yes upgrade && apt-get install   8.2s
[?25h[1A[1A[1A[1A[1A[1A[1A[1A[0G[?25l[+] Building 8.6s (4/5)                                          docker:default
[34m => [internal] load build definition from Dockerfile                       0.0s
[0m[34m => => transferring dockerfile: 153B                                       0.0s
[0m[34m => [internal] load metadata for docker.io/library/debian:trixie           0.2s
[0m[34m => [internal] load .dockerignore                                          0.0s
[0m[34m => => transferring context: 2B                                            0.0s
[0m[34m => CACHED [1/2] FROM docker.io/library/debian:trixie@sha256:34cd9e9fd437  0.0s
[0m => [2/2] RUN apt-get update && apt-get --yes upgrade && apt-get install   8.4s
[?25h[1A[1A[1A[1A[1A[1A[1A[1A[0G[?25l[+] Building 8.7s (4/5)                                          docker:default
[34m => [internal] load build definition from Dockerfile                       0.0s
[0m[34m => => transferring dockerfile: 153B                                       0.0s
[0m[34m => [internal] load metadata for docker.io/library/debian:trixie           0.2s
[0m[34m => [internal] load .dockerignore                                          0.0s
[0m[34m => => transferring context: 2B                                            0.0s
[0m[34m => CACHED [1/2] FROM docker.io/library/debian:trixie@sha256:34cd9e9fd437  0.0s
[0m => [2/2] RUN apt-get update && apt-get --yes upgrade && apt-get install   8.5s
[?25h[1A[1A[1A[1A[1A[1A[1A[1A[0G[?25l[+] Building 8.9s (4/5)                                          docker:default
[34m => [internal] load build definition from Dockerfile                       0.0s
[0m[34m => => transferring dockerfile: 153B                                       0.0s
[0m[34m => [internal] load metadata for docker.io/library/debian:trixie           0.2s
[0m[34m => [internal] load .dockerignore                                          0.0s
[0m[34m => => transferring context: 2B                                            0.0s
[0m[34m => CACHED [1/2] FROM docker.io/library/debian:trixie@sha256:34cd9e9fd437  0.0s
[0m => [2/2] RUN apt-get update && apt-get --yes upgrade && apt-get install   8.7s
[?25h[1A[1A[1A[1A[1A[1A[1A[1A[0G[?25l[+] Building 9.0s (4/5)                                          docker:default
[34m => [internal] load build definition from Dockerfile                       0.0s
[0m[34m => => transferring dockerfile: 153B                                       0.0s
[0m[34m => [internal] load metadata for docker.io/library/debian:trixie           0.2s
[0m[34m => [internal] load .dockerignore                                          0.0s
[0m[34m => => transferring context: 2B                                            0.0s
[0m[34m => CACHED [1/2] FROM docker.io/library/debian:trixie@sha256:34cd9e9fd437  0.0s
[0m => [2/2] RUN apt-get update && apt-get --yes upgrade && apt-get install   8.8s
[?25h[1A[1A[1A[1A[1A[1A[1A[1A[0G[?25l[+] Building 9.2s (4/5)                                          docker:default
[34m => [internal] load build definition from Dockerfile                       0.0s
[0m[34m => => transferring dockerfile: 153B                                       0.0s
[0m[34m => [internal] load metadata for docker.io/library/debian:trixie           0.2s
[0m[34m => [internal] load .dockerignore                                          0.0s
[0m[34m => => transferring context: 2B                                            0.0s
[0m[34m => CACHED [1/2] FROM docker.io/library/debian:trixie@sha256:34cd9e9fd437  0.0s
[0m => [2/2] RUN apt-get update && apt-get --yes upgrade && apt-get install   9.0s
[?25h[1A[1A[1A[1A[1A[1A[1A[1A[0G[?25l[+] Building 9.3s (4/5)                                          docker:default
[34m => [internal] load build definition from Dockerfile                       0.0s
[0m[34m => => transferring dockerfile: 153B                                       0.0s
[0m[34m => [internal] load metadata for docker.io/library/debian:trixie           0.2s
[0m[34m => [internal] load .dockerignore                                          0.0s
[0m[34m => => transferring context: 2B                                            0.0s
[0m[34m => CACHED [1/2] FROM docker.io/library/debian:trixie@sha256:34cd9e9fd437  0.0s
[0m => [2/2] RUN apt-get update && apt-get --yes upgrade && apt-get install   9.1s
[?25h[1A[1A[1A[1A[1A[1A[1A[1A[0G[?25l[+] Building 9.5s (4/5)                                          docker:default
[34m => [internal] load build definition from Dockerfile                       0.0s
[0m[34m => => transferring dockerfile: 153B                                       0.0s
[0m[34m => [internal] load metadata for docker.io/library/debian:trixie           0.2s
[0m[34m => [internal] load .dockerignore                                          0.0s
[0m[34m => => transferring context: 2B                                            0.0s
[0m[34m => CACHED [1/2] FROM docker.io/library/debian:trixie@sha256:34cd9e9fd437  0.0s
[0m => [2/2] RUN apt-get update && apt-get --yes upgrade && apt-get install   9.3s
[?25h[1A[1A[1A[1A[1A[1A[1A[1A[0G[?25l[+] Building 9.6s (4/5)                                          docker:default
[34m => [internal] load build definition from Dockerfile                       0.0s
[0m[34m => => transferring dockerfile: 153B                                       0.0s
[0m[34m => [internal] load metadata for docker.io/library/debian:trixie           0.2s
[0m[34m => [internal] load .dockerignore                                          0.0s
[0m[34m => => transferring context: 2B                                            0.0s
[0m[34m => CACHED [1/2] FROM docker.io/library/debian:trixie@sha256:34cd9e9fd437  0.0s
[0m => [2/2] RUN apt-get update && apt-get --yes upgrade && apt-get install   9.4s
[?25h[1A[1A[1A[1A[1A[1A[1A[1A[0G[?25l[+] Building 9.8s (4/5)                                          docker:default
[34m => [internal] load build definition from Dockerfile                       0.0s
[0m[34m => => transferring dockerfile: 153B                                       0.0s
[0m[34m => [internal] load metadata for docker.io/library/debian:trixie           0.2s
[0m[34m => [internal] load .dockerignore                                          0.0s
[0m[34m => => transferring context: 2B                                            0.0s
[0m[34m => CACHED [1/2] FROM docker.io/library/debian:trixie@sha256:34cd9e9fd437  0.0s
[0m => [2/2] RUN apt-get update && apt-get --yes upgrade && apt-get install   9.6s
[?25h[1A[1A[1A[1A[1A[1A[1A[1A[0G[?25l[+] Building 9.9s (4/5)                                          docker:default
[34m => [internal] load build definition from Dockerfile                       0.0s
[0m[34m => => transferring dockerfile: 153B                                       0.0s
[0m[34m => [internal] load metadata for docker.io/library/debian:trixie           0.2s
[0m[34m => [internal] load .dockerignore                                          0.0s
[0m[34m => => transferring context: 2B                                            0.0s
[0m[34m => CACHED [1/2] FROM docker.io/library/debian:trixie@sha256:34cd9e9fd437  0.0s
[0m => [2/2] RUN apt-get update && apt-get --yes upgrade && apt-get install   9.7s
[?25h[1A[1A[1A[1A[1A[1A[1A[1A[0G[?25l[+] Building 10.1s (4/5)                                         docker:default
[34m => [internal] load build definition from Dockerfile                       0.0s
[0m[34m => => transferring dockerfile: 153B                                       0.0s
[0m[34m => [internal] load metadata for docker.io/library/debian:trixie           0.2s
[0m[34m => [internal] load .dockerignore                                          0.0s
[0m[34m => => transferring context: 2B                                            0.0s
[0m[34m => CACHED [1/2] FROM docker.io/library/debian:trixie@sha256:34cd9e9fd437  0.0s
[0m => [2/2] RUN apt-get update && apt-get --yes upgrade && apt-get install   9.9s
[?25h[1A[1A[1A[1A[1A[1A[1A[1A[0G[?25l[+] Building 10.2s (4/5)                                         docker:default
[34m => [internal] load build definition from Dockerfile                       0.0s
[0m[34m => => transferring dockerfile: 153B                                       0.0s
[0m[34m => [internal] load metadata for docker.io/library/debian:trixie           0.2s
[0m[34m => [internal] load .dockerignore                                          0.0s
[0m[34m => => transferring context: 2B                                            0.0s
[0m[34m => CACHED [1/2] FROM docker.io/library/debian:trixie@sha256:34cd9e9fd437  0.0s
[0m => [2/2] RUN apt-get update && apt-get --yes upgrade && apt-get install  10.0s
[?25h[1A[1A[1A[1A[1A[1A[1A[1A[0G[?25l[+] Building 10.4s (4/5)                                         docker:default
[34m => [internal] load build definition from Dockerfile                       0.0s
[0m[34m => => transferring dockerfile: 153B                                       0.0s
[0m[34m => [internal] load metadata for docker.io/library/debian:trixie           0.2s
[0m[34m => [internal] load .dockerignore                                          0.0s
[0m[34m => => transferring context: 2B                                            0.0s
[0m[34m => CACHED [1/2] FROM docker.io/library/debian:trixie@sha256:34cd9e9fd437  0.0s
[0m => [2/2] RUN apt-get update && apt-get --yes upgrade && apt-get install  10.2s
[?25h[1A[1A[1A[1A[1A[1A[1A[1A[0G[?25l[+] Building 10.5s (4/5)                                         docker:default
[34m => [internal] load build definition from Dockerfile                       0.0s
[0m[34m => => transferring dockerfile: 153B                                       0.0s
[0m[34m => [internal] load metadata for docker.io/library/debian:trixie           0.2s
[0m[34m => [internal] load .dockerignore                                          0.0s
[0m[34m => => transferring context: 2B                                            0.0s
[0m[34m => CACHED [1/2] FROM docker.io/library/debian:trixie@sha256:34cd9e9fd437  0.0s
[0m => [2/2] RUN apt-get update && apt-get --yes upgrade && apt-get install  10.3s
[?25h[1A[1A[1A[1A[1A[1A[1A[1A[0G[?25l[+] Building 10.7s (4/5)                                         docker:default
[34m => [internal] load build definition from Dockerfile                       0.0s
[0m[34m => => transferring dockerfile: 153B                                       0.0s
[0m[34m => [internal] load metadata for docker.io/library/debian:trixie           0.2s
[0m[34m => [internal] load .dockerignore                                          0.0s
[0m[34m => => transferring context: 2B                                            0.0s
[0m[34m => CACHED [1/2] FROM docker.io/library/debian:trixie@sha256:34cd9e9fd437  0.0s
[0m => [2/2] RUN apt-get update && apt-get --yes upgrade && apt-get install  10.5s
[?25h[1A[1A[1A[1A[1A[1A[1A[1A[0G[?25l[+] Building 10.8s (4/5)                                         docker:default
[34m => [internal] load build definition from Dockerfile                       0.0s
[0m[34m => => transferring dockerfile: 153B                                       0.0s
[0m[34m => [internal] load metadata for docker.io/library/debian:trixie           0.2s
[0m[34m => [internal] load .dockerignore                                          0.0s
[0m[34m => => transferring context: 2B                                            0.0s
[0m[34m => CACHED [1/2] FROM docker.io/library/debian:trixie@sha256:34cd9e9fd437  0.0s
[0m => [2/2] RUN apt-get update && apt-get --yes upgrade && apt-get install  10.6s
[?25h[1A[1A[1A[1A[1A[1A[1A[1A[0G[?25l[+] Building 11.0s (4/5)                                         docker:default
[34m => [internal] load build definition from Dockerfile                       0.0s
[0m[34m => => transferring dockerfile: 153B                                       0.0s
[0m[34m => [internal] load metadata for docker.io/library/debian:trixie           0.2s
[0m[34m => [internal] load .dockerignore                                          0.0s
[0m[34m => => transferring context: 2B                                            0.0s
[0m[34m => CACHED [1/2] FROM docker.io/library/debian:trixie@sha256:34cd9e9fd437  0.0s
[0m => [2/2] RUN apt-get update && apt-get --yes upgrade && apt-get install  10.8s
[?25h[1A[1A[1A[1A[1A[1A[1A[1A[0G[?25l[+] Building 11.0s (4/5)                                         docker:default
[34m => [internal] load build definition from Dockerfile                       0.0s
[0m[34m => => transferring dockerfile: 153B                                       0.0s
[0m[34m => [internal] load metadata for docker.io/library/debian:trixie           0.2s
[0m[34m => [internal] load .dockerignore                                          0.0s
[0m[34m => => transferring context: 2B                                            0.0s
[0m[34m => CACHED [1/2] FROM docker.io/library/debian:trixie@sha256:34cd9e9fd437  0.0s
[0m => [2/2] RUN apt-get update && apt-get --yes upgrade && apt-get install  10.8s
[?25h[1A[1A[1A[1A[1A[1A[1A[1A[0G[?25l[+] Building 11.1s (4/5)                                         docker:default
[34m => [internal] load build definition from Dockerfile                       0.0s
[0m[34m => => transferring dockerfile: 153B                                       0.0s
[0m[34m => [internal] load metadata for docker.io/library/debian:trixie           0.2s
[0m[34m => [internal] load .dockerignore                                          0.0s
[0m[34m => => transferring context: 2B                                            0.0s
[0m[34m => CACHED [1/2] FROM docker.io/library/debian:trixie@sha256:34cd9e9fd437  0.0s
[0m => [2/2] RUN apt-get update && apt-get --yes upgrade && apt-get install  10.9s
[?25h[1A[1A[1A[1A[1A[1A[1A[1A[0G[?25l[+] Building 11.3s (4/5)                                         docker:default
[34m => [internal] load build definition from Dockerfile                       0.0s
[0m[34m => => transferring dockerfile: 153B                                       0.0s
[0m[34m => [internal] load metadata for docker.io/library/debian:trixie           0.2s
[0m[34m => [internal] load .dockerignore                                          0.0s
[0m[34m => => transferring context: 2B                                            0.0s
[0m[34m => CACHED [1/2] FROM docker.io/library/debian:trixie@sha256:34cd9e9fd437  0.0s
[0m => [2/2] RUN apt-get update && apt-get --yes upgrade && apt-get install  11.0s
[?25h[1A[1A[1A[1A[1A[1A[1A[1A[0G[?25l[+] Building 11.4s (4/5)                                         docker:default
[34m => [internal] load build definition from Dockerfile                       0.0s
[0m[34m => => transferring dockerfile: 153B                                       0.0s
[0m[34m => [internal] load metadata for docker.io/library/debian:trixie           0.2s
[0m[34m => [internal] load .dockerignore                                          0.0s
[0m[34m => => transferring context: 2B                                            0.0s
[0m[34m => CACHED [1/2] FROM docker.io/library/debian:trixie@sha256:34cd9e9fd437  0.0s
[0m => [2/2] RUN apt-get update && apt-get --yes upgrade && apt-get install  11.1s
[?25h[1A[1A[1A[1A[1A[1A[1A[1A[0G[?25l[+] Building 11.5s (4/5)                                         docker:default
[34m => [internal] load build definition from Dockerfile                       0.0s
[0m[34m => => transferring dockerfile: 153B                                       0.0s
[0m[34m => [internal] load metadata for docker.io/library/debian:trixie           0.2s
[0m[34m => [internal] load .dockerignore                                          0.0s
[0m[34m => => transferring context: 2B                                            0.0s
[0m[34m => CACHED [1/2] FROM docker.io/library/debian:trixie@sha256:34cd9e9fd437  0.0s
[0m => [2/2] RUN apt-get update && apt-get --yes upgrade && apt-get install  11.3s
[?25h[1A[1A[1A[1A[1A[1A[1A[1A[0G[?25l[+] Building 11.6s (4/5)                                         docker:default
[34m => [internal] load build definition from Dockerfile                       0.0s
[0m[34m => => transferring dockerfile: 153B                                       0.0s
[0m[34m => [internal] load metadata for docker.io/library/debian:trixie           0.2s
[0m[34m => [internal] load .dockerignore                                          0.0s
[0m[34m => => transferring context: 2B                                            0.0s
[0m[34m => CACHED [1/2] FROM docker.io/library/debian:trixie@sha256:34cd9e9fd437  0.0s
[0m => [2/2] RUN apt-get update && apt-get --yes upgrade && apt-get install  11.4s
[?25h[1A[1A[1A[1A[1A[1A[1A[1A[0G[?25l[+] Building 11.8s (4/5)                                         docker:default
[34m => [internal] load build definition from Dockerfile                       0.0s
[0m[34m => => transferring dockerfile: 153B                                       0.0s
[0m[34m => [internal] load metadata for docker.io/library/debian:trixie           0.2s
[0m[34m => [internal] load .dockerignore                                          0.0s
[0m[34m => => transferring context: 2B                                            0.0s
[0m[34m => CACHED [1/2] FROM docker.io/library/debian:trixie@sha256:34cd9e9fd437  0.0s
[0m => [2/2] RUN apt-get update && apt-get --yes upgrade && apt-get install  11.5s
[?25h[1A[1A[1A[1A[1A[1A[1A[1A[0G[?25l[+] Building 11.9s (4/5)                                         docker:default
[34m => [internal] load build definition from Dockerfile                       0.0s
[0m[34m => => transferring dockerfile: 153B                                       0.0s
[0m[34m => [internal] load metadata for docker.io/library/debian:trixie           0.2s
[0m[34m => [internal] load .dockerignore                                          0.0s
[0m[34m => => transferring context: 2B                                            0.0s
[0m[34m => CACHED [1/2] FROM docker.io/library/debian:trixie@sha256:34cd9e9fd437  0.0s
[0m => [2/2] RUN apt-get update && apt-get --yes upgrade && apt-get install  11.7s
[?25h[1A[1A[1A[1A[1A[1A[1A[1A[0G[?25l[+] Building 12.0s (4/5)                                         docker:default
[34m => [internal] load build definition from Dockerfile                       0.0s
[0m[34m => => transferring dockerfile: 153B                                       0.0s
[0m[34m => [internal] load metadata for docker.io/library/debian:trixie           0.2s
[0m[34m => [internal] load .dockerignore                                          0.0s
[0m[34m => => transferring context: 2B                                            0.0s
[0m[34m => CACHED [1/2] FROM docker.io/library/debian:trixie@sha256:34cd9e9fd437  0.0s
[0m => [2/2] RUN apt-get update && apt-get --yes upgrade && apt-get install  11.7s
[?25h[1A[1A[1A[1A[1A[1A[1A[1A[0G[?25l[+] Building 12.1s (4/5)                                         docker:default
[34m => [internal] load build definition from Dockerfile                       0.0s
[0m[34m => => transferring dockerfile: 153B                                       0.0s
[0m[34m => [internal] load metadata for docker.io/library/debian:trixie           0.2s
[0m[34m => [internal] load .dockerignore                                          0.0s
[0m[34m => => transferring context: 2B                                            0.0s
[0m[34m => CACHED [1/2] FROM docker.io/library/debian:trixie@sha256:34cd9e9fd437  0.0s
[0m => [2/2] RUN apt-get update && apt-get --yes upgrade && apt-get install  11.8s
[?25h[1A[1A[1A[1A[1A[1A[1A[1A[0G[?25l[+] Building 12.2s (4/5)                                         docker:default
[34m => [internal] load build definition from Dockerfile                       0.0s
[0m[34m => => transferring dockerfile: 153B                                       0.0s
[0m[34m => [internal] load metadata for docker.io/library/debian:trixie           0.2s
[0m[34m => [internal] load .dockerignore                                          0.0s
[0m[34m => => transferring context: 2B                                            0.0s
[0m[34m => CACHED [1/2] FROM docker.io/library/debian:trixie@sha256:34cd9e9fd437  0.0s
[0m => [2/2] RUN apt-get update && apt-get --yes upgrade && apt-get install  11.9s
[?25h[1A[1A[1A[1A[1A[1A[1A[1A[0G[?25l[+] Building 12.4s (4/5)                                         docker:default
[34m => [internal] load build definition from Dockerfile                       0.0s
[0m[34m => => transferring dockerfile: 153B                                       0.0s
[0m[34m => [internal] load metadata for docker.io/library/debian:trixie           0.2s
[0m[34m => [internal] load .dockerignore                                          0.0s
[0m[34m => => transferring context: 2B                                            0.0s
[0m[34m => CACHED [1/2] FROM docker.io/library/debian:trixie@sha256:34cd9e9fd437  0.0s
[0m => [2/2] RUN apt-get update && apt-get --yes upgrade && apt-get install  12.2s
[?25h[1A[1A[1A[1A[1A[1A[1A[1A[0G[?25l[+] Building 12.5s (4/5)                                         docker:default
[34m => [internal] load build definition from Dockerfile                       0.0s
[0m[34m => => transferring dockerfile: 153B                                       0.0s
[0m[34m => [internal] load metadata for docker.io/library/debian:trixie           0.2s
[0m[34m => [internal] load .dockerignore                                          0.0s
[0m[34m => => transferring context: 2B                                            0.0s
[0m[34m => CACHED [1/2] FROM docker.io/library/debian:trixie@sha256:34cd9e9fd437  0.0s
[0m => [2/2] RUN apt-get update && apt-get --yes upgrade && apt-get install  12.2s
[?25h[1A[1A[1A[1A[1A[1A[1A[1A[0G[?25l[+] Building 12.6s (4/5)                                         docker:default
[34m => [internal] load build definition from Dockerfile                       0.0s
[0m[34m => => transferring dockerfile: 153B                                       0.0s
[0m[34m => [internal] load metadata for docker.io/library/debian:trixie           0.2s
[0m[34m => [internal] load .dockerignore                                          0.0s
[0m[34m => => transferring context: 2B                                            0.0s
[0m[34m => CACHED [1/2] FROM docker.io/library/debian:trixie@sha256:34cd9e9fd437  0.0s
[0m => [2/2] RUN apt-get update && apt-get --yes upgrade && apt-get install  12.4s
[?25h[1A[1A[1A[1A[1A[1A[1A[1A[0G[?25l[+] Building 12.7s (4/5)                                         docker:default
[34m => [internal] load build definition from Dockerfile                       0.0s
[0m[34m => => transferring dockerfile: 153B                                       0.0s
[0m[34m => [internal] load metadata for docker.io/library/debian:trixie           0.2s
[0m[34m => [internal] load .dockerignore                                          0.0s
[0m[34m => => transferring context: 2B                                            0.0s
[0m[34m => CACHED [1/2] FROM docker.io/library/debian:trixie@sha256:34cd9e9fd437  0.0s
[0m => [2/2] RUN apt-get update && apt-get --yes upgrade && apt-get install  12.5s
[?25h[1A[1A[1A[1A[1A[1A[1A[1A[0G[?25l[+] Building 12.8s (4/5)                                         docker:default
[34m => [internal] load build definition from Dockerfile                       0.0s
[0m[34m => => transferring dockerfile: 153B                                       0.0s
[0m[34m => [internal] load metadata for docker.io/library/debian:trixie           0.2s
[0m[34m => [internal] load .dockerignore                                          0.0s
[0m[34m => => transferring context: 2B                                            0.0s
[0m[34m => CACHED [1/2] FROM docker.io/library/debian:trixie@sha256:34cd9e9fd437  0.0s
[0m => [2/2] RUN apt-get update && apt-get --yes upgrade && apt-get install  12.6s
[?25h[1A[1A[1A[1A[1A[1A[1A[1A[0G[?25l[+] Building 13.0s (4/5)                                         docker:default
[34m => [internal] load build definition from Dockerfile                       0.0s
[0m[34m => => transferring dockerfile: 153B                                       0.0s
[0m[34m => [internal] load metadata for docker.io/library/debian:trixie           0.2s
[0m[34m => [internal] load .dockerignore                                          0.0s
[0m[34m => => transferring context: 2B                                            0.0s
[0m[34m => CACHED [1/2] FROM docker.io/library/debian:trixie@sha256:34cd9e9fd437  0.0s
[0m => [2/2] RUN apt-get update && apt-get --yes upgrade && apt-get install  12.7s
[?25h[1A[1A[1A[1A[1A[1A[1A[1A[0G[?25l[+] Building 13.1s (4/5)                                         docker:default
[34m => [internal] load build definition from Dockerfile                       0.0s
[0m[34m => => transferring dockerfile: 153B                                       0.0s
[0m[34m => [internal] load metadata for docker.io/library/debian:trixie           0.2s
[0m[34m => [internal] load .dockerignore                                          0.0s
[0m[34m => => transferring context: 2B                                            0.0s
[0m[34m => CACHED [1/2] FROM docker.io/library/debian:trixie@sha256:34cd9e9fd437  0.0s
[0m => [2/2] RUN apt-get update && apt-get --yes upgrade && apt-get install  12.8s
[?25h[1A[1A[1A[1A[1A[1A[1A[1A[0G[?25l[+] Building 13.2s (4/5)                                         docker:default
[34m => [internal] load build definition from Dockerfile                       0.0s
[0m[34m => => transferring dockerfile: 153B                                       0.0s
[0m[34m => [internal] load metadata for docker.io/library/debian:trixie           0.2s
[0m[34m => [internal] load .dockerignore                                          0.0s
[0m[34m => => transferring context: 2B                                            0.0s
[0m[34m => CACHED [1/2] FROM docker.io/library/debian:trixie@sha256:34cd9e9fd437  0.0s
[0m => [2/2] RUN apt-get update && apt-get --yes upgrade && apt-get install  13.0s
[?25h[1A[1A[1A[1A[1A[1A[1A[1A[0G[?25l[+] Building 13.3s (4/5)                                         docker:default
[34m => [internal] load build definition from Dockerfile                       0.0s
[0m[34m => => transferring dockerfile: 153B                                       0.0s
[0m[34m => [internal] load metadata for docker.io/library/debian:trixie           0.2s
[0m[34m => [internal] load .dockerignore                                          0.0s
[0m[34m => => transferring context: 2B                                            0.0s
[0m[34m => CACHED [1/2] FROM docker.io/library/debian:trixie@sha256:34cd9e9fd437  0.0s
[0m => [2/2] RUN apt-get update && apt-get --yes upgrade && apt-get install  13.1s
[?25h[1A[1A[1A[1A[1A[1A[1A[1A[0G[?25l[+] Building 13.4s (4/5)                                         docker:default
[34m => [internal] load build definition from Dockerfile                       0.0s
[0m[34m => => transferring dockerfile: 153B                                       0.0s
[0m[34m => [internal] load metadata for docker.io/library/debian:trixie           0.2s
[0m[34m => [internal] load .dockerignore                                          0.0s
[0m[34m => => transferring context: 2B                                            0.0s
[0m[34m => CACHED [1/2] FROM docker.io/library/debian:trixie@sha256:34cd9e9fd437  0.0s
[0m => [2/2] RUN apt-get update && apt-get --yes upgrade && apt-get install  13.2s
[?25h[1A[1A[1A[1A[1A[1A[1A[1A[0G[?25l[+] Building 13.5s (4/5)                                         docker:default
[34m => [internal] load build definition from Dockerfile                       0.0s
[0m[34m => => transferring dockerfile: 153B                                       0.0s
[0m[34m => [internal] load metadata for docker.io/library/debian:trixie           0.2s
[0m[34m => [internal] load .dockerignore                                          0.0s
[0m[34m => => transferring context: 2B                                            0.0s
[0m[34m => CACHED [1/2] FROM docker.io/library/debian:trixie@sha256:34cd9e9fd437  0.0s
[0m => [2/2] RUN apt-get update && apt-get --yes upgrade && apt-get install  13.3s
[?25h[1A[1A[1A[1A[1A[1A[1A[1A[0G[?25l[+] Building 13.6s (4/5)                                         docker:default
[34m => [internal] load build definition from Dockerfile                       0.0s
[0m[34m => => transferring dockerfile: 153B                                       0.0s
[0m[34m => [internal] load metadata for docker.io/library/debian:trixie           0.2s
[0m[34m => [internal] load .dockerignore                                          0.0s
[0m[34m => => transferring context: 2B                                            0.0s
[0m[34m => CACHED [1/2] FROM docker.io/library/debian:trixie@sha256:34cd9e9fd437  0.0s
[0m => [2/2] RUN apt-get update && apt-get --yes upgrade && apt-get install  13.4s
[?25h[1A[1A[1A[1A[1A[1A[1A[1A[0G[?25l[+] Building 13.7s (4/5)                                         docker:default
[34m => [internal] load build definition from Dockerfile                       0.0s
[0m[34m => => transferring dockerfile: 153B                                       0.0s
[0m[34m => [internal] load metadata for docker.io/library/debian:trixie           0.2s
[0m[34m => [internal] load .dockerignore                                          0.0s
[0m[34m => => transferring context: 2B                                            0.0s
[0m[34m => CACHED [1/2] FROM docker.io/library/debian:trixie@sha256:34cd9e9fd437  0.0s
[0m => [2/2] RUN apt-get update && apt-get --yes upgrade && apt-get install  13.5s
[?25h[1A[1A[1A[1A[1A[1A[1A[1A[0G[?25l[+] Building 13.9s (4/5)                                         docker:default
[34m => [internal] load build definition from Dockerfile                       0.0s
[0m[34m => => transferring dockerfile: 153B                                       0.0s
[0m[34m => [internal] load metadata for docker.io/library/debian:trixie           0.2s
[0m[34m => [internal] load .dockerignore                                          0.0s
[0m[34m => => transferring context: 2B                                            0.0s
[0m[34m => CACHED [1/2] FROM docker.io/library/debian:trixie@sha256:34cd9e9fd437  0.0s
[0m => [2/2] RUN apt-get update && apt-get --yes upgrade && apt-get install  13.7s
[?25h[1A[1A[1A[1A[1A[1A[1A[1A[0G[?25l[+] Building 14.0s (4/5)                                         docker:default
[34m => [internal] load build definition from Dockerfile                       0.0s
[0m[34m => => transferring dockerfile: 153B                                       0.0s
[0m[34m => [internal] load metadata for docker.io/library/debian:trixie           0.2s
[0m[34m => [internal] load .dockerignore                                          0.0s
[0m[34m => => transferring context: 2B                                            0.0s
[0m[34m => CACHED [1/2] FROM docker.io/library/debian:trixie@sha256:34cd9e9fd437  0.0s
[0m => [2/2] RUN apt-get update && apt-get --yes upgrade && apt-get install  13.8s
[?25h[1A[1A[1A[1A[1A[1A[1A[1A[0G[?25l[+] Building 14.1s (4/5)                                         docker:default
[34m => [internal] load build definition from Dockerfile                       0.0s
[0m[34m => => transferring dockerfile: 153B                                       0.0s
[0m[34m => [internal] load metadata for docker.io/library/debian:trixie           0.2s
[0m[34m => [internal] load .dockerignore                                          0.0s
[0m[34m => => transferring context: 2B                                            0.0s
[0m[34m => CACHED [1/2] FROM docker.io/library/debian:trixie@sha256:34cd9e9fd437  0.0s
[0m => [2/2] RUN apt-get update && apt-get --yes upgrade && apt-get install  13.9s
[?25h[1A[1A[1A[1A[1A[1A[1A[1A[0G[?25l[+] Building 14.3s (4/5)                                         docker:default
[34m => [internal] load build definition from Dockerfile                       0.0s
[0m[34m => => transferring dockerfile: 153B                                       0.0s
[0m[34m => [internal] load metadata for docker.io/library/debian:trixie           0.2s
[0m[34m => [internal] load .dockerignore                                          0.0s
[0m[34m => => transferring context: 2B                                            0.0s
[0m[34m => CACHED [1/2] FROM docker.io/library/debian:trixie@sha256:34cd9e9fd437  0.0s
[0m => [2/2] RUN apt-get update && apt-get --yes upgrade && apt-get install  14.1s
[?25h[1A[1A[1A[1A[1A[1A[1A[1A[0G[?25l[+] Building 14.5s (4/5)                                         docker:default
[34m => [internal] load build definition from Dockerfile                       0.0s
[0m[34m => => transferring dockerfile: 153B                                       0.0s
[0m[34m => [internal] load metadata for docker.io/library/debian:trixie           0.2s
[0m[34m => [internal] load .dockerignore                                          0.0s
[0m[34m => => transferring context: 2B                                            0.0s
[0m[34m => CACHED [1/2] FROM docker.io/library/debian:trixie@sha256:34cd9e9fd437  0.0s
[0m => [2/2] RUN apt-get update && apt-get --yes upgrade && apt-get install  14.2s
[?25h[1A[1A[1A[1A[1A[1A[1A[1A[0G[?25l[+] Building 14.5s (4/5)                                         docker:default
[34m => [internal] load build definition from Dockerfile                       0.0s
[0m[34m => => transferring dockerfile: 153B                                       0.0s
[0m[34m => [internal] load metadata for docker.io/library/debian:trixie           0.2s
[0m[34m => [internal] load .dockerignore                                          0.0s
[0m[34m => => transferring context: 2B                                            0.0s
[0m[34m => CACHED [1/2] FROM docker.io/library/debian:trixie@sha256:34cd9e9fd437  0.0s
[0m => [2/2] RUN apt-get update && apt-get --yes upgrade && apt-get install  14.2s
[?25h[1A[1A[1A[1A[1A[1A[1A[1A[0G[?25l[+] Building 14.6s (4/5)                                         docker:default
[34m => [internal] load build definition from Dockerfile                       0.0s
[0m[34m => => transferring dockerfile: 153B                                       0.0s
[0m[34m => [internal] load metadata for docker.io/library/debian:trixie           0.2s
[0m[34m => [internal] load .dockerignore                                          0.0s
[0m[34m => => transferring context: 2B                                            0.0s
[0m[34m => CACHED [1/2] FROM docker.io/library/debian:trixie@sha256:34cd9e9fd437  0.0s
[0m => [2/2] RUN apt-get update && apt-get --yes upgrade && apt-get install  14.4s
[?25h[1A[1A[1A[1A[1A[1A[1A[1A[0G[?25l[+] Building 14.9s (4/5)                                         docker:default
[34m => [internal] load build definition from Dockerfile                       0.0s
[0m[34m => => transferring dockerfile: 153B                                       0.0s
[0m[34m => [internal] load metadata for docker.io/library/debian:trixie           0.2s
[0m[34m => [internal] load .dockerignore                                          0.0s
[0m[34m => => transferring context: 2B                                            0.0s
[0m[34m => CACHED [1/2] FROM docker.io/library/debian:trixie@sha256:34cd9e9fd437  0.0s
[0m => [2/2] RUN apt-get update && apt-get --yes upgrade && apt-get install  14.7s
[?25h[1A[1A[1A[1A[1A[1A[1A[1A[0G[?25l[+] Building 15.0s (4/5)                                         docker:default
[34m => [internal] load build definition from Dockerfile                       0.0s
[0m[34m => => transferring dockerfile: 153B                                       0.0s
[0m[34m => [internal] load metadata for docker.io/library/debian:trixie           0.2s
[0m[34m => [internal] load .dockerignore                                          0.0s
[0m[34m => => transferring context: 2B                                            0.0s
[0m[34m => CACHED [1/2] FROM docker.io/library/debian:trixie@sha256:34cd9e9fd437  0.0s
[0m => [2/2] RUN apt-get update && apt-get --yes upgrade && apt-get install  14.8s
[?25h[1A[1A[1A[1A[1A[1A[1A[1A[0G[?25l[+] Building 15.1s (4/5)                                         docker:default
[34m => [internal] load build definition from Dockerfile                       0.0s
[0m[34m => => transferring dockerfile: 153B                                       0.0s
[0m[34m => [internal] load metadata for docker.io/library/debian:trixie           0.2s
[0m[34m => [internal] load .dockerignore                                          0.0s
[0m[34m => => transferring context: 2B                                            0.0s
[0m[34m => CACHED [1/2] FROM docker.io/library/debian:trixie@sha256:34cd9e9fd437  0.0s
[0m => [2/2] RUN apt-get update && apt-get --yes upgrade && apt-get install  14.9s
[?25h[1A[1A[1A[1A[1A[1A[1A[1A[0G[?25l[+] Building 15.2s (4/5)                                         docker:default
[34m => [internal] load build definition from Dockerfile                       0.0s
[0m[34m => => transferring dockerfile: 153B                                       0.0s
[0m[34m => [internal] load metadata for docker.io/library/debian:trixie           0.2s
[0m[34m => [internal] load .dockerignore                                          0.0s
[0m[34m => => transferring context: 2B                                            0.0s
[0m[34m => CACHED [1/2] FROM docker.io/library/debian:trixie@sha256:34cd9e9fd437  0.0s
[0m => [2/2] RUN apt-get update && apt-get --yes upgrade && apt-get install  15.0s
[?25h[1A[1A[1A[1A[1A[1A[1A[1A[0G[?25l[+] Building 15.4s (4/5)                                         docker:default
[34m => [internal] load build definition from Dockerfile                       0.0s
[0m[34m => => transferring dockerfile: 153B                                       0.0s
[0m[34m => [internal] load metadata for docker.io/library/debian:trixie           0.2s
[0m[34m => [internal] load .dockerignore                                          0.0s
[0m[34m => => transferring context: 2B                                            0.0s
[0m[34m => CACHED [1/2] FROM docker.io/library/debian:trixie@sha256:34cd9e9fd437  0.0s
[0m => [2/2] RUN apt-get update && apt-get --yes upgrade && apt-get install  15.2s
[?25h[1A[1A[1A[1A[1A[1A[1A[1A[0G[?25l[+] Building 15.6s (4/5)                                         docker:default
[34m => [internal] load build definition from Dockerfile                       0.0s
[0m[34m => => transferring dockerfile: 153B                                       0.0s
[0m[34m => [internal] load metadata for docker.io/library/debian:trixie           0.2s
[0m[34m => [internal] load .dockerignore                                          0.0s
[0m[34m => => transferring context: 2B                                            0.0s
[0m[34m => CACHED [1/2] FROM docker.io/library/debian:trixie@sha256:34cd9e9fd437  0.0s
[0m => [2/2] RUN apt-get update && apt-get --yes upgrade && apt-get install  15.4s
[?25h[1A[1A[1A[1A[1A[1A[1A[1A[0G[?25l[+] Building 15.7s (4/5)                                         docker:default
[34m => [internal] load build definition from Dockerfile                       0.0s
[0m[34m => => transferring dockerfile: 153B                                       0.0s
[0m[34m => [internal] load metadata for docker.io/library/debian:trixie           0.2s
[0m[34m => [internal] load .dockerignore                                          0.0s
[0m[34m => => transferring context: 2B                                            0.0s
[0m[34m => CACHED [1/2] FROM docker.io/library/debian:trixie@sha256:34cd9e9fd437  0.0s
[0m => [2/2] RUN apt-get update && apt-get --yes upgrade && apt-get install  15.5s
[?25h[1A[1A[1A[1A[1A[1A[1A[1A[0G[?25l[+] Building 15.9s (4/5)                                         docker:default
[34m => [internal] load build definition from Dockerfile                       0.0s
[0m[34m => => transferring dockerfile: 153B                                       0.0s
[0m[34m => [internal] load metadata for docker.io/library/debian:trixie           0.2s
[0m[34m => [internal] load .dockerignore                                          0.0s
[0m[34m => => transferring context: 2B                                            0.0s
[0m[34m => CACHED [1/2] FROM docker.io/library/debian:trixie@sha256:34cd9e9fd437  0.0s
[0m => [2/2] RUN apt-get update && apt-get --yes upgrade && apt-get install  15.6s
[?25h[1A[1A[1A[1A[1A[1A[1A[1A[0G[?25l[+] Building 16.0s (4/5)                                         docker:default
[34m => [internal] load build definition from Dockerfile                       0.0s
[0m[34m => => transferring dockerfile: 153B                                       0.0s
[0m[34m => [internal] load metadata for docker.io/library/debian:trixie           0.2s
[0m[34m => [internal] load .dockerignore                                          0.0s
[0m[34m => => transferring context: 2B                                            0.0s
[0m[34m => CACHED [1/2] FROM docker.io/library/debian:trixie@sha256:34cd9e9fd437  0.0s
[0m => [2/2] RUN apt-get update && apt-get --yes upgrade && apt-get install  15.8s
[?25h[1A[1A[1A[1A[1A[1A[1A[1A[0G[?25l[+] Building 16.2s (4/5)                                         docker:default
[34m => [internal] load build definition from Dockerfile                       0.0s
[0m[34m => => transferring dockerfile: 153B                                       0.0s
[0m[34m => [internal] load metadata for docker.io/library/debian:trixie           0.2s
[0m[34m => [internal] load .dockerignore                                          0.0s
[0m[34m => => transferring context: 2B                                            0.0s
[0m[34m => CACHED [1/2] FROM docker.io/library/debian:trixie@sha256:34cd9e9fd437  0.0s
[0m => [2/2] RUN apt-get update && apt-get --yes upgrade && apt-get install  15.9s
[?25h[1A[1A[1A[1A[1A[1A[1A[1A[0G[?25l[+] Building 16.3s (4/5)                                         docker:default
[34m => [internal] load build definition from Dockerfile                       0.0s
[0m[34m => => transferring dockerfile: 153B                                       0.0s
[0m[34m => [internal] load metadata for docker.io/library/debian:trixie           0.2s
[0m[34m => [internal] load .dockerignore                                          0.0s
[0m[34m => => transferring context: 2B                                            0.0s
[0m[34m => CACHED [1/2] FROM docker.io/library/debian:trixie@sha256:34cd9e9fd437  0.0s
[0m => [2/2] RUN apt-get update && apt-get --yes upgrade && apt-get install  16.1s
[?25h[1A[1A[1A[1A[1A[1A[1A[1A[0G[?25l[+] Building 16.4s (4/5)                                         docker:default
[34m => [internal] load build definition from Dockerfile                       0.0s
[0m[34m => => transferring dockerfile: 153B                                       0.0s
[0m[34m => [internal] load metadata for docker.io/library/debian:trixie           0.2s
[0m[34m => [internal] load .dockerignore                                          0.0s
[0m[34m => => transferring context: 2B                                            0.0s
[0m[34m => CACHED [1/2] FROM docker.io/library/debian:trixie@sha256:34cd9e9fd437  0.0s
[0m => [2/2] RUN apt-get update && apt-get --yes upgrade && apt-get install  16.1s
[?25h[1A[1A[1A[1A[1A[1A[1A[1A[0G[?25l[+] Building 16.6s (4/5)                                         docker:default
[34m => [internal] load build definition from Dockerfile                       0.0s
[0m[34m => => transferring dockerfile: 153B                                       0.0s
[0m[34m => [internal] load metadata for docker.io/library/debian:trixie           0.2s
[0m[34m => [internal] load .dockerignore                                          0.0s
[0m[34m => => transferring context: 2B                                            0.0s
[0m[34m => CACHED [1/2] FROM docker.io/library/debian:trixie@sha256:34cd9e9fd437  0.0s
[0m => [2/2] RUN apt-get update && apt-get --yes upgrade && apt-get install  16.3s
[?25h[1A[1A[1A[1A[1A[1A[1A[1A[0G[?25l[+] Building 16.6s (4/5)                                         docker:default
[34m => [internal] load build definition from Dockerfile                       0.0s
[0m[34m => => transferring dockerfile: 153B                                       0.0s
[0m[34m => [internal] load metadata for docker.io/library/debian:trixie           0.2s
[0m[34m => [internal] load .dockerignore                                          0.0s
[0m[34m => => transferring context: 2B                                            0.0s
[0m[34m => CACHED [1/2] FROM docker.io/library/debian:trixie@sha256:34cd9e9fd437  0.0s
[0m => [2/2] RUN apt-get update && apt-get --yes upgrade && apt-get install  16.4s
[?25h[1A[1A[1A[1A[1A[1A[1A[1A[0G[?25l[+] Building 16.7s (4/5)                                         docker:default
[34m => [internal] load build definition from Dockerfile                       0.0s
[0m[34m => => transferring dockerfile: 153B                                       0.0s
[0m[34m => [internal] load metadata for docker.io/library/debian:trixie           0.2s
[0m[34m => [internal] load .dockerignore                                          0.0s
[0m[34m => => transferring context: 2B                                            0.0s
[0m[34m => CACHED [1/2] FROM docker.io/library/debian:trixie@sha256:34cd9e9fd437  0.0s
[0m => [2/2] RUN apt-get update && apt-get --yes upgrade && apt-get install  16.5s
[?25h[1A[1A[1A[1A[1A[1A[1A[1A[0G[?25l[+] Building 16.9s (4/5)                                         docker:default
[34m => [internal] load build definition from Dockerfile                       0.0s
[0m[34m => => transferring dockerfile: 153B                                       0.0s
[0m[34m => [internal] load metadata for docker.io/library/debian:trixie           0.2s
[0m[34m => [internal] load .dockerignore                                          0.0s
[0m[34m => => transferring context: 2B                                            0.0s
[0m[34m => CACHED [1/2] FROM docker.io/library/debian:trixie@sha256:34cd9e9fd437  0.0s
[0m => [2/2] RUN apt-get update && apt-get --yes upgrade && apt-get install  16.7s
[?25h[1A[1A[1A[1A[1A[1A[1A[1A[0G[?25l[+] Building 17.0s (4/5)                                         docker:default
[34m => [internal] load build definition from Dockerfile                       0.0s
[0m[34m => => transferring dockerfile: 153B                                       0.0s
[0m[34m => [internal] load metadata for docker.io/library/debian:trixie           0.2s
[0m[34m => [internal] load .dockerignore                                          0.0s
[0m[34m => => transferring context: 2B                                            0.0s
[0m[34m => CACHED [1/2] FROM docker.io/library/debian:trixie@sha256:34cd9e9fd437  0.0s
[0m => [2/2] RUN apt-get update && apt-get --yes upgrade && apt-get install  16.8s
[?25h[1A[1A[1A[1A[1A[1A[1A[1A[0G[?25l[+] Building 17.1s (4/5)                                         docker:default
[34m => [internal] load build definition from Dockerfile                       0.0s
[0m[34m => => transferring dockerfile: 153B                                       0.0s
[0m[34m => [internal] load metadata for docker.io/library/debian:trixie           0.2s
[0m[34m => [internal] load .dockerignore                                          0.0s
[0m[34m => => transferring context: 2B                                            0.0s
[0m[34m => CACHED [1/2] FROM docker.io/library/debian:trixie@sha256:34cd9e9fd437  0.0s
[0m => [2/2] RUN apt-get update && apt-get --yes upgrade && apt-get install  16.9s
[?25h[1A[1A[1A[1A[1A[1A[1A[1A[0G[?25l[+] Building 17.2s (4/5)                                         docker:default
[34m => [internal] load build definition from Dockerfile                       0.0s
[0m[34m => => transferring dockerfile: 153B                                       0.0s
[0m[34m => [internal] load metadata for docker.io/library/debian:trixie           0.2s
[0m[34m => [internal] load .dockerignore                                          0.0s
[0m[34m => => transferring context: 2B                                            0.0s
[0m[34m => CACHED [1/2] FROM docker.io/library/debian:trixie@sha256:34cd9e9fd437  0.0s
[0m => [2/2] RUN apt-get update && apt-get --yes upgrade && apt-get install  17.0s
[?25h[1A[1A[1A[1A[1A[1A[1A[1A[0G[?25l[+] Building 17.4s (4/5)                                         docker:default
[34m => [internal] load build definition from Dockerfile                       0.0s
[0m[34m => => transferring dockerfile: 153B                                       0.0s
[0m[34m => [internal] load metadata for docker.io/library/debian:trixie           0.2s
[0m[34m => [internal] load .dockerignore                                          0.0s
[0m[34m => => transferring context: 2B                                            0.0s
[0m[34m => CACHED [1/2] FROM docker.io/library/debian:trixie@sha256:34cd9e9fd437  0.0s
[0m => [2/2] RUN apt-get update && apt-get --yes upgrade && apt-get install  17.1s
[?25h[1A[1A[1A[1A[1A[1A[1A[1A[0G[?25l[+] Building 17.5s (4/5)                                         docker:default
[34m => [internal] load build definition from Dockerfile                       0.0s
[0m[34m => => transferring dockerfile: 153B                                       0.0s
[0m[34m => [internal] load metadata for docker.io/library/debian:trixie           0.2s
[0m[34m => [internal] load .dockerignore                                          0.0s
[0m[34m => => transferring context: 2B                                            0.0s
[0m[34m => CACHED [1/2] FROM docker.io/library/debian:trixie@sha256:34cd9e9fd437  0.0s
[0m => [2/2] RUN apt-get update && apt-get --yes upgrade && apt-get install  17.2s
[?25h[1A[1A[1A[1A[1A[1A[1A[1A[0G[?25l[+] Building 17.6s (4/5)                                         docker:default
[34m => [internal] load build definition from Dockerfile                       0.0s
[0m[34m => => transferring dockerfile: 153B                                       0.0s
[0m[34m => [internal] load metadata for docker.io/library/debian:trixie           0.2s
[0m[34m => [internal] load .dockerignore                                          0.0s
[0m[34m => => transferring context: 2B                                            0.0s
[0m[34m => CACHED [1/2] FROM docker.io/library/debian:trixie@sha256:34cd9e9fd437  0.0s
[0m => [2/2] RUN apt-get update && apt-get --yes upgrade && apt-get install  17.4s
[?25h[1A[1A[1A[1A[1A[1A[1A[1A[0G[?25l[+] Building 17.7s (4/5)                                         docker:default
[34m => [internal] load build definition from Dockerfile                       0.0s
[0m[34m => => transferring dockerfile: 153B                                       0.0s
[0m[34m => [internal] load metadata for docker.io/library/debian:trixie           0.2s
[0m[34m => [internal] load .dockerignore                                          0.0s
[0m[34m => => transferring context: 2B                                            0.0s
[0m[34m => CACHED [1/2] FROM docker.io/library/debian:trixie@sha256:34cd9e9fd437  0.0s
[0m => [2/2] RUN apt-get update && apt-get --yes upgrade && apt-get install  17.5s
[?25h[1A[1A[1A[1A[1A[1A[1A[1A[0G[?25l[+] Building 17.9s (4/5)                                         docker:default
[34m => [internal] load build definition from Dockerfile                       0.0s
[0m[34m => => transferring dockerfile: 153B                                       0.0s
[0m[34m => [internal] load metadata for docker.io/library/debian:trixie           0.2s
[0m[34m => [internal] load .dockerignore                                          0.0s
[0m[34m => => transferring context: 2B                                            0.0s
[0m[34m => CACHED [1/2] FROM docker.io/library/debian:trixie@sha256:34cd9e9fd437  0.0s
[0m => [2/2] RUN apt-get update && apt-get --yes upgrade && apt-get install  17.6s
[?25h[1A[1A[1A[1A[1A[1A[1A[1A[0G[?25l[+] Building 18.0s (4/5)                                         docker:default
[34m => [internal] load build definition from Dockerfile                       0.0s
[0m[34m => => transferring dockerfile: 153B                                       0.0s
[0m[34m => [internal] load metadata for docker.io/library/debian:trixie           0.2s
[0m[34m => [internal] load .dockerignore                                          0.0s
[0m[34m => => transferring context: 2B                                            0.0s
[0m[34m => CACHED [1/2] FROM docker.io/library/debian:trixie@sha256:34cd9e9fd437  0.0s
[0m => [2/2] RUN apt-get update && apt-get --yes upgrade && apt-get install  17.8s
[?25h[1A[1A[1A[1A[1A[1A[1A[1A[0G[?25l[+] Building 18.1s (4/5)                                         docker:default
[34m => [internal] load build definition from Dockerfile                       0.0s
[0m[34m => => transferring dockerfile: 153B                                       0.0s
[0m[34m => [internal] load metadata for docker.io/library/debian:trixie           0.2s
[0m[34m => [internal] load .dockerignore                                          0.0s
[0m[34m => => transferring context: 2B                                            0.0s
[0m[34m => CACHED [1/2] FROM docker.io/library/debian:trixie@sha256:34cd9e9fd437  0.0s
[0m => [2/2] RUN apt-get update && apt-get --yes upgrade && apt-get install  17.9s
[?25h[1A[1A[1A[1A[1A[1A[1A[1A[0G[?25l[+] Building 18.2s (4/5)                                         docker:default
[34m => [internal] load build definition from Dockerfile                       0.0s
[0m[34m => => transferring dockerfile: 153B                                       0.0s
[0m[34m => [internal] load metadata for docker.io/library/debian:trixie           0.2s
[0m[34m => [internal] load .dockerignore                                          0.0s
[0m[34m => => transferring context: 2B                                            0.0s
[0m[34m => CACHED [1/2] FROM docker.io/library/debian:trixie@sha256:34cd9e9fd437  0.0s
[0m => [2/2] RUN apt-get update && apt-get --yes upgrade && apt-get install  18.0s
[?25h[1A[1A[1A[1A[1A[1A[1A[1A[0G[?25l[+] Building 18.3s (4/5)                                         docker:default
[34m => [internal] load build definition from Dockerfile                       0.0s
[0m[34m => => transferring dockerfile: 153B                                       0.0s
[0m[34m => [internal] load metadata for docker.io/library/debian:trixie           0.2s
[0m[34m => [internal] load .dockerignore                                          0.0s
[0m[34m => => transferring context: 2B                                            0.0s
[0m[34m => CACHED [1/2] FROM docker.io/library/debian:trixie@sha256:34cd9e9fd437  0.0s
[0m => [2/2] RUN apt-get update && apt-get --yes upgrade && apt-get install  18.1s
[?25h[1A[1A[1A[1A[1A[1A[1A[1A[0G[?25l[+] Building 18.5s (4/5)                                         docker:default
[34m => [internal] load build definition from Dockerfile                       0.0s
[0m[34m => => transferring dockerfile: 153B                                       0.0s
[0m[34m => [internal] load metadata for docker.io/library/debian:trixie           0.2s
[0m[34m => [internal] load .dockerignore                                          0.0s
[0m[34m => => transferring context: 2B                                            0.0s
[0m[34m => CACHED [1/2] FROM docker.io/library/debian:trixie@sha256:34cd9e9fd437  0.0s
[0m => [2/2] RUN apt-get update && apt-get --yes upgrade && apt-get install  18.2s
[?25h[1A[1A[1A[1A[1A[1A[1A[1A[0G[?25l[+] Building 18.6s (4/5)                                         docker:default
[34m => [internal] load build definition from Dockerfile                       0.0s
[0m[34m => => transferring dockerfile: 153B                                       0.0s
[0m[34m => [internal] load metadata for docker.io/library/debian:trixie           0.2s
[0m[34m => [internal] load .dockerignore                                          0.0s
[0m[34m => => transferring context: 2B                                            0.0s
[0m[34m => CACHED [1/2] FROM docker.io/library/debian:trixie@sha256:34cd9e9fd437  0.0s
[0m => [2/2] RUN apt-get update && apt-get --yes upgrade && apt-get install  18.3s
[?25h[1A[1A[1A[1A[1A[1A[1A[1A[0G[?25l[+] Building 18.7s (4/5)                                         docker:default
[34m => [internal] load build definition from Dockerfile                       0.0s
[0m[34m => => transferring dockerfile: 153B                                       0.0s
[0m[34m => [internal] load metadata for docker.io/library/debian:trixie           0.2s
[0m[34m => [internal] load .dockerignore                                          0.0s
[0m[34m => => transferring context: 2B                                            0.0s
[0m[34m => CACHED [1/2] FROM docker.io/library/debian:trixie@sha256:34cd9e9fd437  0.0s
[0m => [2/2] RUN apt-get update && apt-get --yes upgrade && apt-get install  18.4s
[?25h[1A[1A[1A[1A[1A[1A[1A[1A[0G[?25l[+] Building 18.8s (4/5)                                         docker:default
[34m => [internal] load build definition from Dockerfile                       0.0s
[0m[34m => => transferring dockerfile: 153B                                       0.0s
[0m[34m => [internal] load metadata for docker.io/library/debian:trixie           0.2s
[0m[34m => [internal] load .dockerignore                                          0.0s
[0m[34m => => transferring context: 2B                                            0.0s
[0m[34m => CACHED [1/2] FROM docker.io/library/debian:trixie@sha256:34cd9e9fd437  0.0s
[0m => [2/2] RUN apt-get update && apt-get --yes upgrade && apt-get install  18.5s
[?25h[1A[1A[1A[1A[1A[1A[1A[1A[0G[?25l[+] Building 18.9s (4/5)                                         docker:default
[34m => [internal] load build definition from Dockerfile                       0.0s
[0m[34m => => transferring dockerfile: 153B                                       0.0s
[0m[34m => [internal] load metadata for docker.io/library/debian:trixie           0.2s
[0m[34m => [internal] load .dockerignore                                          0.0s
[0m[34m => => transferring context: 2B                                            0.0s
[0m[34m => CACHED [1/2] FROM docker.io/library/debian:trixie@sha256:34cd9e9fd437  0.0s
[0m => [2/2] RUN apt-get update && apt-get --yes upgrade && apt-get install  18.7s
[?25h[1A[1A[1A[1A[1A[1A[1A[1A[0G[?25l[+] Building 19.0s (4/5)                                         docker:default
[34m => [internal] load build definition from Dockerfile                       0.0s
[0m[34m => => transferring dockerfile: 153B                                       0.0s
[0m[34m => [internal] load metadata for docker.io/library/debian:trixie           0.2s
[0m[34m => [internal] load .dockerignore                                          0.0s
[0m[34m => => transferring context: 2B                                            0.0s
[0m[34m => CACHED [1/2] FROM docker.io/library/debian:trixie@sha256:34cd9e9fd437  0.0s
[0m => [2/2] RUN apt-get update && apt-get --yes upgrade && apt-get install  18.8s
[?25h[1A[1A[1A[1A[1A[1A[1A[1A[0G[?25l[+] Building 19.1s (4/5)                                         docker:default
[34m => [internal] load build definition from Dockerfile                       0.0s
[0m[34m => => transferring dockerfile: 153B                                       0.0s
[0m[34m => [internal] load metadata for docker.io/library/debian:trixie           0.2s
[0m[34m => [internal] load .dockerignore                                          0.0s
[0m[34m => => transferring context: 2B                                            0.0s
[0m[34m => CACHED [1/2] FROM docker.io/library/debian:trixie@sha256:34cd9e9fd437  0.0s
[0m => [2/2] RUN apt-get update && apt-get --yes upgrade && apt-get install  18.9s
[?25h[1A[1A[1A[1A[1A[1A[1A[1A[0G[?25l[+] Building 19.2s (4/5)                                         docker:default
[34m => [internal] load build definition from Dockerfile                       0.0s
[0m[34m => => transferring dockerfile: 153B                                       0.0s
[0m[34m => [internal] load metadata for docker.io/library/debian:trixie           0.2s
[0m[34m => [internal] load .dockerignore                                          0.0s
[0m[34m => => transferring context: 2B                                            0.0s
[0m[34m => CACHED [1/2] FROM docker.io/library/debian:trixie@sha256:34cd9e9fd437  0.0s
[0m => [2/2] RUN apt-get update && apt-get --yes upgrade && apt-get install  19.0s
[?25h[1A[1A[1A[1A[1A[1A[1A[1A[0G[?25l[+] Building 19.3s (4/5)                                         docker:default
[34m => [internal] load build definition from Dockerfile                       0.0s
[0m[34m => => transferring dockerfile: 153B                                       0.0s
[0m[34m => [internal] load metadata for docker.io/library/debian:trixie           0.2s
[0m[34m => [internal] load .dockerignore                                          0.0s
[0m[34m => => transferring context: 2B                                            0.0s
[0m[34m => CACHED [1/2] FROM docker.io/library/debian:trixie@sha256:34cd9e9fd437  0.0s
[0m => [2/2] RUN apt-get update && apt-get --yes upgrade && apt-get install  19.1s
[?25h[1A[1A[1A[1A[1A[1A[1A[1A[0G[?25l[+] Building 19.4s (4/5)                                         docker:default
[34m => [internal] load build definition from Dockerfile                       0.0s
[0m[34m => => transferring dockerfile: 153B                                       0.0s
[0m[34m => [internal] load metadata for docker.io/library/debian:trixie           0.2s
[0m[34m => [internal] load .dockerignore                                          0.0s
[0m[34m => => transferring context: 2B                                            0.0s
[0m[34m => CACHED [1/2] FROM docker.io/library/debian:trixie@sha256:34cd9e9fd437  0.0s
[0m => [2/2] RUN apt-get update && apt-get --yes upgrade && apt-get install  19.2s
[?25h[1A[1A[1A[1A[1A[1A[1A[1A[0G[?25l[+] Building 19.5s (4/5)                                         docker:default
[34m => [internal] load build definition from Dockerfile                       0.0s
[0m[34m => => transferring dockerfile: 153B                                       0.0s
[0m[34m => [internal] load metadata for docker.io/library/debian:trixie           0.2s
[0m[34m => [internal] load .dockerignore                                          0.0s
[0m[34m => => transferring context: 2B                                            0.0s
[0m[34m => CACHED [1/2] FROM docker.io/library/debian:trixie@sha256:34cd9e9fd437  0.0s
[0m => [2/2] RUN apt-get update && apt-get --yes upgrade && apt-get install  19.3s
[?25h[1A[1A[1A[1A[1A[1A[1A[1A[0G[?25l[+] Building 19.7s (4/5)                                         docker:default
[34m => [internal] load build definition from Dockerfile                       0.0s
[0m[34m => => transferring dockerfile: 153B                                       0.0s
[0m[34m => [internal] load metadata for docker.io/library/debian:trixie           0.2s
[0m[34m => [internal] load .dockerignore                                          0.0s
[0m[34m => => transferring context: 2B                                            0.0s
[0m[34m => CACHED [1/2] FROM docker.io/library/debian:trixie@sha256:34cd9e9fd437  0.0s
[0m => [2/2] RUN apt-get update && apt-get --yes upgrade && apt-get install  19.4s
[?25h[1A[1A[1A[1A[1A[1A[1A[1A[0G[?25l[+] Building 19.8s (4/5)                                         docker:default
[34m => [internal] load build definition from Dockerfile                       0.0s
[0m[34m => => transferring dockerfile: 153B                                       0.0s
[0m[34m => [internal] load metadata for docker.io/library/debian:trixie           0.2s
[0m[34m => [internal] load .dockerignore                                          0.0s
[0m[34m => => transferring context: 2B                                            0.0s
[0m[34m => CACHED [1/2] FROM docker.io/library/debian:trixie@sha256:34cd9e9fd437  0.0s
[0m => [2/2] RUN apt-get update && apt-get --yes upgrade && apt-get install  19.5s
[?25h[1A[1A[1A[1A[1A[1A[1A[1A[0G[?25l[+] Building 19.9s (4/5)                                         docker:default
[34m => [internal] load build definition from Dockerfile                       0.0s
[0m[34m => => transferring dockerfile: 153B                                       0.0s
[0m[34m => [internal] load metadata for docker.io/library/debian:trixie           0.2s
[0m[34m => [internal] load .dockerignore                                          0.0s
[0m[34m => => transferring context: 2B                                            0.0s
[0m[34m => CACHED [1/2] FROM docker.io/library/debian:trixie@sha256:34cd9e9fd437  0.0s
[0m => [2/2] RUN apt-get update && apt-get --yes upgrade && apt-get install  19.6s
[?25h[1A[1A[1A[1A[1A[1A[1A[1A[0G[?25l[+] Building 20.0s (4/5)                                         docker:default
[34m => [internal] load build definition from Dockerfile                       0.0s
[0m[34m => => transferring dockerfile: 153B                                       0.0s
[0m[34m => [internal] load metadata for docker.io/library/debian:trixie           0.2s
[0m[34m => [internal] load .dockerignore                                          0.0s
[0m[34m => => transferring context: 2B                                            0.0s
[0m[34m => CACHED [1/2] FROM docker.io/library/debian:trixie@sha256:34cd9e9fd437  0.0s
[0m => [2/2] RUN apt-get update && apt-get --yes upgrade && apt-get install  19.7s
[?25h[1A[1A[1A[1A[1A[1A[1A[1A[0G[?25l[+] Building 20.1s (4/5)                                         docker:default
[34m => [internal] load build definition from Dockerfile                       0.0s
[0m[34m => => transferring dockerfile: 153B                                       0.0s
[0m[34m => [internal] load metadata for docker.io/library/debian:trixie           0.2s
[0m[34m => [internal] load .dockerignore                                          0.0s
[0m[34m => => transferring context: 2B                                            0.0s
[0m[34m => CACHED [1/2] FROM docker.io/library/debian:trixie@sha256:34cd9e9fd437  0.0s
[0m => [2/2] RUN apt-get update && apt-get --yes upgrade && apt-get install  19.8s
[?25h[1A[1A[1A[1A[1A[1A[1A[1A[0G[?25l[+] Building 20.2s (4/5)                                         docker:default
[34m => [internal] load build definition from Dockerfile                       0.0s
[0m[34m => => transferring dockerfile: 153B                                       0.0s
[0m[34m => [internal] load metadata for docker.io/library/debian:trixie           0.2s
[0m[34m => [internal] load .dockerignore                                          0.0s
[0m[34m => => transferring context: 2B                                            0.0s
[0m[34m => CACHED [1/2] FROM docker.io/library/debian:trixie@sha256:34cd9e9fd437  0.0s
[0m => [2/2] RUN apt-get update && apt-get --yes upgrade && apt-get install  19.9s
[?25h[1A[1A[1A[1A[1A[1A[1A[1A[0G[?25l[+] Building 20.3s (4/5)                                         docker:default
[34m => [internal] load build definition from Dockerfile                       0.0s
[0m[34m => => transferring dockerfile: 153B                                       0.0s
[0m[34m => [internal] load metadata for docker.io/library/debian:trixie           0.2s
[0m[34m => [internal] load .dockerignore                                          0.0s
[0m[34m => => transferring context: 2B                                            0.0s
[0m[34m => CACHED [1/2] FROM docker.io/library/debian:trixie@sha256:34cd9e9fd437  0.0s
[0m => [2/2] RUN apt-get update && apt-get --yes upgrade && apt-get install  20.1s
[?25h[1A[1A[1A[1A[1A[1A[1A[1A[0G[?25l[+] Building 20.4s (4/5)                                         docker:default
[34m => [internal] load build definition from Dockerfile                       0.0s
[0m[34m => => transferring dockerfile: 153B                                       0.0s
[0m[34m => [internal] load metadata for docker.io/library/debian:trixie           0.2s
[0m[34m => [internal] load .dockerignore                                          0.0s
[0m[34m => => transferring context: 2B                                            0.0s
[0m[34m => CACHED [1/2] FROM docker.io/library/debian:trixie@sha256:34cd9e9fd437  0.0s
[0m => [2/2] RUN apt-get update && apt-get --yes upgrade && apt-get install  20.2s
[?25h[1A[1A[1A[1A[1A[1A[1A[1A[0G[?25l[+] Building 20.5s (4/5)                                         docker:default
[34m => [internal] load build definition from Dockerfile                       0.0s
[0m[34m => => transferring dockerfile: 153B                                       0.0s
[0m[34m => [internal] load metadata for docker.io/library/debian:trixie           0.2s
[0m[34m => [internal] load .dockerignore                                          0.0s
[0m[34m => => transferring context: 2B                                            0.0s
[0m[34m => CACHED [1/2] FROM docker.io/library/debian:trixie@sha256:34cd9e9fd437  0.0s
[0m => [2/2] RUN apt-get update && apt-get --yes upgrade && apt-get install  20.3s
[?25h[1A[1A[1A[1A[1A[1A[1A[1A[0G[?25l[+] Building 20.6s (4/5)                                         docker:default
[34m => [internal] load build definition from Dockerfile                       0.0s
[0m[34m => => transferring dockerfile: 153B                                       0.0s
[0m[34m => [internal] load metadata for docker.io/library/debian:trixie           0.2s
[0m[34m => [internal] load .dockerignore                                          0.0s
[0m[34m => => transferring context: 2B                                            0.0s
[0m[34m => CACHED [1/2] FROM docker.io/library/debian:trixie@sha256:34cd9e9fd437  0.0s
[0m => [2/2] RUN apt-get update && apt-get --yes upgrade && apt-get install  20.4s
[?25h[1A[1A[1A[1A[1A[1A[1A[1A[0G[?25l[+] Building 20.7s (4/5)                                         docker:default
[34m => [internal] load build definition from Dockerfile                       0.0s
[0m[34m => => transferring dockerfile: 153B                                       0.0s
[0m[34m => [internal] load metadata for docker.io/library/debian:trixie           0.2s
[0m[34m => [internal] load .dockerignore                                          0.0s
[0m[34m => => transferring context: 2B                                            0.0s
[0m[34m => CACHED [1/2] FROM docker.io/library/debian:trixie@sha256:34cd9e9fd437  0.0s
[0m => [2/2] RUN apt-get update && apt-get --yes upgrade && apt-get install  20.5s
[?25h[1A[1A[1A[1A[1A[1A[1A[1A[0G[?25l[+] Building 20.8s (4/5)                                         docker:default
[34m => [internal] load build definition from Dockerfile                       0.0s
[0m[34m => => transferring dockerfile: 153B                                       0.0s
[0m[34m => [internal] load metadata for docker.io/library/debian:trixie           0.2s
[0m[34m => [internal] load .dockerignore                                          0.0s
[0m[34m => => transferring context: 2B                                            0.0s
[0m[34m => CACHED [1/2] FROM docker.io/library/debian:trixie@sha256:34cd9e9fd437  0.0s
[0m => [2/2] RUN apt-get update && apt-get --yes upgrade && apt-get install  20.6s
[?25h[1A[1A[1A[1A[1A[1A[1A[1A[0G[?25l[+] Building 20.9s (4/5)                                         docker:default
[34m => [internal] load build definition from Dockerfile                       0.0s
[0m[34m => => transferring dockerfile: 153B                                       0.0s
[0m[34m => [internal] load metadata for docker.io/library/debian:trixie           0.2s
[0m[34m => [internal] load .dockerignore                                          0.0s
[0m[34m => => transferring context: 2B                                            0.0s
[0m[34m => CACHED [1/2] FROM docker.io/library/debian:trixie@sha256:34cd9e9fd437  0.0s
[0m => [2/2] RUN apt-get update && apt-get --yes upgrade && apt-get install  20.7s
[?25h[1A[1A[1A[1A[1A[1A[1A[1A[0G[?25l[+] Building 21.1s (4/5)                                         docker:default
[34m => [internal] load build definition from Dockerfile                       0.0s
[0m[34m => => transferring dockerfile: 153B                                       0.0s
[0m[34m => [internal] load metadata for docker.io/library/debian:trixie           0.2s
[0m[34m => [internal] load .dockerignore                                          0.0s
[0m[34m => => transferring context: 2B                                            0.0s
[0m[34m => CACHED [1/2] FROM docker.io/library/debian:trixie@sha256:34cd9e9fd437  0.0s
[0m => [2/2] RUN apt-get update && apt-get --yes upgrade && apt-get install  20.9s
[?25h[1A[1A[1A[1A[1A[1A[1A[1A[0G[?25l[+] Building 21.3s (4/5)                                         docker:default
[34m => [internal] load build definition from Dockerfile                       0.0s
[0m[34m => => transferring dockerfile: 153B                                       0.0s
[0m[34m => [internal] load metadata for docker.io/library/debian:trixie           0.2s
[0m[34m => [internal] load .dockerignore                                          0.0s
[0m[34m => => transferring context: 2B                                            0.0s
[0m[34m => CACHED [1/2] FROM docker.io/library/debian:trixie@sha256:34cd9e9fd437  0.0s
[0m => [2/2] RUN apt-get update && apt-get --yes upgrade && apt-get install  21.1s
[?25h[1A[1A[1A[1A[1A[1A[1A[1A[0G[?25l[+] Building 21.3s (4/5)                                         docker:default
[34m => [internal] load build definition from Dockerfile                       0.0s
[0m[34m => => transferring dockerfile: 153B                                       0.0s
[0m[34m => [internal] load metadata for docker.io/library/debian:trixie           0.2s
[0m[34m => [internal] load .dockerignore                                          0.0s
[0m[34m => => transferring context: 2B                                            0.0s
[0m[34m => CACHED [1/2] FROM docker.io/library/debian:trixie@sha256:34cd9e9fd437  0.0s
[0m => [2/2] RUN apt-get update && apt-get --yes upgrade && apt-get install  21.1s
[?25h[1A[1A[1A[1A[1A[1A[1A[1A[0G[?25l[+] Building 21.5s (4/5)                                         docker:default
[34m => [internal] load build definition from Dockerfile                       0.0s
[0m[34m => => transferring dockerfile: 153B                                       0.0s
[0m[34m => [internal] load metadata for docker.io/library/debian:trixie           0.2s
[0m[34m => [internal] load .dockerignore                                          0.0s
[0m[34m => => transferring context: 2B                                            0.0s
[0m[34m => CACHED [1/2] FROM docker.io/library/debian:trixie@sha256:34cd9e9fd437  0.0s
[0m => [2/2] RUN apt-get update && apt-get --yes upgrade && apt-get install  21.2s
[?25h[1A[1A[1A[1A[1A[1A[1A[1A[0G[?25l[+] Building 21.6s (4/5)                                         docker:default
[34m => [internal] load build definition from Dockerfile                       0.0s
[0m[34m => => transferring dockerfile: 153B                                       0.0s
[0m[34m => [internal] load metadata for docker.io/library/debian:trixie           0.2s
[0m[34m => [internal] load .dockerignore                                          0.0s
[0m[34m => => transferring context: 2B                                            0.0s
[0m[34m => CACHED [1/2] FROM docker.io/library/debian:trixie@sha256:34cd9e9fd437  0.0s
[0m => [2/2] RUN apt-get update && apt-get --yes upgrade && apt-get install  21.4s
[?25h[1A[1A[1A[1A[1A[1A[1A[1A[0G[?25l[+] Building 21.8s (4/5)                                         docker:default
[34m => [internal] load build definition from Dockerfile                       0.0s
[0m[34m => => transferring dockerfile: 153B                                       0.0s
[0m[34m => [internal] load metadata for docker.io/library/debian:trixie           0.2s
[0m[34m => [internal] load .dockerignore                                          0.0s
[0m[34m => => transferring context: 2B                                            0.0s
[0m[34m => CACHED [1/2] FROM docker.io/library/debian:trixie@sha256:34cd9e9fd437  0.0s
[0m => [2/2] RUN apt-get update && apt-get --yes upgrade && apt-get install  21.6s
[?25h[1A[1A[1A[1A[1A[1A[1A[1A[0G[?25l[+] Building 22.0s (4/5)                                         docker:default
[34m => [internal] load build definition from Dockerfile                       0.0s
[0m[34m => => transferring dockerfile: 153B                                       0.0s
[0m[34m => [internal] load metadata for docker.io/library/debian:trixie           0.2s
[0m[34m => [internal] load .dockerignore                                          0.0s
[0m[34m => => transferring context: 2B                                            0.0s
[0m[34m => CACHED [1/2] FROM docker.io/library/debian:trixie@sha256:34cd9e9fd437  0.0s
[0m => [2/2] RUN apt-get update && apt-get --yes upgrade && apt-get install  21.7s
[?25h[1A[1A[1A[1A[1A[1A[1A[1A[0G[?25l[+] Building 22.1s (4/5)                                         docker:default
[34m => [internal] load build definition from Dockerfile                       0.0s
[0m[34m => => transferring dockerfile: 153B                                       0.0s
[0m[34m => [internal] load metadata for docker.io/library/debian:trixie           0.2s
[0m[34m => [internal] load .dockerignore                                          0.0s
[0m[34m => => transferring context: 2B                                            0.0s
[0m[34m => CACHED [1/2] FROM docker.io/library/debian:trixie@sha256:34cd9e9fd437  0.0s
[0m => [2/2] RUN apt-get update && apt-get --yes upgrade && apt-get install  21.8s
[?25h[1A[1A[1A[1A[1A[1A[1A[1A[0G[?25l[+] Building 22.2s (4/5)                                         docker:default
[34m => [internal] load build definition from Dockerfile                       0.0s
[0m[34m => => transferring dockerfile: 153B                                       0.0s
[0m[34m => [internal] load metadata for docker.io/library/debian:trixie           0.2s
[0m[34m => [internal] load .dockerignore                                          0.0s
[0m[34m => => transferring context: 2B                                            0.0s
[0m[34m => CACHED [1/2] FROM docker.io/library/debian:trixie@sha256:34cd9e9fd437  0.0s
[0m => [2/2] RUN apt-get update && apt-get --yes upgrade && apt-get install  21.9s
[?25h[1A[1A[1A[1A[1A[1A[1A[1A[0G[?25l[+] Building 22.3s (4/5)                                         docker:default
[34m => [internal] load build definition from Dockerfile                       0.0s
[0m[34m => => transferring dockerfile: 153B                                       0.0s
[0m[34m => [internal] load metadata for docker.io/library/debian:trixie           0.2s
[0m[34m => [internal] load .dockerignore                                          0.0s
[0m[34m => => transferring context: 2B                                            0.0s
[0m[34m => CACHED [1/2] FROM docker.io/library/debian:trixie@sha256:34cd9e9fd437  0.0s
[0m => [2/2] RUN apt-get update && apt-get --yes upgrade && apt-get install  22.0s
[?25h[1A[1A[1A[1A[1A[1A[1A[1A[0G[?25l[+] Building 22.4s (4/5)                                         docker:default
[34m => [internal] load build definition from Dockerfile                       0.0s
[0m[34m => => transferring dockerfile: 153B                                       0.0s
[0m[34m => [internal] load metadata for docker.io/library/debian:trixie           0.2s
[0m[34m => [internal] load .dockerignore                                          0.0s
[0m[34m => => transferring context: 2B                                            0.0s
[0m[34m => CACHED [1/2] FROM docker.io/library/debian:trixie@sha256:34cd9e9fd437  0.0s
[0m => [2/2] RUN apt-get update && apt-get --yes upgrade && apt-get install  22.2s
[?25h[1A[1A[1A[1A[1A[1A[1A[1A[0G[?25l[+] Building 22.6s (4/5)                                         docker:default
[34m => [internal] load build definition from Dockerfile                       0.0s
[0m[34m => => transferring dockerfile: 153B                                       0.0s
[0m[34m => [internal] load metadata for docker.io/library/debian:trixie           0.2s
[0m[34m => [internal] load .dockerignore                                          0.0s
[0m[34m => => transferring context: 2B                                            0.0s
[0m[34m => CACHED [1/2] FROM docker.io/library/debian:trixie@sha256:34cd9e9fd437  0.0s
[0m => [2/2] RUN apt-get update && apt-get --yes upgrade && apt-get install  22.3s
[?25h[1A[1A[1A[1A[1A[1A[1A[1A[0G[?25l[+] Building 22.7s (4/5)                                         docker:default
[34m => [internal] load build definition from Dockerfile                       0.0s
[0m[34m => => transferring dockerfile: 153B                                       0.0s
[0m[34m => [internal] load metadata for docker.io/library/debian:trixie           0.2s
[0m[34m => [internal] load .dockerignore                                          0.0s
[0m[34m => => transferring context: 2B                                            0.0s
[0m[34m => CACHED [1/2] FROM docker.io/library/debian:trixie@sha256:34cd9e9fd437  0.0s
[0m => [2/2] RUN apt-get update && apt-get --yes upgrade && apt-get install  22.5s
[?25h[1A[1A[1A[1A[1A[1A[1A[1A[0G[?25l[+] Building 22.8s (4/5)                                         docker:default
[34m => [internal] load build definition from Dockerfile                       0.0s
[0m[34m => => transferring dockerfile: 153B                                       0.0s
[0m[34m => [internal] load metadata for docker.io/library/debian:trixie           0.2s
[0m[34m => [internal] load .dockerignore                                          0.0s
[0m[34m => => transferring context: 2B                                            0.0s
[0m[34m => CACHED [1/2] FROM docker.io/library/debian:trixie@sha256:34cd9e9fd437  0.0s
[0m => [2/2] RUN apt-get update && apt-get --yes upgrade && apt-get install  22.6s
[?25h[1A[1A[1A[1A[1A[1A[1A[1A[0G[?25l[+] Building 23.0s (4/5)                                         docker:default
[34m => [internal] load build definition from Dockerfile                       0.0s
[0m[34m => => transferring dockerfile: 153B                                       0.0s
[0m[34m => [internal] load metadata for docker.io/library/debian:trixie           0.2s
[0m[34m => [internal] load .dockerignore                                          0.0s
[0m[34m => => transferring context: 2B                                            0.0s
[0m[34m => CACHED [1/2] FROM docker.io/library/debian:trixie@sha256:34cd9e9fd437  0.0s
[0m => [2/2] RUN apt-get update && apt-get --yes upgrade && apt-get install  22.7s
[?25h[1A[1A[1A[1A[1A[1A[1A[1A[0G[?25l[+] Building 23.1s (4/5)                                         docker:default
[34m => [internal] load build definition from Dockerfile                       0.0s
[0m[34m => => transferring dockerfile: 153B                                       0.0s
[0m[34m => [internal] load metadata for docker.io/library/debian:trixie           0.2s
[0m[34m => [internal] load .dockerignore                                          0.0s
[0m[34m => => transferring context: 2B                                            0.0s
[0m[34m => CACHED [1/2] FROM docker.io/library/debian:trixie@sha256:34cd9e9fd437  0.0s
[0m => [2/2] RUN apt-get update && apt-get --yes upgrade && apt-get install  22.9s
[?25h[1A[1A[1A[1A[1A[1A[1A[1A[0G[?25l[+] Building 23.3s (4/5)                                         docker:default
[34m => [internal] load build definition from Dockerfile                       0.0s
[0m[34m => => transferring dockerfile: 153B                                       0.0s
[0m[34m => [internal] load metadata for docker.io/library/debian:trixie           0.2s
[0m[34m => [internal] load .dockerignore                                          0.0s
[0m[34m => => transferring context: 2B                                            0.0s
[0m[34m => CACHED [1/2] FROM docker.io/library/debian:trixie@sha256:34cd9e9fd437  0.0s
[0m => [2/2] RUN apt-get update && apt-get --yes upgrade && apt-get install  23.0s
[?25h[1A[1A[1A[1A[1A[1A[1A[1A[0G[?25l[+] Building 23.4s (4/5)                                         docker:default
[34m => [internal] load build definition from Dockerfile                       0.0s
[0m[34m => => transferring dockerfile: 153B                                       0.0s
[0m[34m => [internal] load metadata for docker.io/library/debian:trixie           0.2s
[0m[34m => [internal] load .dockerignore                                          0.0s
[0m[34m => => transferring context: 2B                                            0.0s
[0m[34m => CACHED [1/2] FROM docker.io/library/debian:trixie@sha256:34cd9e9fd437  0.0s
[0m => [2/2] RUN apt-get update && apt-get --yes upgrade && apt-get install  23.1s
[?25h[1A[1A[1A[1A[1A[1A[1A[1A[0G[?25l[+] Building 23.6s (4/5)                                         docker:default
[34m => [internal] load build definition from Dockerfile                       0.0s
[0m[34m => => transferring dockerfile: 153B                                       0.0s
[0m[34m => [internal] load metadata for docker.io/library/debian:trixie           0.2s
[0m[34m => [internal] load .dockerignore                                          0.0s
[0m[34m => => transferring context: 2B                                            0.0s
[0m[34m => CACHED [1/2] FROM docker.io/library/debian:trixie@sha256:34cd9e9fd437  0.0s
[0m => [2/2] RUN apt-get update && apt-get --yes upgrade && apt-get install  23.3s
[?25h[1A[1A[1A[1A[1A[1A[1A[1A[0G[?25l[+] Building 23.7s (4/5)                                         docker:default
[34m => [internal] load build definition from Dockerfile                       0.0s
[0m[34m => => transferring dockerfile: 153B                                       0.0s
[0m[34m => [internal] load metadata for docker.io/library/debian:trixie           0.2s
[0m[34m => [internal] load .dockerignore                                          0.0s
[0m[34m => => transferring context: 2B                                            0.0s
[0m[34m => CACHED [1/2] FROM docker.io/library/debian:trixie@sha256:34cd9e9fd437  0.0s
[0m => [2/2] RUN apt-get update && apt-get --yes upgrade && apt-get install  23.5s
[?25h[1A[1A[1A[1A[1A[1A[1A[1A[0G[?25l[+] Building 23.9s (4/5)                                         docker:default
[34m => [internal] load build definition from Dockerfile                       0.0s
[0m[34m => => transferring dockerfile: 153B                                       0.0s
[0m[34m => [internal] load metadata for docker.io/library/debian:trixie           0.2s
[0m[34m => [internal] load .dockerignore                                          0.0s
[0m[34m => => transferring context: 2B                                            0.0s
[0m[34m => CACHED [1/2] FROM docker.io/library/debian:trixie@sha256:34cd9e9fd437  0.0s
[0m => [2/2] RUN apt-get update && apt-get --yes upgrade && apt-get install  23.6s
[?25h[1A[1A[1A[1A[1A[1A[1A[1A[0G[?25l[+] Building 24.0s (4/5)                                         docker:default
[34m => [internal] load build definition from Dockerfile                       0.0s
[0m[34m => => transferring dockerfile: 153B                                       0.0s
[0m[34m => [internal] load metadata for docker.io/library/debian:trixie           0.2s
[0m[34m => [internal] load .dockerignore                                          0.0s
[0m[34m => => transferring context: 2B                                            0.0s
[0m[34m => CACHED [1/2] FROM docker.io/library/debian:trixie@sha256:34cd9e9fd437  0.0s
[0m => [2/2] RUN apt-get update && apt-get --yes upgrade && apt-get install  23.7s
[?25h[1A[1A[1A[1A[1A[1A[1A[1A[0G[?25l[+] Building 24.1s (4/5)                                         docker:default
[34m => [internal] load build definition from Dockerfile                       0.0s
[0m[34m => => transferring dockerfile: 153B                                       0.0s
[0m[34m => [internal] load metadata for docker.io/library/debian:trixie           0.2s
[0m[34m => [internal] load .dockerignore                                          0.0s
[0m[34m => => transferring context: 2B                                            0.0s
[0m[34m => CACHED [1/2] FROM docker.io/library/debian:trixie@sha256:34cd9e9fd437  0.0s
[0m => [2/2] RUN apt-get update && apt-get --yes upgrade && apt-get install  23.9s
[?25h[1A[1A[1A[1A[1A[1A[1A[1A[0G[?25l[+] Building 24.2s (4/5)                                         docker:default
[34m => [internal] load build definition from Dockerfile                       0.0s
[0m[34m => => transferring dockerfile: 153B                                       0.0s
[0m[34m => [internal] load metadata for docker.io/library/debian:trixie           0.2s
[0m[34m => [internal] load .dockerignore                                          0.0s
[0m[34m => => transferring context: 2B                                            0.0s
[0m[34m => CACHED [1/2] FROM docker.io/library/debian:trixie@sha256:34cd9e9fd437  0.0s
[0m => [2/2] RUN apt-get update && apt-get --yes upgrade && apt-get install  24.0s
[?25h[1A[1A[1A[1A[1A[1A[1A[1A[0G[?25l[+] Building 24.4s (4/5)                                         docker:default
[34m => [internal] load build definition from Dockerfile                       0.0s
[0m[34m => => transferring dockerfile: 153B                                       0.0s
[0m[34m => [internal] load metadata for docker.io/library/debian:trixie           0.2s
[0m[34m => [internal] load .dockerignore                                          0.0s
[0m[34m => => transferring context: 2B                                            0.0s
[0m[34m => CACHED [1/2] FROM docker.io/library/debian:trixie@sha256:34cd9e9fd437  0.0s
[0m => [2/2] RUN apt-get update && apt-get --yes upgrade && apt-get install  24.1s
[?25h[1A[1A[1A[1A[1A[1A[1A[1A[0G[?25l[+] Building 24.5s (4/5)                                         docker:default
[34m => [internal] load build definition from Dockerfile                       0.0s
[0m[34m => => transferring dockerfile: 153B                                       0.0s
[0m[34m => [internal] load metadata for docker.io/library/debian:trixie           0.2s
[0m[34m => [internal] load .dockerignore                                          0.0s
[0m[34m => => transferring context: 2B                                            0.0s
[0m[34m => CACHED [1/2] FROM docker.io/library/debian:trixie@sha256:34cd9e9fd437  0.0s
[0m => [2/2] RUN apt-get update && apt-get --yes upgrade && apt-get install  24.3s
[?25h[1A[1A[1A[1A[1A[1A[1A[1A[0G[?25l[+] Building 24.6s (4/5)                                         docker:default
[34m => [internal] load build definition from Dockerfile                       0.0s
[0m[34m => => transferring dockerfile: 153B                                       0.0s
[0m[34m => [internal] load metadata for docker.io/library/debian:trixie           0.2s
[0m[34m => [internal] load .dockerignore                                          0.0s
[0m[34m => => transferring context: 2B                                            0.0s
[0m[34m => CACHED [1/2] FROM docker.io/library/debian:trixie@sha256:34cd9e9fd437  0.0s
[0m => [2/2] RUN apt-get update && apt-get --yes upgrade && apt-get install  24.4s
[?25h[1A[1A[1A[1A[1A[1A[1A[1A[0G[?25l[+] Building 24.8s (4/5)                                         docker:default
[34m => [internal] load build definition from Dockerfile                       0.0s
[0m[34m => => transferring dockerfile: 153B                                       0.0s
[0m[34m => [internal] load metadata for docker.io/library/debian:trixie           0.2s
[0m[34m => [internal] load .dockerignore                                          0.0s
[0m[34m => => transferring context: 2B                                            0.0s
[0m[34m => CACHED [1/2] FROM docker.io/library/debian:trixie@sha256:34cd9e9fd437  0.0s
[0m => [2/2] RUN apt-get update && apt-get --yes upgrade && apt-get install  24.5s
[?25h[1A[1A[1A[1A[1A[1A[1A[1A[0G[?25l[+] Building 25.0s (4/5)                                         docker:default
[34m => [internal] load build definition from Dockerfile                       0.0s
[0m[34m => => transferring dockerfile: 153B                                       0.0s
[0m[34m => [internal] load metadata for docker.io/library/debian:trixie           0.2s
[0m[34m => [internal] load .dockerignore                                          0.0s
[0m[34m => => transferring context: 2B                                            0.0s
[0m[34m => CACHED [1/2] FROM docker.io/library/debian:trixie@sha256:34cd9e9fd437  0.0s
[0m => [2/2] RUN apt-get update && apt-get --yes upgrade && apt-get install  24.7s
[?25h[1A[1A[1A[1A[1A[1A[1A[1A[0G[?25l[+] Building 25.1s (4/5)                                         docker:default
[34m => [internal] load build definition from Dockerfile                       0.0s
[0m[34m => => transferring dockerfile: 153B                                       0.0s
[0m[34m => [internal] load metadata for docker.io/library/debian:trixie           0.2s
[0m[34m => [internal] load .dockerignore                                          0.0s
[0m[34m => => transferring context: 2B                                            0.0s
[0m[34m => CACHED [1/2] FROM docker.io/library/debian:trixie@sha256:34cd9e9fd437  0.0s
[0m => [2/2] RUN apt-get update && apt-get --yes upgrade && apt-get install  24.9s
[?25h[1A[1A[1A[1A[1A[1A[1A[1A[0G[?25l[+] Building 25.3s (4/5)                                         docker:default
[34m => [internal] load build definition from Dockerfile                       0.0s
[0m[34m => => transferring dockerfile: 153B                                       0.0s
[0m[34m => [internal] load metadata for docker.io/library/debian:trixie           0.2s
[0m[34m => [internal] load .dockerignore                                          0.0s
[0m[34m => => transferring context: 2B                                            0.0s
[0m[34m => CACHED [1/2] FROM docker.io/library/debian:trixie@sha256:34cd9e9fd437  0.0s
[0m => [2/2] RUN apt-get update && apt-get --yes upgrade && apt-get install  25.0s
[?25h[1A[1A[1A[1A[1A[1A[1A[1A[0G[?25l[+] Building 25.4s (4/5)                                         docker:default
[34m => [internal] load build definition from Dockerfile                       0.0s
[0m[34m => => transferring dockerfile: 153B                                       0.0s
[0m[34m => [internal] load metadata for docker.io/library/debian:trixie           0.2s
[0m[34m => [internal] load .dockerignore                                          0.0s
[0m[34m => => transferring context: 2B                                            0.0s
[0m[34m => CACHED [1/2] FROM docker.io/library/debian:trixie@sha256:34cd9e9fd437  0.0s
[0m => [2/2] RUN apt-get update && apt-get --yes upgrade && apt-get install  25.2s
[?25h[1A[1A[1A[1A[1A[1A[1A[1A[0G[?25l[+] Building 25.6s (4/5)                                         docker:default
[34m => [internal] load build definition from Dockerfile                       0.0s
[0m[34m => => transferring dockerfile: 153B                                       0.0s
[0m[34m => [internal] load metadata for docker.io/library/debian:trixie           0.2s
[0m[34m => [internal] load .dockerignore                                          0.0s
[0m[34m => => transferring context: 2B                                            0.0s
[0m[34m => CACHED [1/2] FROM docker.io/library/debian:trixie@sha256:34cd9e9fd437  0.0s
[0m => [2/2] RUN apt-get update && apt-get --yes upgrade && apt-get install  25.3s
[?25h[1A[1A[1A[1A[1A[1A[1A[1A[0G[?25l[+] Building 25.7s (4/5)                                         docker:default
[34m => [internal] load build definition from Dockerfile                       0.0s
[0m[34m => => transferring dockerfile: 153B                                       0.0s
[0m[34m => [internal] load metadata for docker.io/library/debian:trixie           0.2s
[0m[34m => [internal] load .dockerignore                                          0.0s
[0m[34m => => transferring context: 2B                                            0.0s
[0m[34m => CACHED [1/2] FROM docker.io/library/debian:trixie@sha256:34cd9e9fd437  0.0s
[0m => [2/2] RUN apt-get update && apt-get --yes upgrade && apt-get install  25.5s
[?25h[1A[1A[1A[1A[1A[1A[1A[1A[0G[?25l[+] Building 25.9s (4/5)                                         docker:default
[34m => [internal] load build definition from Dockerfile                       0.0s
[0m[34m => => transferring dockerfile: 153B                                       0.0s
[0m[34m => [internal] load metadata for docker.io/library/debian:trixie           0.2s
[0m[34m => [internal] load .dockerignore                                          0.0s
[0m[34m => => transferring context: 2B                                            0.0s
[0m[34m => CACHED [1/2] FROM docker.io/library/debian:trixie@sha256:34cd9e9fd437  0.0s
[0m => [2/2] RUN apt-get update && apt-get --yes upgrade && apt-get install  25.6s
[?25h[1A[1A[1A[1A[1A[1A[1A[1A[0G[?25l[+] Building 26.0s (4/5)                                         docker:default
[34m => [internal] load build definition from Dockerfile                       0.0s
[0m[34m => => transferring dockerfile: 153B                                       0.0s
[0m[34m => [internal] load metadata for docker.io/library/debian:trixie           0.2s
[0m[34m => [internal] load .dockerignore                                          0.0s
[0m[34m => => transferring context: 2B                                            0.0s
[0m[34m => CACHED [1/2] FROM docker.io/library/debian:trixie@sha256:34cd9e9fd437  0.0s
[0m => [2/2] RUN apt-get update && apt-get --yes upgrade && apt-get install  25.8s
[?25h[1A[1A[1A[1A[1A[1A[1A[1A[0G[?25l[+] Building 26.2s (4/5)                                         docker:default
[34m => [internal] load build definition from Dockerfile                       0.0s
[0m[34m => => transferring dockerfile: 153B                                       0.0s
[0m[34m => [internal] load metadata for docker.io/library/debian:trixie           0.2s
[0m[34m => [internal] load .dockerignore                                          0.0s
[0m[34m => => transferring context: 2B                                            0.0s
[0m[34m => CACHED [1/2] FROM docker.io/library/debian:trixie@sha256:34cd9e9fd437  0.0s
[0m => [2/2] RUN apt-get update && apt-get --yes upgrade && apt-get install  25.9s
[?25h[1A[1A[1A[1A[1A[1A[1A[1A[0G[?25l[+] Building 26.3s (4/5)                                         docker:default
[34m => [internal] load build definition from Dockerfile                       0.0s
[0m[34m => => transferring dockerfile: 153B                                       0.0s
[0m[34m => [internal] load metadata for docker.io/library/debian:trixie           0.2s
[0m[34m => [internal] load .dockerignore                                          0.0s
[0m[34m => => transferring context: 2B                                            0.0s
[0m[34m => CACHED [1/2] FROM docker.io/library/debian:trixie@sha256:34cd9e9fd437  0.0s
[0m => [2/2] RUN apt-get update && apt-get --yes upgrade && apt-get install  26.1s
[?25h[1A[1A[1A[1A[1A[1A[1A[1A[0G[?25l[+] Building 26.3s (4/5)                                         docker:default
[34m => [internal] load build definition from Dockerfile                       0.0s
[0m[34m => => transferring dockerfile: 153B                                       0.0s
[0m[34m => [internal] load metadata for docker.io/library/debian:trixie           0.2s
[0m[34m => [internal] load .dockerignore                                          0.0s
[0m[34m => => transferring context: 2B                                            0.0s
[0m[34m => CACHED [1/2] FROM docker.io/library/debian:trixie@sha256:34cd9e9fd437  0.0s
[0m => [2/2] RUN apt-get update && apt-get --yes upgrade && apt-get install  26.1s
[?25h[1A[1A[1A[1A[1A[1A[1A[1A[0G[?25l[+] Building 26.4s (4/5)                                         docker:default
[34m => [internal] load build definition from Dockerfile                       0.0s
[0m[34m => => transferring dockerfile: 153B                                       0.0s
[0m[34m => [internal] load metadata for docker.io/library/debian:trixie           0.2s
[0m[34m => [internal] load .dockerignore                                          0.0s
[0m[34m => => transferring context: 2B                                            0.0s
[0m[34m => CACHED [1/2] FROM docker.io/library/debian:trixie@sha256:34cd9e9fd437  0.0s
[0m => [2/2] RUN apt-get update && apt-get --yes upgrade && apt-get install  26.2s
[?25h[1A[1A[1A[1A[1A[1A[1A[1A[0G[?25l[+] Building 26.6s (4/5)                                         docker:default
[34m => [internal] load build definition from Dockerfile                       0.0s
[0m[34m => => transferring dockerfile: 153B                                       0.0s
[0m[34m => [internal] load metadata for docker.io/library/debian:trixie           0.2s
[0m[34m => [internal] load .dockerignore                                          0.0s
[0m[34m => => transferring context: 2B                                            0.0s
[0m[34m => CACHED [1/2] FROM docker.io/library/debian:trixie@sha256:34cd9e9fd437  0.0s
[0m => [2/2] RUN apt-get update && apt-get --yes upgrade && apt-get install  26.4s
[?25h[1A[1A[1A[1A[1A[1A[1A[1A[0G[?25l[+] Building 26.7s (4/5)                                         docker:default
[34m => [internal] load build definition from Dockerfile                       0.0s
[0m[34m => => transferring dockerfile: 153B                                       0.0s
[0m[34m => [internal] load metadata for docker.io/library/debian:trixie           0.2s
[0m[34m => [internal] load .dockerignore                                          0.0s
[0m[34m => => transferring context: 2B                                            0.0s
[0m[34m => CACHED [1/2] FROM docker.io/library/debian:trixie@sha256:34cd9e9fd437  0.0s
[0m => [2/2] RUN apt-get update && apt-get --yes upgrade && apt-get install  26.5s
[?25h[1A[1A[1A[1A[1A[1A[1A[1A[0G[?25l[+] Building 26.9s (4/5)                                         docker:default
[34m => [internal] load build definition from Dockerfile                       0.0s
[0m[34m => => transferring dockerfile: 153B                                       0.0s
[0m[34m => [internal] load metadata for docker.io/library/debian:trixie           0.2s
[0m[34m => [internal] load .dockerignore                                          0.0s
[0m[34m => => transferring context: 2B                                            0.0s
[0m[34m => CACHED [1/2] FROM docker.io/library/debian:trixie@sha256:34cd9e9fd437  0.0s
[0m => [2/2] RUN apt-get update && apt-get --yes upgrade && apt-get install  26.6s
[?25h[1A[1A[1A[1A[1A[1A[1A[1A[0G[?25l[+] Building 27.0s (4/5)                                         docker:default
[34m => [internal] load build definition from Dockerfile                       0.0s
[0m[34m => => transferring dockerfile: 153B                                       0.0s
[0m[34m => [internal] load metadata for docker.io/library/debian:trixie           0.2s
[0m[34m => [internal] load .dockerignore                                          0.0s
[0m[34m => => transferring context: 2B                                            0.0s
[0m[34m => CACHED [1/2] FROM docker.io/library/debian:trixie@sha256:34cd9e9fd437  0.0s
[0m => [2/2] RUN apt-get update && apt-get --yes upgrade && apt-get install  26.7s
[?25h[1A[1A[1A[1A[1A[1A[1A[1A[0G[?25l[+] Building 27.1s (4/5)                                         docker:default
[34m => [internal] load build definition from Dockerfile                       0.0s
[0m[34m => => transferring dockerfile: 153B                                       0.0s
[0m[34m => [internal] load metadata for docker.io/library/debian:trixie           0.2s
[0m[34m => [internal] load .dockerignore                                          0.0s
[0m[34m => => transferring context: 2B                                            0.0s
[0m[34m => CACHED [1/2] FROM docker.io/library/debian:trixie@sha256:34cd9e9fd437  0.0s
[0m => [2/2] RUN apt-get update && apt-get --yes upgrade && apt-get install  26.9s
[?25h[1A[1A[1A[1A[1A[1A[1A[1A[0G[?25l[+] Building 27.2s (4/5)                                         docker:default
[34m => [internal] load build definition from Dockerfile                       0.0s
[0m[34m => => transferring dockerfile: 153B                                       0.0s
[0m[34m => [internal] load metadata for docker.io/library/debian:trixie           0.2s
[0m[34m => [internal] load .dockerignore                                          0.0s
[0m[34m => => transferring context: 2B                                            0.0s
[0m[34m => CACHED [1/2] FROM docker.io/library/debian:trixie@sha256:34cd9e9fd437  0.0s
[0m => [2/2] RUN apt-get update && apt-get --yes upgrade && apt-get install  27.0s
[?25h[1A[1A[1A[1A[1A[1A[1A[1A[0G[?25l[+] Building 27.4s (4/5)                                         docker:default
[34m => [internal] load build definition from Dockerfile                       0.0s
[0m[34m => => transferring dockerfile: 153B                                       0.0s
[0m[34m => [internal] load metadata for docker.io/library/debian:trixie           0.2s
[0m[34m => [internal] load .dockerignore                                          0.0s
[0m[34m => => transferring context: 2B                                            0.0s
[0m[34m => CACHED [1/2] FROM docker.io/library/debian:trixie@sha256:34cd9e9fd437  0.0s
[0m => [2/2] RUN apt-get update && apt-get --yes upgrade && apt-get install  27.1s
[?25h[1A[1A[1A[1A[1A[1A[1A[1A[0G[?25l[+] Building 27.6s (4/5)                                         docker:default
[34m => [internal] load build definition from Dockerfile                       0.0s
[0m[34m => => transferring dockerfile: 153B                                       0.0s
[0m[34m => [internal] load metadata for docker.io/library/debian:trixie           0.2s
[0m[34m => [internal] load .dockerignore                                          0.0s
[0m[34m => => transferring context: 2B                                            0.0s
[0m[34m => CACHED [1/2] FROM docker.io/library/debian:trixie@sha256:34cd9e9fd437  0.0s
[0m => [2/2] RUN apt-get update && apt-get --yes upgrade && apt-get install  27.4s
[?25h[1A[1A[1A[1A[1A[1A[1A[1A[0G[?25l[+] Building 27.7s (4/5)                                         docker:default
[34m => [internal] load build definition from Dockerfile                       0.0s
[0m[34m => => transferring dockerfile: 153B                                       0.0s
[0m[34m => [internal] load metadata for docker.io/library/debian:trixie           0.2s
[0m[34m => [internal] load .dockerignore                                          0.0s
[0m[34m => => transferring context: 2B                                            0.0s
[0m[34m => CACHED [1/2] FROM docker.io/library/debian:trixie@sha256:34cd9e9fd437  0.0s
[0m => [2/2] RUN apt-get update && apt-get --yes upgrade && apt-get install  27.5s
[?25h[1A[1A[1A[1A[1A[1A[1A[1A[0G[?25l[+] Building 27.9s (4/5)                                         docker:default
[34m => [internal] load build definition from Dockerfile                       0.0s
[0m[34m => => transferring dockerfile: 153B                                       0.0s
[0m[34m => [internal] load metadata for docker.io/library/debian:trixie           0.2s
[0m[34m => [internal] load .dockerignore                                          0.0s
[0m[34m => => transferring context: 2B                                            0.0s
[0m[34m => CACHED [1/2] FROM docker.io/library/debian:trixie@sha256:34cd9e9fd437  0.0s
[0m => [2/2] RUN apt-get update && apt-get --yes upgrade && apt-get install  27.7s
[?25h[1A[1A[1A[1A[1A[1A[1A[1A[0G[?25l[+] Building 27.9s (4/5)                                         docker:default
[34m => [internal] load build definition from Dockerfile                       0.0s
[0m[34m => => transferring dockerfile: 153B                                       0.0s
[0m[34m => [internal] load metadata for docker.io/library/debian:trixie           0.2s
[0m[34m => [internal] load .dockerignore                                          0.0s
[0m[34m => => transferring context: 2B                                            0.0s
[0m[34m => CACHED [1/2] FROM docker.io/library/debian:trixie@sha256:34cd9e9fd437  0.0s
[0m => [2/2] RUN apt-get update && apt-get --yes upgrade && apt-get install  27.7s
[?25h[1A[1A[1A[1A[1A[1A[1A[1A[0G[?25l[+] Building 28.1s (4/5)                                         docker:default
[34m => [internal] load build definition from Dockerfile                       0.0s
[0m[34m => => transferring dockerfile: 153B                                       0.0s
[0m[34m => [internal] load metadata for docker.io/library/debian:trixie           0.2s
[0m[34m => [internal] load .dockerignore                                          0.0s
[0m[34m => => transferring context: 2B                                            0.0s
[0m[34m => CACHED [1/2] FROM docker.io/library/debian:trixie@sha256:34cd9e9fd437  0.0s
[0m => [2/2] RUN apt-get update && apt-get --yes upgrade && apt-get install  27.8s
[?25h[1A[1A[1A[1A[1A[1A[1A[1A[0G[?25l[+] Building 28.2s (4/5)                                         docker:default
[34m => [internal] load build definition from Dockerfile                       0.0s
[0m[34m => => transferring dockerfile: 153B                                       0.0s
[0m[34m => [internal] load metadata for docker.io/library/debian:trixie           0.2s
[0m[34m => [internal] load .dockerignore                                          0.0s
[0m[34m => => transferring context: 2B                                            0.0s
[0m[34m => CACHED [1/2] FROM docker.io/library/debian:trixie@sha256:34cd9e9fd437  0.0s
[0m => [2/2] RUN apt-get update && apt-get --yes upgrade && apt-get install  28.0s
[?25h[1A[1A[1A[1A[1A[1A[1A[1A[0G[?25l[+] Building 28.3s (5/5)                                         docker:default
[34m => [internal] load build definition from Dockerfile                       0.0s
[0m[34m => => transferring dockerfile: 153B                                       0.0s
[0m[34m => [internal] load metadata for docker.io/library/debian:trixie           0.2s
[0m[34m => [internal] load .dockerignore                                          0.0s
[0m[34m => => transferring context: 2B                                            0.0s
[0m[34m => CACHED [1/2] FROM docker.io/library/debian:trixie@sha256:34cd9e9fd437  0.0s
[0m[34m => [2/2] RUN apt-get update && apt-get --yes upgrade && apt-get install  28.1s
[0m[?25h[1A[1A[1A[1A[1A[1A[1A[1A[0G[?25l[+] Building 28.5s (5/6)                                         docker:default
[34m => => transferring dockerfile: 153B                                       0.0s
[0m[34m => [internal] load metadata for docker.io/library/debian:trixie           0.2s
[0m[34m => [internal] load .dockerignore                                          0.0s
[0m[34m => => transferring context: 2B                                            0.0s
[0m[34m => CACHED [1/2] FROM docker.io/library/debian:trixie@sha256:34cd9e9fd437  0.0s
[0m[34m => [2/2] RUN apt-get update && apt-get --yes upgrade && apt-get install  28.1s
[0m => exporting to image                                                     0.2s
 => => exporting layers                                                    0.2s
[?25h[1A[1A[1A[1A[1A[1A[1A[1A[1A[0G[?25l[+] Building 28.6s (5/6)                                         docker:default
[34m => => transferring dockerfile: 153B                                       0.0s
[0m[34m => [internal] load metadata for docker.io/library/debian:trixie           0.2s
[0m[34m => [internal] load .dockerignore                                          0.0s
[0m[34m => => transferring context: 2B                                            0.0s
[0m[34m => CACHED [1/2] FROM docker.io/library/debian:trixie@sha256:34cd9e9fd437  0.0s
[0m[34m => [2/2] RUN apt-get update && apt-get --yes upgrade && apt-get install  28.1s
[0m => exporting to image                                                     0.3s
 => => exporting layers                                                    0.3s
[?25h[1A[1A[1A[1A[1A[1A[1A[1A[1A[0G[?25l[+] Building 28.8s (5/6)                                         docker:default
[34m => => transferring dockerfile: 153B                                       0.0s
[0m[34m => [internal] load metadata for docker.io/library/debian:trixie           0.2s
[0m[34m => [internal] load .dockerignore                                          0.0s
[0m[34m => => transferring context: 2B                                            0.0s
[0m[34m => CACHED [1/2] FROM docker.io/library/debian:trixie@sha256:34cd9e9fd437  0.0s
[0m[34m => [2/2] RUN apt-get update && apt-get --yes upgrade && apt-get install  28.1s
[0m => exporting to image                                                     0.5s
 => => exporting layers                                                    0.5s
[?25h[1A[1A[1A[1A[1A[1A[1A[1A[1A[0G[?25l[+] Building 28.9s (5/6)                                         docker:default
[34m => => transferring dockerfile: 153B                                       0.0s
[0m[34m => [internal] load metadata for docker.io/library/debian:trixie           0.2s
[0m[34m => [internal] load .dockerignore                                          0.0s
[0m[34m => => transferring context: 2B                                            0.0s
[0m[34m => CACHED [1/2] FROM docker.io/library/debian:trixie@sha256:34cd9e9fd437  0.0s
[0m[34m => [2/2] RUN apt-get update && apt-get --yes upgrade && apt-get install  28.1s
[0m => exporting to image                                                     0.6s
 => => exporting layers                                                    0.6s
[?25h[1A[1A[1A[1A[1A[1A[1A[1A[1A[0G[?25l[+] Building 29.1s (5/6)                                         docker:default
[34m => => transferring dockerfile: 153B                                       0.0s
[0m[34m => [internal] load metadata for docker.io/library/debian:trixie           0.2s
[0m[34m => [internal] load .dockerignore                                          0.0s
[0m[34m => => transferring context: 2B                                            0.0s
[0m[34m => CACHED [1/2] FROM docker.io/library/debian:trixie@sha256:34cd9e9fd437  0.0s
[0m[34m => [2/2] RUN apt-get update && apt-get --yes upgrade && apt-get install  28.1s
[0m => exporting to image                                                     0.8s
 => => exporting layers                                                    0.8s
[?25h[1A[1A[1A[1A[1A[1A[1A[1A[1A[0G[?25l[+] Building 29.2s (5/6)                                         docker:default
[34m => => transferring dockerfile: 153B                                       0.0s
[0m[34m => [internal] load metadata for docker.io/library/debian:trixie           0.2s
[0m[34m => [internal] load .dockerignore                                          0.0s
[0m[34m => => transferring context: 2B                                            0.0s
[0m[34m => CACHED [1/2] FROM docker.io/library/debian:trixie@sha256:34cd9e9fd437  0.0s
[0m[34m => [2/2] RUN apt-get update && apt-get --yes upgrade && apt-get install  28.1s
[0m => exporting to image                                                     0.9s
 => => exporting layers                                                    0.9s
[?25h[1A[1A[1A[1A[1A[1A[1A[1A[1A[0G[?25l[+] Building 29.4s (5/6)                                         docker:default
[34m => => transferring dockerfile: 153B                                       0.0s
[0m[34m => [internal] load metadata for docker.io/library/debian:trixie           0.2s
[0m[34m => [internal] load .dockerignore                                          0.0s
[0m[34m => => transferring context: 2B                                            0.0s
[0m[34m => CACHED [1/2] FROM docker.io/library/debian:trixie@sha256:34cd9e9fd437  0.0s
[0m[34m => [2/2] RUN apt-get update && apt-get --yes upgrade && apt-get install  28.1s
[0m => exporting to image                                                     1.1s
 => => exporting layers                                                    1.1s
[?25h[1A[1A[1A[1A[1A[1A[1A[1A[1A[0G[?25l[+] Building 29.5s (5/6)                                         docker:default
[34m => => transferring dockerfile: 153B                                       0.0s
[0m[34m => [internal] load metadata for docker.io/library/debian:trixie           0.2s
[0m[34m => [internal] load .dockerignore                                          0.0s
[0m[34m => => transferring context: 2B                                            0.0s
[0m[34m => CACHED [1/2] FROM docker.io/library/debian:trixie@sha256:34cd9e9fd437  0.0s
[0m[34m => [2/2] RUN apt-get update && apt-get --yes upgrade && apt-get install  28.1s
[0m => exporting to image                                                     1.2s
 => => exporting layers                                                    1.2s
[?25h[1A[1A[1A[1A[1A[1A[1A[1A[1A[0G[?25l[+] Building 29.7s (5/6)                                         docker:default
[34m => => transferring dockerfile: 153B                                       0.0s
[0m[34m => [internal] load metadata for docker.io/library/debian:trixie           0.2s
[0m[34m => [internal] load .dockerignore                                          0.0s
[0m[34m => => transferring context: 2B                                            0.0s
[0m[34m => CACHED [1/2] FROM docker.io/library/debian:trixie@sha256:34cd9e9fd437  0.0s
[0m[34m => [2/2] RUN apt-get update && apt-get --yes upgrade && apt-get install  28.1s
[0m => exporting to image                                                     1.4s
 => => exporting layers                                                    1.4s
[?25h[1A[1A[1A[1A[1A[1A[1A[1A[1A[0G[?25l[+] Building 29.8s (5/6)                                         docker:default
[34m => => transferring dockerfile: 153B                                       0.0s
[0m[34m => [internal] load metadata for docker.io/library/debian:trixie           0.2s
[0m[34m => [internal] load .dockerignore                                          0.0s
[0m[34m => => transferring context: 2B                                            0.0s
[0m[34m => CACHED [1/2] FROM docker.io/library/debian:trixie@sha256:34cd9e9fd437  0.0s
[0m[34m => [2/2] RUN apt-get update && apt-get --yes upgrade && apt-get install  28.1s
[0m => exporting to image                                                     1.5s
 => => exporting layers                                                    1.5s
[?25h[1A[1A[1A[1A[1A[1A[1A[1A[1A[0G[?25l[+] Building 30.0s (5/6)                                         docker:default
[34m => => transferring dockerfile: 153B                                       0.0s
[0m[34m => [internal] load metadata for docker.io/library/debian:trixie           0.2s
[0m[34m => [internal] load .dockerignore                                          0.0s
[0m[34m => => transferring context: 2B                                            0.0s
[0m[34m => CACHED [1/2] FROM docker.io/library/debian:trixie@sha256:34cd9e9fd437  0.0s
[0m[34m => [2/2] RUN apt-get update && apt-get --yes upgrade && apt-get install  28.1s
[0m => exporting to image                                                     1.7s
 => => exporting layers                                                    1.7s
[?25h[1A[1A[1A[1A[1A[1A[1A[1A[1A[0G[?25l[+] Building 30.1s (5/6)                                         docker:default
[34m => => transferring dockerfile: 153B                                       0.0s
[0m[34m => [internal] load metadata for docker.io/library/debian:trixie           0.2s
[0m[34m => [internal] load .dockerignore                                          0.0s
[0m[34m => => transferring context: 2B                                            0.0s
[0m[34m => CACHED [1/2] FROM docker.io/library/debian:trixie@sha256:34cd9e9fd437  0.0s
[0m[34m => [2/2] RUN apt-get update && apt-get --yes upgrade && apt-get install  28.1s
[0m => exporting to image                                                     1.8s
 => => exporting layers                                                    1.8s
[?25h[1A[1A[1A[1A[1A[1A[1A[1A[1A[0G[?25l[+] Building 30.3s (5/6)                                         docker:default
[34m => => transferring dockerfile: 153B                                       0.0s
[0m[34m => [internal] load metadata for docker.io/library/debian:trixie           0.2s
[0m[34m => [internal] load .dockerignore                                          0.0s
[0m[34m => => transferring context: 2B                                            0.0s
[0m[34m => CACHED [1/2] FROM docker.io/library/debian:trixie@sha256:34cd9e9fd437  0.0s
[0m[34m => [2/2] RUN apt-get update && apt-get --yes upgrade && apt-get install  28.1s
[0m => exporting to image                                                     2.0s
 => => exporting layers                                                    2.0s
[?25h[1A[1A[1A[1A[1A[1A[1A[1A[1A[0G[?25l[+] Building 30.4s (5/6)                                         docker:default
[34m => => transferring dockerfile: 153B                                       0.0s
[0m[34m => [internal] load metadata for docker.io/library/debian:trixie           0.2s
[0m[34m => [internal] load .dockerignore                                          0.0s
[0m[34m => => transferring context: 2B                                            0.0s
[0m[34m => CACHED [1/2] FROM docker.io/library/debian:trixie@sha256:34cd9e9fd437  0.0s
[0m[34m => [2/2] RUN apt-get update && apt-get --yes upgrade && apt-get install  28.1s
[0m => exporting to image                                                     2.1s
 => => exporting layers                                                    2.1s
[?25h[1A[1A[1A[1A[1A[1A[1A[1A[1A[0G[?25l[+] Building 30.6s (5/6)                                         docker:default
[34m => => transferring dockerfile: 153B                                       0.0s
[0m[34m => [internal] load metadata for docker.io/library/debian:trixie           0.2s
[0m[34m => [internal] load .dockerignore                                          0.0s
[0m[34m => => transferring context: 2B                                            0.0s
[0m[34m => CACHED [1/2] FROM docker.io/library/debian:trixie@sha256:34cd9e9fd437  0.0s
[0m[34m => [2/2] RUN apt-get update && apt-get --yes upgrade && apt-get install  28.1s
[0m => exporting to image                                                     2.3s
 => => exporting layers                                                    2.3s
[?25h[1A[1A[1A[1A[1A[1A[1A[1A[1A[0G[?25l[+] Building 30.7s (5/6)                                         docker:default
[34m => => transferring dockerfile: 153B                                       0.0s
[0m[34m => [internal] load metadata for docker.io/library/debian:trixie           0.2s
[0m[34m => [internal] load .dockerignore                                          0.0s
[0m[34m => => transferring context: 2B                                            0.0s
[0m[34m => CACHED [1/2] FROM docker.io/library/debian:trixie@sha256:34cd9e9fd437  0.0s
[0m[34m => [2/2] RUN apt-get update && apt-get --yes upgrade && apt-get install  28.1s
[0m => exporting to image                                                     2.4s
 => => exporting layers                                                    2.4s
[?25h[1A[1A[1A[1A[1A[1A[1A[1A[1A[0G[?25l[+] Building 30.9s (5/6)                                         docker:default
[34m => => transferring dockerfile: 153B                                       0.0s
[0m[34m => [internal] load metadata for docker.io/library/debian:trixie           0.2s
[0m[34m => [internal] load .dockerignore                                          0.0s
[0m[34m => => transferring context: 2B                                            0.0s
[0m[34m => CACHED [1/2] FROM docker.io/library/debian:trixie@sha256:34cd9e9fd437  0.0s
[0m[34m => [2/2] RUN apt-get update && apt-get --yes upgrade && apt-get install  28.1s
[0m => exporting to image                                                     2.6s
 => => exporting layers                                                    2.6s
[?25h[1A[1A[1A[1A[1A[1A[1A[1A[1A[0G[?25l[+] Building 31.0s (5/6)                                         docker:default
[34m => => transferring dockerfile: 153B                                       0.0s
[0m[34m => [internal] load metadata for docker.io/library/debian:trixie           0.2s
[0m[34m => [internal] load .dockerignore                                          0.0s
[0m[34m => => transferring context: 2B                                            0.0s
[0m[34m => CACHED [1/2] FROM docker.io/library/debian:trixie@sha256:34cd9e9fd437  0.0s
[0m[34m => [2/2] RUN apt-get update && apt-get --yes upgrade && apt-get install  28.1s
[0m => exporting to image                                                     2.7s
 => => exporting layers                                                    2.7s
[?25h[1A[1A[1A[1A[1A[1A[1A[1A[1A[0G[?25l[+] Building 31.2s (5/6)                                         docker:default
[34m => => transferring dockerfile: 153B                                       0.0s
[0m[34m => [internal] load metadata for docker.io/library/debian:trixie           0.2s
[0m[34m => [internal] load .dockerignore                                          0.0s
[0m[34m => => transferring context: 2B                                            0.0s
[0m[34m => CACHED [1/2] FROM docker.io/library/debian:trixie@sha256:34cd9e9fd437  0.0s
[0m[34m => [2/2] RUN apt-get update && apt-get --yes upgrade && apt-get install  28.1s
[0m => exporting to image                                                     2.9s
 => => exporting layers                                                    2.9s
[?25h[1A[1A[1A[1A[1A[1A[1A[1A[1A[0G[?25l[+] Building 31.3s (5/6)                                         docker:default
[34m => => transferring dockerfile: 153B                                       0.0s
[0m[34m => [internal] load metadata for docker.io/library/debian:trixie           0.2s
[0m[34m => [internal] load .dockerignore                                          0.0s
[0m[34m => => transferring context: 2B                                            0.0s
[0m[34m => CACHED [1/2] FROM docker.io/library/debian:trixie@sha256:34cd9e9fd437  0.0s
[0m[34m => [2/2] RUN apt-get update && apt-get --yes upgrade && apt-get install  28.1s
[0m => exporting to image                                                     3.0s
 => => exporting layers                                                    3.0s
[?25h[1A[1A[1A[1A[1A[1A[1A[1A[1A[0G[?25l[+] Building 31.5s (5/6)                                         docker:default
[34m => => transferring dockerfile: 153B                                       0.0s
[0m[34m => [internal] load metadata for docker.io/library/debian:trixie           0.2s
[0m[34m => [internal] load .dockerignore                                          0.0s
[0m[34m => => transferring context: 2B                                            0.0s
[0m[34m => CACHED [1/2] FROM docker.io/library/debian:trixie@sha256:34cd9e9fd437  0.0s
[0m[34m => [2/2] RUN apt-get update && apt-get --yes upgrade && apt-get install  28.1s
[0m => exporting to image                                                     3.2s
 => => exporting layers                                                    3.2s
[?25h[1A[1A[1A[1A[1A[1A[1A[1A[1A[0G[?25l[+] Building 31.6s (5/6)                                         docker:default
[34m => => transferring dockerfile: 153B                                       0.0s
[0m[34m => [internal] load metadata for docker.io/library/debian:trixie           0.2s
[0m[34m => [internal] load .dockerignore                                          0.0s
[0m[34m => => transferring context: 2B                                            0.0s
[0m[34m => CACHED [1/2] FROM docker.io/library/debian:trixie@sha256:34cd9e9fd437  0.0s
[0m[34m => [2/2] RUN apt-get update && apt-get --yes upgrade && apt-get install  28.1s
[0m => exporting to image                                                     3.3s
[34m => => exporting layers                                                    3.3s
[0m[?25h[1A[1A[1A[1A[1A[1A[1A[1A[1A[0G[?25l[+] Building 31.6s (6/6) FINISHED                                docker:default
[34m => [internal] load build definition from Dockerfile                       0.0s
[0m[34m => => transferring dockerfile: 153B                                       0.0s
[0m[34m => [internal] load metadata for docker.io/library/debian:trixie           0.2s
[0m[34m => [internal] load .dockerignore                                          0.0s
[0m[34m => => transferring context: 2B                                            0.0s
[0m[34m => CACHED [1/2] FROM docker.io/library/debian:trixie@sha256:34cd9e9fd437  0.0s
[0m[34m => [2/2] RUN apt-get update && apt-get --yes upgrade && apt-get install  28.1s
[0m[34m => exporting to image                                                     3.3s
[0m[34m => => exporting layers                                                    3.3s
[0m[34m => => writing image sha256:049c50e48f9f62d29720c84d03005c61c25a2be325917  0.0s
[0m[34m => => naming to fpf.local/sd-client-lintian-trixie                        0.0s
[0m[?25h+ docker run --rm --user=root -v /home/runner/work/securedrop-client/securedrop-client:/src:Z -it -v /tmp/tmp.yj0agFZF2p:/build:Z fpf.local/sd-client-lintian-trixie bash -c 'lintian --version && lintian             --info --tag-display-limit 0             --fail-on warning --fail-on error             /build/*.changes             && echo OK'
Lintian v2.122.0
running with root privileges is not recommended!
OK
+ rm -rf /tmp/tmp.yj0agFZF2p
+ echo 'Build completed successfully. Artifacts and their checksums are:'
Build completed successfully. Artifacts and their checksums are:
+ sha256sum build/securedrop-app_1.7.0~rc1.dev20260805193300+trixie_amd64.deb build/securedrop-export_1.7.0~rc1.dev20260805193300+trixie_all.deb build/securedrop-gpg-config_1.7.0~rc1.dev20260805193300+trixie_all.deb build/securedrop-keyring_1.7.0~rc1.dev20260805193300+trixie_all.deb build/securedrop-log_1.7.0~rc1.dev20260805193300+trixie_all.deb build/securedrop-proxy-dbgsym_1.7.0~rc1.dev20260805193300+trixie_amd64.deb build/securedrop-proxy_1.7.0~rc1.dev20260805193300+trixie_amd64.deb build/securedrop-workstation-config_1.7.0~rc1.dev20260805193300+trixie_all.deb build/securedrop-workstation-viewer_1.7.0~rc1.dev20260805193300+trixie_all.deb
ebf6780fa41fc031f8716c30d9d2e6115139a54d3455c17d82427d096d9c7f2c  build/securedrop-app_1.7.0~rc1.dev20260805193300+trixie_amd64.deb
a1d1369d1d516ea8ffbb9996799b909006405016bbbe02dac1c16976e2ab0b24  build/securedrop-export_1.7.0~rc1.dev20260805193300+trixie_all.deb
875977a827aafca8227736d378edd63504d806dd0cdf8746c8c9062627c1b9e5  build/securedrop-gpg-config_1.7.0~rc1.dev20260805193300+trixie_all.deb
604fed11c95ffc053ea4e139bd818d8eca81bb0f33a9dd647b69a6122c10fab4  build/securedrop-keyring_1.7.0~rc1.dev20260805193300+trixie_all.deb
bbd31e3f9aa79caab179e76c37e95407c215eaeda2d7e90b01cfd0919e981fe8  build/securedrop-log_1.7.0~rc1.dev20260805193300+trixie_all.deb
adf03bc9562358a4f40b39a44975be9137323bff1c29a76f0a9638818955c79c  build/securedrop-proxy-dbgsym_1.7.0~rc1.dev20260805193300+trixie_amd64.deb
e75486f817af07374eeacb16ecb29e89ad96b76106fff833a83a41d6212d0d38  build/securedrop-proxy_1.7.0~rc1.dev20260805193300+trixie_amd64.deb
9f829e835eacec8b47b7b38a562f3a344bf369f0e60d1ba0aecc214320161a84  build/securedrop-workstation-config_1.7.0~rc1.dev20260805193300+trixie_all.deb
283df7b1168f8033a13f1beaf2dc6bc26acacb02c01e0a88b583a402fd5fc98f  build/securedrop-workstation-viewer_1.7.0~rc1.dev20260805193300+trixie_all.deb

Script done on 2026-08-05 19:37:10+00:00 [COMMAND_EXIT_CODE="0"]
